T type,T type class,Dataset,T type sub-class,Specimen ID
Sst Hpse Cbln4,MGE interneuron,New Patchseq,Sst interneuron,804968066
Sst Tac2 Tacstd2,MGE interneuron,New Patchseq,Sst interneuron,808824183
Sst Esm1,MGE interneuron,New Patchseq,Sst interneuron,849535368
Sncg Vip Itih5,CGE interneuron,New Patchseq,Sncg interneuron,861769605
Pvalb Gpr149 Islr,MGE interneuron,New Patchseq,Pvalb interneuron,825269133
Sst Calb2 Pdlim5,MGE interneuron,New Patchseq,Sst interneuron,739558698
Sncg Vip Nptx2,CGE interneuron,New Patchseq,Sncg interneuron,714485370
Sst Crhr2 Efemp1,MGE interneuron,New Patchseq,Sst interneuron,669047778
Sncg Gpr50,CGE interneuron,New Patchseq,Sncg interneuron,941868688
Pvalb Sema3e Kank4,MGE interneuron,New Patchseq,Pvalb interneuron,697795277
Pvalb Gabrg1,MGE interneuron,New Patchseq,Pvalb interneuron,669072736
Sncg Gpr50,CGE interneuron,New Patchseq,Sncg interneuron,652516963
Pvalb Sema3e Kank4,MGE interneuron,New Patchseq,Pvalb interneuron,718188717
Sst Chrna2 Glra3,MGE interneuron,New Patchseq,Sst interneuron,673427380
Pvalb Th Sst,MGE interneuron,New Patchseq,Pvalb interneuron,657984709
Pvalb Sema3e Kank4,MGE interneuron,New Patchseq,Pvalb interneuron,652306478
Sst Nts,MGE interneuron,New Patchseq,Sst interneuron,740110275
Lamp5 Ntn1 Npy2r,CGE interneuron,New Patchseq,Lamp5 interneuron,731882356
Vip Col15a1 Pde1a,CGE interneuron,New Patchseq,Vip interneuron,743458377
Sst Mme Fam114a1,MGE interneuron,New Patchseq,Sst interneuron,812996960
Sst Chodl,MGE interneuron,New Patchseq,Sst Chodl interneuron,640061596
Serpinf1 Aqp5 Vip,CGE interneuron,New Patchseq,Sncg interneuron,813500978
Sst Crhr2 Efemp1,MGE interneuron,New Patchseq,Sst interneuron,685624703
Sst Chrna2 Ptgdr,MGE interneuron,New Patchseq,Sst interneuron,760416458
Vip Lmo1 Fam159b,CGE interneuron,New Patchseq,Vip interneuron,700413526
Sst Chodl,MGE interneuron,New Patchseq,Sst Chodl interneuron,711464852
Pvalb Gabrg1,MGE interneuron,New Patchseq,Pvalb interneuron,689280134
Sst Tac1 Htr1d,MGE interneuron,New Patchseq,Sst interneuron,760280955
Sst Myh8 Etv1,MGE interneuron,New Patchseq,Sst interneuron,740134630
Pvalb Tpbg,MGE interneuron,New Patchseq,Pvalb interneuron,809006343
Sst Rxfp1 Prdm8,MGE interneuron,New Patchseq,Sst interneuron,688115867
Sncg Vip Itih5,CGE interneuron,New Patchseq,Sncg interneuron,941802910
Pvalb Akr1c18 Ntf3,MGE interneuron,New Patchseq,Pvalb interneuron,853882442
Lamp5 Plch2 Dock5,CGE interneuron,New Patchseq,Lamp5 interneuron,731917470
Pvalb Reln Tac1,MGE interneuron,New Patchseq,Pvalb interneuron,766097293
Sst Chodl,MGE interneuron,New Patchseq,Sst Chodl interneuron,843366621
Sst Hpse Cbln4,MGE interneuron,New Patchseq,Sst interneuron,746924803
Sst Crhr2 Efemp1,MGE interneuron,New Patchseq,Sst interneuron,707162377
Vip Gpc3 Slc18a3,CGE interneuron,New Patchseq,Vip interneuron,601506507
Sncg Gpr50,CGE interneuron,New Patchseq,Sncg interneuron,859621160
Sst Hpse Sema3c,MGE interneuron,New Patchseq,Sst interneuron,759909292
Sncg Gpr50,CGE interneuron,New Patchseq,Sncg interneuron,941794256
Vip Ptprt Pkp2,CGE interneuron,New Patchseq,Vip interneuron,761297232
Sst Myh8 Etv1,MGE interneuron,New Patchseq,Sst interneuron,751199266
Pvalb Reln Itm2a,MGE interneuron,New Patchseq,Pvalb interneuron,761429710
Pvalb Sema3e Kank4,MGE interneuron,New Patchseq,Pvalb interneuron,692821749
Sst Chodl,MGE interneuron,New Patchseq,Sst Chodl interneuron,786176775
Sst Hpse Cbln4,MGE interneuron,New Patchseq,Sst interneuron,657983207
Sst Calb2 Pdlim5,MGE interneuron,New Patchseq,Sst interneuron,739539292
Lamp5 Fam19a1 Tmem182,CGE interneuron,New Patchseq,Lamp5 interneuron,644941196
Sncg Vip Itih5,CGE interneuron,New Patchseq,Sncg interneuron,861736319
Sst Nts,MGE interneuron,New Patchseq,Sst interneuron,694162255
Sncg Gpr50,CGE interneuron,New Patchseq,Sncg interneuron,763912380
Sst Calb2 Necab1,MGE interneuron,New Patchseq,Sst interneuron,728756295
Vip Lmo1 Myl1,CGE interneuron,New Patchseq,Vip interneuron,898703349
Sst Calb2 Pdlim5,MGE interneuron,New Patchseq,Sst interneuron,745692039
Sst Tac2 Tacstd2,MGE interneuron,New Patchseq,Sst interneuron,746747868
Sst Chodl,MGE interneuron,New Patchseq,Sst Chodl interneuron,873854264
Sst Esm1,MGE interneuron,New Patchseq,Sst interneuron,652533530
Pvalb Calb1 Sst,MGE interneuron,New Patchseq,Pvalb interneuron,659012847
Sst Tac1 Tacr3,MGE interneuron,New Patchseq,Sst interneuron,659395808
Sst Hpse Sema3c,MGE interneuron,New Patchseq,Sst interneuron,849607183
Pvalb Sema3e Kank4,MGE interneuron,New Patchseq,Pvalb interneuron,698042345
Pvalb Reln Itm2a,MGE interneuron,New Patchseq,Pvalb interneuron,646805498
Sst Hpse Sema3c,MGE interneuron,New Patchseq,Sst interneuron,752042986
Pvalb Th Sst,MGE interneuron,New Patchseq,Pvalb interneuron,644571405
Sst Tac1 Htr1d,MGE interneuron,New Patchseq,Sst interneuron,746200101
Pvalb Calb1 Sst,MGE interneuron,New Patchseq,Pvalb interneuron,760064682
Pvalb Gpr149 Islr,MGE interneuron,New Patchseq,Pvalb interneuron,663193112
Sst Esm1,MGE interneuron,New Patchseq,Sst interneuron,702051128
Sst Calb2 Pdlim5,MGE interneuron,New Patchseq,Sst interneuron,674069192
Lamp5 Lsp1,CGE interneuron,New Patchseq,Lamp5 interneuron,667492234
Lamp5 Lsp1,CGE interneuron,New Patchseq,Lamp5 interneuron,823681740
Sst Tac1 Htr1d,MGE interneuron,New Patchseq,Sst interneuron,669825289
Sst Chodl,MGE interneuron,New Patchseq,Sst Chodl interneuron,786135798
Pvalb Reln Itm2a,MGE interneuron,New Patchseq,Pvalb interneuron,821907565
Sst Tac2 Myh4,MGE interneuron,New Patchseq,Sst interneuron,740660643
Sst Chrna2 Ptgdr,MGE interneuron,New Patchseq,Sst interneuron,863585604
Sncg Gpr50,CGE interneuron,New Patchseq,Sncg interneuron,857223181
Sncg Vip Itih5,CGE interneuron,New Patchseq,Sncg interneuron,714936352
Pvalb Tpbg,MGE interneuron,New Patchseq,Pvalb interneuron,623415197
Sst Crhr2 Efemp1,MGE interneuron,New Patchseq,Sst interneuron,658012080
Vip Pygm C1ql1,CGE interneuron,New Patchseq,Vip interneuron,604646725
Sst Calb2 Pdlim5,MGE interneuron,New Patchseq,Sst interneuron,661492805
Sst Chodl,MGE interneuron,New Patchseq,Sst Chodl interneuron,701075567
Pvalb Tpbg,MGE interneuron,New Patchseq,Pvalb interneuron,762590075
Sst Rxfp1 Eya1,MGE interneuron,New Patchseq,Sst interneuron,750833190
Lamp5 Lsp1,CGE interneuron,New Patchseq,Lamp5 interneuron,691685873
Sst Crh 4930553C11Rik,MGE interneuron,New Patchseq,Sst interneuron,708221965
Sst Hpse Sema3c,MGE interneuron,New Patchseq,Sst interneuron,710920450
Sst Chodl,MGE interneuron,New Patchseq,Sst Chodl interneuron,643754730
Vip Crispld2 Kcne4,CGE interneuron,New Patchseq,Vip interneuron,605160536
Sst Crhr2 Efemp1,MGE interneuron,New Patchseq,Sst interneuron,740649731
Sst Hpse Cbln4,MGE interneuron,New Patchseq,Sst interneuron,760268259
Sst Tac1 Tacr3,MGE interneuron,New Patchseq,Sst interneuron,647045788
Sst Hpse Cbln4,MGE interneuron,New Patchseq,Sst interneuron,692083084
Pvalb Reln Itm2a,MGE interneuron,New Patchseq,Pvalb interneuron,730744363
Sst Mme Fam114a1,MGE interneuron,New Patchseq,Sst interneuron,744476851
Sst Tac1 Htr1d,MGE interneuron,New Patchseq,Sst interneuron,668337999
Pvalb Gabrg1,MGE interneuron,New Patchseq,Pvalb interneuron,694419620
Lamp5 Plch2 Dock5,CGE interneuron,New Patchseq,Lamp5 interneuron,826712572
Sncg Vip Itih5,CGE interneuron,New Patchseq,Sncg interneuron,946190769
Lamp5 Lsp1,CGE interneuron,New Patchseq,Lamp5 interneuron,764902707
Sst Myh8 Etv1,MGE interneuron,New Patchseq,Sst interneuron,731683221
Sst Calb2 Pdlim5,MGE interneuron,New Patchseq,Sst interneuron,722821387
Sst Mme Fam114a1,MGE interneuron,New Patchseq,Sst interneuron,742009621
Pvalb Tpbg,MGE interneuron,New Patchseq,Pvalb interneuron,718257664
Sst Rxfp1 Prdm8,MGE interneuron,New Patchseq,Sst interneuron,844965212
Pvalb Akr1c18 Ntf3,MGE interneuron,New Patchseq,Pvalb interneuron,958930508
Sst Chrna2 Glra3,MGE interneuron,New Patchseq,Sst interneuron,687907602
Sst Calb2 Pdlim5,MGE interneuron,New Patchseq,Sst interneuron,760961855
Lamp5 Ntn1 Npy2r,CGE interneuron,New Patchseq,Lamp5 interneuron,823719680
Pvalb Gabrg1,MGE interneuron,New Patchseq,Pvalb interneuron,680108584
Sncg Vip Nptx2,CGE interneuron,New Patchseq,Sncg interneuron,855791035
Pvalb Calb1 Sst,MGE interneuron,New Patchseq,Pvalb interneuron,718656998
Sst Calb2 Pdlim5,MGE interneuron,New Patchseq,Sst interneuron,669074640
Vip Rspo4 Rxfp1 Chat,CGE interneuron,New Patchseq,Vip interneuron,657185355
Sst Tac2 Tacstd2,MGE interneuron,New Patchseq,Sst interneuron,718640845
Sst Rxfp1 Eya1,MGE interneuron,New Patchseq,Sst interneuron,718135969
Sst Crhr2 Efemp1,MGE interneuron,New Patchseq,Sst interneuron,803605276
Vip Crispld2 Kcne4,CGE interneuron,New Patchseq,Vip interneuron,694183636
Sst Chodl,MGE interneuron,New Patchseq,Sst Chodl interneuron,670340941
Pvalb Sema3e Kank4,MGE interneuron,New Patchseq,Pvalb interneuron,653327513
Pvalb Tpbg,MGE interneuron,New Patchseq,Pvalb interneuron,699495755
Sst Hpse Sema3c,MGE interneuron,New Patchseq,Sst interneuron,808875776
Sst Myh8 Etv1,MGE interneuron,New Patchseq,Sst interneuron,750472605
Pvalb Tpbg,MGE interneuron,New Patchseq,Pvalb interneuron,699448311
Vip Lmo1 Myl1,CGE interneuron,New Patchseq,Vip interneuron,605060256
Vip Crispld2 Htr2c,CGE interneuron,New Patchseq,Vip interneuron,743504177
Sst Nr2f2 Necab1,MGE interneuron,New Patchseq,Sst interneuron,821774757
Sst Calb2 Necab1,MGE interneuron,New Patchseq,Sst interneuron,842841654
Lamp5 Plch2 Dock5,CGE interneuron,New Patchseq,Lamp5 interneuron,739810705
Pvalb Akr1c18 Ntf3,MGE interneuron,New Patchseq,Pvalb interneuron,694220357
Sst Crh 4930553C11Rik,MGE interneuron,New Patchseq,Sst interneuron,703283610
Sst Esm1,MGE interneuron,New Patchseq,Sst interneuron,729135271
Pvalb Tpbg,MGE interneuron,New Patchseq,Pvalb interneuron,764872932
Sst Rxfp1 Prdm8,MGE interneuron,New Patchseq,Sst interneuron,743012953
Sst Crhr2 Efemp1,MGE interneuron,New Patchseq,Sst interneuron,720678722
Pvalb Reln Itm2a,MGE interneuron,New Patchseq,Pvalb interneuron,818792182
Sst Calb2 Pdlim5,MGE interneuron,New Patchseq,Sst interneuron,657675492
Sst Nts,MGE interneuron,New Patchseq,Sst interneuron,750824726
Vip Igfbp4 Mab21l1,CGE interneuron,New Patchseq,Vip interneuron,639004612
Lamp5 Ntn1 Npy2r,CGE interneuron,New Patchseq,Lamp5 interneuron,638212024
Sst Tac1 Tacr3,MGE interneuron,New Patchseq,Sst interneuron,705278421
Sst Mme Fam114a1,MGE interneuron,New Patchseq,Sst interneuron,707424705
Sncg Slc17a8,CGE interneuron,New Patchseq,Sncg interneuron,992830261
Sst Crhr2 Efemp1,MGE interneuron,New Patchseq,Sst interneuron,685636842
Sst Nr2f2 Necab1,MGE interneuron,New Patchseq,Sst interneuron,649387261
Pvalb Th Sst,MGE interneuron,New Patchseq,Pvalb interneuron,703565379
Sst Esm1,MGE interneuron,New Patchseq,Sst interneuron,795530674
Sst Esm1,MGE interneuron,New Patchseq,Sst interneuron,639708328
Lamp5 Ntn1 Npy2r,CGE interneuron,New Patchseq,Lamp5 interneuron,648582997
Sst Crhr2 Efemp1,MGE interneuron,New Patchseq,Sst interneuron,718647510
Sst Chodl,MGE interneuron,New Patchseq,Sst Chodl interneuron,643727497
Pvalb Sema3e Kank4,MGE interneuron,New Patchseq,Pvalb interneuron,754508194
Sst Calb2 Pdlim5,MGE interneuron,New Patchseq,Sst interneuron,788296224
Sst Nr2f2 Necab1,MGE interneuron,New Patchseq,Sst interneuron,711903629
Vip Lect1 Oxtr,CGE interneuron,New Patchseq,Vip interneuron,644920227
Sncg Vip Itih5,CGE interneuron,New Patchseq,Sncg interneuron,862596299
Pvalb Gabrg1,MGE interneuron,New Patchseq,Pvalb interneuron,680048186
Sst Rxfp1 Prdm8,MGE interneuron,New Patchseq,Sst interneuron,697502029
Sst Calb2 Necab1,MGE interneuron,New Patchseq,Sst interneuron,601810307
Sst Rxfp1 Prdm8,MGE interneuron,New Patchseq,Sst interneuron,692015490
Sst Esm1,MGE interneuron,New Patchseq,Sst interneuron,710338421
Sst Nts,MGE interneuron,New Patchseq,Sst interneuron,693009119
Pvalb Vipr2,MGE interneuron,New Patchseq,Pvalb interneuron,992268582
Sncg Vip Itih5,CGE interneuron,New Patchseq,Sncg interneuron,743001170
Vip Chat Htr1f,CGE interneuron,New Patchseq,Vip interneuron,764879591
Lamp5 Plch2 Dock5,CGE interneuron,New Patchseq,Lamp5 interneuron,717637005
Sst Rxfp1 Prdm8,MGE interneuron,New Patchseq,Sst interneuron,760821319
Sst Crhr2 Efemp1,MGE interneuron,New Patchseq,Sst interneuron,722795299
Sst Chrna2 Ptgdr,MGE interneuron,New Patchseq,Sst interneuron,660050258
Sst Tac1 Tacr3,MGE interneuron,New Patchseq,Sst interneuron,823253200
Pvalb Tpbg,MGE interneuron,New Patchseq,Pvalb interneuron,606098116
Sst Crhr2 Efemp1,MGE interneuron,New Patchseq,Sst interneuron,718205473
Pvalb Gpr149 Islr,MGE interneuron,New Patchseq,Pvalb interneuron,763378303
Sst Esm1,MGE interneuron,New Patchseq,Sst interneuron,766591236
Sst Myh8 Etv1,MGE interneuron,New Patchseq,Sst interneuron,639881631
Lamp5 Fam19a1 Pax6,CGE interneuron,New Patchseq,Lamp5 interneuron,764341238
Sst Calb2 Pdlim5,MGE interneuron,New Patchseq,Sst interneuron,808537562
Vip Pygm C1ql1,CGE interneuron,New Patchseq,Vip interneuron,715159651
Pvalb Sema3e Kank4,MGE interneuron,New Patchseq,Pvalb interneuron,698586385
Sncg Gpr50,CGE interneuron,New Patchseq,Sncg interneuron,993245688
Sst Myh8 Etv1,MGE interneuron,New Patchseq,Sst interneuron,731733715
Sst Hpse Cbln4,MGE interneuron,New Patchseq,Sst interneuron,739792780
Sst Calb2 Pdlim5,MGE interneuron,New Patchseq,Sst interneuron,809338969
Vip Crispld2 Kcne4,CGE interneuron,New Patchseq,Vip interneuron,797722932
Sst Chodl,MGE interneuron,New Patchseq,Sst Chodl interneuron,659405868
Pvalb Reln Itm2a,MGE interneuron,New Patchseq,Pvalb interneuron,764726542
Lamp5 Ntn1 Npy2r,CGE interneuron,New Patchseq,Lamp5 interneuron,764902677
Sncg Vip Nptx2,CGE interneuron,New Patchseq,Sncg interneuron,714755043
Sncg Gpr50,CGE interneuron,New Patchseq,Sncg interneuron,941846857
Pvalb Reln Itm2a,MGE interneuron,New Patchseq,Pvalb interneuron,698086962
Sst Nr2f2 Necab1,MGE interneuron,New Patchseq,Sst interneuron,821788449
Sst Hpse Cbln4,MGE interneuron,New Patchseq,Sst interneuron,659413418
Pvalb Tpbg,MGE interneuron,New Patchseq,Pvalb interneuron,639818525
Sst Hpse Sema3c,MGE interneuron,New Patchseq,Sst interneuron,780005520
Lamp5 Plch2 Dock5,CGE interneuron,New Patchseq,Lamp5 interneuron,669523148
Vip Crispld2 Kcne4,CGE interneuron,New Patchseq,Vip interneuron,692777680
Sst Tac1 Tacr3,MGE interneuron,New Patchseq,Sst interneuron,795563325
Pvalb Gabrg1,MGE interneuron,New Patchseq,Pvalb interneuron,694437359
Vip Lect1 Oxtr,CGE interneuron,New Patchseq,Vip interneuron,696115308
Sncg Gpr50,CGE interneuron,New Patchseq,Sncg interneuron,913928092
Vip Lmo1 Myl1,CGE interneuron,New Patchseq,Vip interneuron,744053590
Vip Col15a1 Pde1a,CGE interneuron,New Patchseq,Vip interneuron,760316107
Sst Calb2 Pdlim5,MGE interneuron,New Patchseq,Sst interneuron,657999088
Sst Chodl,MGE interneuron,New Patchseq,Sst Chodl interneuron,740875222
Vip Lmo1 Fam159b,CGE interneuron,New Patchseq,Vip interneuron,744211669
Vip Pygm C1ql1,CGE interneuron,New Patchseq,Vip interneuron,709219898
Sst Esm1,MGE interneuron,New Patchseq,Sst interneuron,863604233
Lamp5 Lsp1,CGE interneuron,New Patchseq,Lamp5 interneuron,652300499
Sncg Slc17a8,CGE interneuron,New Patchseq,Sncg interneuron,941824942
Lamp5 Plch2 Dock5,CGE interneuron,New Patchseq,Lamp5 interneuron,746086313
Sst Myh8 Etv1,MGE interneuron,New Patchseq,Sst interneuron,705570328
Sst Rxfp1 Prdm8,MGE interneuron,New Patchseq,Sst interneuron,751991773
Pvalb Tpbg,MGE interneuron,New Patchseq,Pvalb interneuron,682454193
Sst Crh 4930553C11Rik,MGE interneuron,New Patchseq,Sst interneuron,718643723
Sst Hpse Cbln4,MGE interneuron,New Patchseq,Sst interneuron,740780456
Vip Crispld2 Kcne4,CGE interneuron,New Patchseq,Vip interneuron,759751429
Vip Pygm C1ql1,CGE interneuron,New Patchseq,Vip interneuron,761304075
Sst Tac2 Myh4,MGE interneuron,New Patchseq,Sst interneuron,639809582
Vip Crispld2 Kcne4,CGE interneuron,New Patchseq,Vip interneuron,736884821
Sst Hpse Sema3c,MGE interneuron,New Patchseq,Sst interneuron,656901554
Sst Tac1 Htr1d,MGE interneuron,New Patchseq,Sst interneuron,623434306
Lamp5 Plch2 Dock5,CGE interneuron,New Patchseq,Lamp5 interneuron,827447865
Vip Crispld2 Kcne4,CGE interneuron,New Patchseq,Vip interneuron,643021973
Sst Tac1 Htr1d,MGE interneuron,New Patchseq,Sst interneuron,745736817
Lamp5 Krt73,CGE interneuron,New Patchseq,Lamp5 interneuron,855275163
Pvalb Gpr149 Islr,MGE interneuron,New Patchseq,Pvalb interneuron,755625739
Sncg Vip Itih5,CGE interneuron,New Patchseq,Sncg interneuron,716298521
Pvalb Reln Itm2a,MGE interneuron,New Patchseq,Pvalb interneuron,670091720
Sst Rxfp1 Eya1,MGE interneuron,New Patchseq,Sst interneuron,740819727
Sst Rxfp1 Eya1,MGE interneuron,New Patchseq,Sst interneuron,668176228
Sst Hpse Cbln4,MGE interneuron,New Patchseq,Sst interneuron,626153003
Pvalb Akr1c18 Ntf3,MGE interneuron,New Patchseq,Pvalb interneuron,872026690
Sst Esm1,MGE interneuron,New Patchseq,Sst interneuron,750706642
Vip Rspo4 Rxfp1 Chat,CGE interneuron,New Patchseq,Vip interneuron,691511791
Sst Myh8 Etv1,MGE interneuron,New Patchseq,Sst interneuron,673132928
Sncg Vip Nptx2,CGE interneuron,New Patchseq,Sncg interneuron,799776604
Pvalb Sema3e Kank4,MGE interneuron,New Patchseq,Pvalb interneuron,718237581
Sst Calb2 Pdlim5,MGE interneuron,New Patchseq,Sst interneuron,711770582
Lamp5 Lsp1,CGE interneuron,New Patchseq,Lamp5 interneuron,761409397
Vip Pygm C1ql1,CGE interneuron,New Patchseq,Vip interneuron,739547189
Vip Rspo4 Rxfp1 Chat,CGE interneuron,New Patchseq,Vip interneuron,657184390
Sst Hpse Cbln4,MGE interneuron,New Patchseq,Sst interneuron,679899997
Sst Crhr2 Efemp1,MGE interneuron,New Patchseq,Sst interneuron,657661669
Vip Lect1 Oxtr,CGE interneuron,New Patchseq,Vip interneuron,640280740
Vip Pygm C1ql1,CGE interneuron,New Patchseq,Vip interneuron,755592855
Sst Tac1 Htr1d,MGE interneuron,New Patchseq,Sst interneuron,872248529
Pvalb Reln Itm2a,MGE interneuron,New Patchseq,Pvalb interneuron,692824134
Pvalb Reln Itm2a,MGE interneuron,New Patchseq,Pvalb interneuron,614728680
Sst Mme Fam114a1,MGE interneuron,New Patchseq,Sst interneuron,667473785
Sst Tac1 Htr1d,MGE interneuron,New Patchseq,Sst interneuron,820754704
Vip Pygm C1ql1,CGE interneuron,New Patchseq,Vip interneuron,836844418
Sst Hpse Cbln4,MGE interneuron,New Patchseq,Sst interneuron,652958762
Pvalb Reln Itm2a,MGE interneuron,New Patchseq,Pvalb interneuron,740164794
Lamp5 Fam19a1 Pax6,CGE interneuron,New Patchseq,Lamp5 interneuron,993243528
Sst Esm1,MGE interneuron,New Patchseq,Sst interneuron,731651186
Sst Rxfp1 Eya1,MGE interneuron,New Patchseq,Sst interneuron,846902552
Sst Esm1,MGE interneuron,New Patchseq,Sst interneuron,863631899
Sst Calb2 Necab1,MGE interneuron,New Patchseq,Sst interneuron,710784375
Pvalb Tpbg,MGE interneuron,New Patchseq,Pvalb interneuron,809649556
Vip Chat Htr1f,CGE interneuron,New Patchseq,Vip interneuron,755625849
Sncg Gpr50,CGE interneuron,New Patchseq,Sncg interneuron,941935110
Pvalb Vipr2,MGE interneuron,New Patchseq,Pvalb interneuron,829170676
Sst Esm1,MGE interneuron,New Patchseq,Sst interneuron,692565557
Pvalb Akr1c18 Ntf3,MGE interneuron,New Patchseq,Pvalb interneuron,645355846
Vip Lmo1 Myl1,CGE interneuron,New Patchseq,Vip interneuron,761820827
Lamp5 Plch2 Dock5,CGE interneuron,New Patchseq,Lamp5 interneuron,645169930
Sst Tac1 Htr1d,MGE interneuron,New Patchseq,Sst interneuron,844757902
Sncg Gpr50,CGE interneuron,New Patchseq,Sncg interneuron,858255768
Sst Myh8 Etv1,MGE interneuron,New Patchseq,Sst interneuron,760011270
Sst Calb2 Necab1,MGE interneuron,New Patchseq,Sst interneuron,645057881
Pvalb Vipr2,MGE interneuron,New Patchseq,Pvalb interneuron,606271263
Sst Tac1 Htr1d,MGE interneuron,New Patchseq,Sst interneuron,740872967
Sst Tac1 Htr1d,MGE interneuron,New Patchseq,Sst interneuron,710730520
Sst Tac2 Tacstd2,MGE interneuron,New Patchseq,Sst interneuron,661319074
Vip Ptprt Pkp2,CGE interneuron,New Patchseq,Vip interneuron,693265371
Pvalb Vipr2,MGE interneuron,New Patchseq,Pvalb interneuron,606308411
Sncg Gpr50,CGE interneuron,New Patchseq,Sncg interneuron,993283588
Vip Crispld2 Kcne4,CGE interneuron,New Patchseq,Vip interneuron,739570508
Vip Lect1 Oxtr,CGE interneuron,New Patchseq,Vip interneuron,760437219
Sst Esm1,MGE interneuron,New Patchseq,Sst interneuron,808882292
Lamp5 Lsp1,CGE interneuron,New Patchseq,Lamp5 interneuron,707666779
Sst Calb2 Pdlim5,MGE interneuron,New Patchseq,Sst interneuron,602231708
Vip Chat Htr1f,CGE interneuron,New Patchseq,Vip interneuron,760890074
Sst Crh 4930553C11Rik,MGE interneuron,New Patchseq,Sst interneuron,661318431
Sst Hpse Cbln4,MGE interneuron,New Patchseq,Sst interneuron,752027250
Pvalb Reln Itm2a,MGE interneuron,New Patchseq,Pvalb interneuron,714046701
Lamp5 Lsp1,CGE interneuron,New Patchseq,Lamp5 interneuron,887156236
Lamp5 Plch2 Dock5,CGE interneuron,New Patchseq,Lamp5 interneuron,827347629
Sst Mme Fam114a1,MGE interneuron,New Patchseq,Sst interneuron,718494231
Sst Hpse Sema3c,MGE interneuron,New Patchseq,Sst interneuron,643702874
Sst Crhr2 Efemp1,MGE interneuron,New Patchseq,Sst interneuron,750776506
Lamp5 Plch2 Dock5,CGE interneuron,New Patchseq,Lamp5 interneuron,764897253
Sst Tac1 Htr1d,MGE interneuron,New Patchseq,Sst interneuron,741788179
Sst Hpse Cbln4,MGE interneuron,New Patchseq,Sst interneuron,741785767
Sst Crh 4930553C11Rik,MGE interneuron,New Patchseq,Sst interneuron,640111844
Sst Calb2 Pdlim5,MGE interneuron,New Patchseq,Sst interneuron,740380531
Sst Rxfp1 Eya1,MGE interneuron,New Patchseq,Sst interneuron,657985196
Sst Crhr2 Efemp1,MGE interneuron,New Patchseq,Sst interneuron,711571947
Vip Pygm C1ql1,CGE interneuron,New Patchseq,Vip interneuron,844870606
Sst Tac2 Tacstd2,MGE interneuron,New Patchseq,Sst interneuron,705217315
Vip Pygm C1ql1,CGE interneuron,New Patchseq,Vip interneuron,668464797
Pvalb Th Sst,MGE interneuron,New Patchseq,Pvalb interneuron,685707621
Sst Chrna2 Glra3,MGE interneuron,New Patchseq,Sst interneuron,747028632
Sst Mme Fam114a1,MGE interneuron,New Patchseq,Sst interneuron,639893239
Pvalb Reln Tac1,MGE interneuron,New Patchseq,Pvalb interneuron,817935092
Sst Chodl,MGE interneuron,New Patchseq,Sst Chodl interneuron,816434177
Pvalb Calb1 Sst,MGE interneuron,New Patchseq,Pvalb interneuron,689030611
Pvalb Vipr2,MGE interneuron,New Patchseq,Pvalb interneuron,823702943
Vip Crispld2 Htr2c,CGE interneuron,New Patchseq,Vip interneuron,681793778
Vip Lmo1 Myl1,CGE interneuron,New Patchseq,Vip interneuron,898697809
Sst Rxfp1 Prdm8,MGE interneuron,New Patchseq,Sst interneuron,718636190
Lamp5 Lsp1,CGE interneuron,New Patchseq,Lamp5 interneuron,717675736
Sst Chodl,MGE interneuron,New Patchseq,Sst Chodl interneuron,707179690
Sst Tac2 Tacstd2,MGE interneuron,New Patchseq,Sst interneuron,810317285
Sst Mme Fam114a1,MGE interneuron,New Patchseq,Sst interneuron,645322005
Lamp5 Plch2 Dock5,CGE interneuron,New Patchseq,Lamp5 interneuron,825549510
Vip Lmo1 Myl1,CGE interneuron,New Patchseq,Vip interneuron,692286150
Vip Ptprt Pkp2,CGE interneuron,New Patchseq,Vip interneuron,804977071
Pvalb Reln Tac1,MGE interneuron,New Patchseq,Pvalb interneuron,871782504
Sst Calb2 Pdlim5,MGE interneuron,New Patchseq,Sst interneuron,601803754
Sst Hpse Cbln4,MGE interneuron,New Patchseq,Sst interneuron,601808698
Sst Mme Fam114a1,MGE interneuron,New Patchseq,Sst interneuron,745584401
Vip Lmo1 Myl1,CGE interneuron,New Patchseq,Vip interneuron,697799017
Vip Rspo1 Itga4,CGE interneuron,New Patchseq,Vip interneuron,738041476
Vip Ptprt Pkp2,CGE interneuron,New Patchseq,Vip interneuron,742784488
Sst Nts,MGE interneuron,New Patchseq,Sst interneuron,692044280
Sst Calb2 Pdlim5,MGE interneuron,New Patchseq,Sst interneuron,741313892
Sst Calb2 Necab1,MGE interneuron,New Patchseq,Sst interneuron,657857340
Sst Hpse Cbln4,MGE interneuron,New Patchseq,Sst interneuron,713442456
Sst Hpse Cbln4,MGE interneuron,New Patchseq,Sst interneuron,669088423
Lamp5 Lhx6,CGE interneuron,New Patchseq,Lamp5 interneuron,870661094
Sst Crh 4930553C11Rik,MGE interneuron,New Patchseq,Sst interneuron,711212623
Sst Hpse Sema3c,MGE interneuron,New Patchseq,Sst interneuron,759955697
Sst Chrna2 Glra3,MGE interneuron,New Patchseq,Sst interneuron,760294832
Lamp5 Lsp1,CGE interneuron,New Patchseq,Lamp5 interneuron,828803869
Sncg Vip Nptx2,CGE interneuron,New Patchseq,Sncg interneuron,643536919
Sst Calb2 Necab1,MGE interneuron,New Patchseq,Sst interneuron,713132614
Pvalb Sema3e Kank4,MGE interneuron,New Patchseq,Pvalb interneuron,701140434
Sst Nts,MGE interneuron,New Patchseq,Sst interneuron,718195284
Pvalb Reln Tac1,MGE interneuron,New Patchseq,Pvalb interneuron,682332013
Sst Chrna2 Glra3,MGE interneuron,New Patchseq,Sst interneuron,746732672
Vip Ptprt Pkp2,CGE interneuron,New Patchseq,Vip interneuron,648139266
Vip Lmo1 Myl1,CGE interneuron,New Patchseq,Vip interneuron,694734857
Sncg Gpr50,CGE interneuron,New Patchseq,Sncg interneuron,830434392
Sst Crhr2 Efemp1,MGE interneuron,New Patchseq,Sst interneuron,760832993
Sst Hpse Sema3c,MGE interneuron,New Patchseq,Sst interneuron,693085460
Vip Crispld2 Kcne4,CGE interneuron,New Patchseq,Vip interneuron,697810838
Pvalb Tpbg,MGE interneuron,New Patchseq,Pvalb interneuron,652299236
Sst Tac2 Tacstd2,MGE interneuron,New Patchseq,Sst interneuron,731765828
Vip Ptprt Pkp2,CGE interneuron,New Patchseq,Vip interneuron,661422439
Pvalb Tpbg,MGE interneuron,New Patchseq,Pvalb interneuron,666141992
Sst Hpse Cbln4,MGE interneuron,New Patchseq,Sst interneuron,770216620
Vip Ptprt Pkp2,CGE interneuron,New Patchseq,Vip interneuron,694689662
Vip Crispld2 Kcne4,CGE interneuron,New Patchseq,Vip interneuron,738859085
Pvalb Reln Itm2a,MGE interneuron,New Patchseq,Pvalb interneuron,786228558
Sst Tac2 Tacstd2,MGE interneuron,New Patchseq,Sst interneuron,740732467
Pvalb Reln Tac1,MGE interneuron,New Patchseq,Pvalb interneuron,820897104
Sst Hpse Cbln4,MGE interneuron,New Patchseq,Sst interneuron,657661984
Pvalb Sema3e Kank4,MGE interneuron,New Patchseq,Pvalb interneuron,692846027
Sst Crhr2 Efemp1,MGE interneuron,New Patchseq,Sst interneuron,659405820
Sst Crhr2 Efemp1,MGE interneuron,New Patchseq,Sst interneuron,768763533
Vip Pygm C1ql1,CGE interneuron,New Patchseq,Vip interneuron,744975652
Sst Esm1,MGE interneuron,New Patchseq,Sst interneuron,718202813
Pvalb Reln Tac1,MGE interneuron,New Patchseq,Pvalb interneuron,714228701
Lamp5 Plch2 Dock5,CGE interneuron,New Patchseq,Lamp5 interneuron,827573535
Pvalb Sema3e Kank4,MGE interneuron,New Patchseq,Pvalb interneuron,697787349
Pvalb Reln Itm2a,MGE interneuron,New Patchseq,Pvalb interneuron,808475329
Sst Tac1 Htr1d,MGE interneuron,New Patchseq,Sst interneuron,639962984
Sst Nts,MGE interneuron,New Patchseq,Sst interneuron,679457550
Pvalb Reln Itm2a,MGE interneuron,New Patchseq,Pvalb interneuron,646852171
Sst Chrna2 Glra3,MGE interneuron,New Patchseq,Sst interneuron,821771315
Sst Myh8 Etv1,MGE interneuron,New Patchseq,Sst interneuron,740695122
Pvalb Akr1c18 Ntf3,MGE interneuron,New Patchseq,Pvalb interneuron,714601733
Sst Mme Fam114a1,MGE interneuron,New Patchseq,Sst interneuron,741940660
Pvalb Tpbg,MGE interneuron,New Patchseq,Pvalb interneuron,740890186
Sst Crhr2 Efemp1,MGE interneuron,New Patchseq,Sst interneuron,795572082
Sst Calb2 Pdlim5,MGE interneuron,New Patchseq,Sst interneuron,689656936
Lamp5 Plch2 Dock5,CGE interneuron,New Patchseq,Lamp5 interneuron,691665864
Sst Hpse Cbln4,MGE interneuron,New Patchseq,Sst interneuron,688958418
Sst Rxfp1 Prdm8,MGE interneuron,New Patchseq,Sst interneuron,746917764
Sst Tac2 Myh4,MGE interneuron,New Patchseq,Sst interneuron,601790961
Sst Crh 4930553C11Rik,MGE interneuron,New Patchseq,Sst interneuron,720207494
Sncg Vip Nptx2,CGE interneuron,New Patchseq,Sncg interneuron,855357345
Lamp5 Plch2 Dock5,CGE interneuron,New Patchseq,Lamp5 interneuron,764391439
Sst Hpse Cbln4,MGE interneuron,New Patchseq,Sst interneuron,707403326
Sst Esm1,MGE interneuron,New Patchseq,Sst interneuron,740675145
Sst Myh8 Etv1,MGE interneuron,New Patchseq,Sst interneuron,645012440
Sst Hpse Sema3c,MGE interneuron,New Patchseq,Sst interneuron,720318238
Sst Hpse Cbln4,MGE interneuron,New Patchseq,Sst interneuron,627881581
Sst Hpse Cbln4,MGE interneuron,New Patchseq,Sst interneuron,639862877
Sst Crhr2 Efemp1,MGE interneuron,New Patchseq,Sst interneuron,673395815
Pvalb Gabrg1,MGE interneuron,New Patchseq,Pvalb interneuron,689211404
Sst Nr2f2 Necab1,MGE interneuron,New Patchseq,Sst interneuron,809113087
Lamp5 Ntn1 Npy2r,CGE interneuron,New Patchseq,Lamp5 interneuron,827524052
Sst Hpse Cbln4,MGE interneuron,New Patchseq,Sst interneuron,653699672
Sst Mme Fam114a1,MGE interneuron,New Patchseq,Sst interneuron,745633800
Vip Lmo1 Myl1,CGE interneuron,New Patchseq,Vip interneuron,758263126
Sst Mme Fam114a1,MGE interneuron,New Patchseq,Sst interneuron,751947558
Vip Lmo1 Myl1,CGE interneuron,New Patchseq,Vip interneuron,691719142
Vip Lmo1 Fam159b,CGE interneuron,New Patchseq,Vip interneuron,639674270
Vip Lmo1 Myl1,CGE interneuron,New Patchseq,Vip interneuron,831988252
Sst Tac1 Htr1d,MGE interneuron,New Patchseq,Sst interneuron,746257405
Sst Calb2 Pdlim5,MGE interneuron,New Patchseq,Sst interneuron,704047023
Sst Calb2 Necab1,MGE interneuron,New Patchseq,Sst interneuron,841834394
Sst Rxfp1 Eya1,MGE interneuron,New Patchseq,Sst interneuron,718644056
Sst Hpse Cbln4,MGE interneuron,New Patchseq,Sst interneuron,639841063
Sst Calb2 Pdlim5,MGE interneuron,New Patchseq,Sst interneuron,847083836
Sst Hpse Cbln4,MGE interneuron,New Patchseq,Sst interneuron,851016910
Sst Calb2 Pdlim5,MGE interneuron,New Patchseq,Sst interneuron,740155221
Sst Tac2 Tacstd2,MGE interneuron,New Patchseq,Sst interneuron,759939473
Vip Ptprt Pkp2,CGE interneuron,New Patchseq,Vip interneuron,694146546
Sst Chodl,MGE interneuron,New Patchseq,Sst Chodl interneuron,656705176
Vip Pygm C1ql1,CGE interneuron,New Patchseq,Vip interneuron,778327002
Vip Lmo1 Myl1,CGE interneuron,New Patchseq,Vip interneuron,829185764
Pvalb Reln Itm2a,MGE interneuron,New Patchseq,Pvalb interneuron,698570301
Vip Lect1 Oxtr,CGE interneuron,New Patchseq,Vip interneuron,763952780
Sst Myh8 Etv1,MGE interneuron,New Patchseq,Sst interneuron,657858349
Vip Chat Htr1f,CGE interneuron,New Patchseq,Vip interneuron,755552030
Lamp5 Lsp1,CGE interneuron,New Patchseq,Lamp5 interneuron,652305423
Sst Hpse Cbln4,MGE interneuron,New Patchseq,Sst interneuron,760981484
Sst Calb2 Pdlim5,MGE interneuron,New Patchseq,Sst interneuron,842844583
Lamp5 Lhx6,CGE interneuron,New Patchseq,Lamp5 interneuron,711483278
Sncg Vip Itih5,CGE interneuron,New Patchseq,Sncg interneuron,992386952
Pvalb Reln Itm2a,MGE interneuron,New Patchseq,Pvalb interneuron,886335606
Sncg Vip Itih5,CGE interneuron,New Patchseq,Sncg interneuron,859655391
Pvalb Tpbg,MGE interneuron,New Patchseq,Pvalb interneuron,744454952
Lamp5 Ntn1 Npy2r,CGE interneuron,New Patchseq,Lamp5 interneuron,889183564
Vip Ptprt Pkp2,CGE interneuron,New Patchseq,Vip interneuron,700390241
Pvalb Tpbg,MGE interneuron,New Patchseq,Pvalb interneuron,639797308
Sst Nr2f2 Necab1,MGE interneuron,New Patchseq,Sst interneuron,770238836
Pvalb Akr1c18 Ntf3,MGE interneuron,New Patchseq,Pvalb interneuron,887048277
Sst Calb2 Pdlim5,MGE interneuron,New Patchseq,Sst interneuron,752063316
Lamp5 Plch2 Dock5,CGE interneuron,New Patchseq,Lamp5 interneuron,652812484
Sst Nts,MGE interneuron,New Patchseq,Sst interneuron,795844214
Lamp5 Lsp1,CGE interneuron,New Patchseq,Lamp5 interneuron,642124659
Lamp5 Lsp1,CGE interneuron,New Patchseq,Lamp5 interneuron,659697295
Vip Crispld2 Htr2c,CGE interneuron,New Patchseq,Vip interneuron,796636728
Pvalb Reln Itm2a,MGE interneuron,New Patchseq,Pvalb interneuron,892547707
Pvalb Akr1c18 Ntf3,MGE interneuron,New Patchseq,Pvalb interneuron,904023586
Sst Tac2 Tacstd2,MGE interneuron,New Patchseq,Sst interneuron,674495385
Sst Hpse Sema3c,MGE interneuron,New Patchseq,Sst interneuron,657442490
Pvalb Reln Itm2a,MGE interneuron,New Patchseq,Pvalb interneuron,837594867
Sst Hpse Cbln4,MGE interneuron,New Patchseq,Sst interneuron,689098357
Lamp5 Plch2 Dock5,CGE interneuron,New Patchseq,Lamp5 interneuron,825522397
Pvalb Reln Itm2a,MGE interneuron,New Patchseq,Pvalb interneuron,762757594
Vip Crispld2 Kcne4,CGE interneuron,New Patchseq,Vip interneuron,738401019
Pvalb Th Sst,MGE interneuron,New Patchseq,Pvalb interneuron,688145929
Sst Tac1 Tacr3,MGE interneuron,New Patchseq,Sst interneuron,623326230
Sncg Gpr50,CGE interneuron,New Patchseq,Sncg interneuron,935032340
Sst Calb2 Pdlim5,MGE interneuron,New Patchseq,Sst interneuron,805584825
Pvalb Calb1 Sst,MGE interneuron,New Patchseq,Pvalb interneuron,662580082
Sst Tac2 Tacstd2,MGE interneuron,New Patchseq,Sst interneuron,669165397
Vip Crispld2 Htr2c,CGE interneuron,New Patchseq,Vip interneuron,809688289
Vip Crispld2 Htr2c,CGE interneuron,New Patchseq,Vip interneuron,742033571
Sst Calb2 Necab1,MGE interneuron,New Patchseq,Sst interneuron,760834631
Vip Lmo1 Myl1,CGE interneuron,New Patchseq,Vip interneuron,761344650
Pvalb Reln Itm2a,MGE interneuron,New Patchseq,Pvalb interneuron,718872930
Sst Rxfp1 Eya1,MGE interneuron,New Patchseq,Sst interneuron,816012073
Vip Lect1 Oxtr,CGE interneuron,New Patchseq,Vip interneuron,680027413
Sst Rxfp1 Prdm8,MGE interneuron,New Patchseq,Sst interneuron,759948010
Sst Calb2 Pdlim5,MGE interneuron,New Patchseq,Sst interneuron,602535278
Lamp5 Plch2 Dock5,CGE interneuron,New Patchseq,Lamp5 interneuron,889235347
Lamp5 Ntn1 Npy2r,CGE interneuron,New Patchseq,Lamp5 interneuron,888108541
Sst Esm1,MGE interneuron,New Patchseq,Sst interneuron,720186469
Pvalb Calb1 Sst,MGE interneuron,New Patchseq,Pvalb interneuron,674126167
Sst Tac2 Tacstd2,MGE interneuron,New Patchseq,Sst interneuron,661189529
Vip Ptprt Pkp2,CGE interneuron,New Patchseq,Vip interneuron,695316536
Lamp5 Ntn1 Npy2r,CGE interneuron,New Patchseq,Lamp5 interneuron,764896381
Sst Nr2f2 Necab1,MGE interneuron,New Patchseq,Sst interneuron,705817510
Sst Calb2 Pdlim5,MGE interneuron,New Patchseq,Sst interneuron,740135032
Sst Hpse Cbln4,MGE interneuron,New Patchseq,Sst interneuron,779708399
Sst Esm1,MGE interneuron,New Patchseq,Sst interneuron,601811091
Pvalb Reln Itm2a,MGE interneuron,New Patchseq,Pvalb interneuron,669838950
Sncg Vip Itih5,CGE interneuron,New Patchseq,Sncg interneuron,857296784
Sst Hpse Cbln4,MGE interneuron,New Patchseq,Sst interneuron,657454163
Sst Myh8 Etv1,MGE interneuron,New Patchseq,Sst interneuron,741796557
Pvalb Tpbg,MGE interneuron,New Patchseq,Pvalb interneuron,656706125
Sst Calb2 Pdlim5,MGE interneuron,New Patchseq,Sst interneuron,841718359
Vip Chat Htr1f,CGE interneuron,New Patchseq,Vip interneuron,796666943
Sst Hpse Cbln4,MGE interneuron,New Patchseq,Sst interneuron,656156755
Vip Chat Htr1f,CGE interneuron,New Patchseq,Vip interneuron,797664123
Lamp5 Lsp1,CGE interneuron,New Patchseq,Lamp5 interneuron,644994103
Sst Nts,MGE interneuron,New Patchseq,Sst interneuron,743049614
Vip Crispld2 Htr2c,CGE interneuron,New Patchseq,Vip interneuron,761822060
Sst Mme Fam114a1,MGE interneuron,New Patchseq,Sst interneuron,746754997
Vip Crispld2 Htr2c,CGE interneuron,New Patchseq,Vip interneuron,743468218
Sst Rxfp1 Eya1,MGE interneuron,New Patchseq,Sst interneuron,808285808
Lamp5 Plch2 Dock5,CGE interneuron,New Patchseq,Lamp5 interneuron,866267921
Vip Ptprt Pkp2,CGE interneuron,New Patchseq,Vip interneuron,730796336
Vip Chat Htr1f,CGE interneuron,New Patchseq,Vip interneuron,887288382
Pvalb Tpbg,MGE interneuron,New Patchseq,Pvalb interneuron,679932490
Sncg Vip Itih5,CGE interneuron,New Patchseq,Sncg interneuron,861765455
Sst Nr2f2 Necab1,MGE interneuron,New Patchseq,Sst interneuron,683899155
Vip Crispld2 Kcne4,CGE interneuron,New Patchseq,Vip interneuron,738043822
Pvalb Sema3e Kank4,MGE interneuron,New Patchseq,Pvalb interneuron,709153201
Sst Tac1 Htr1d,MGE interneuron,New Patchseq,Sst interneuron,759970262
Sst Crh 4930553C11Rik,MGE interneuron,New Patchseq,Sst interneuron,740094065
Sst Chodl,MGE interneuron,New Patchseq,Sst Chodl interneuron,711528753
Vip Rspo1 Itga4,CGE interneuron,New Patchseq,Vip interneuron,658447323
Lamp5 Lsp1,CGE interneuron,New Patchseq,Lamp5 interneuron,637846989
Lamp5 Lsp1,CGE interneuron,New Patchseq,Lamp5 interneuron,716832846
Sst Rxfp1 Eya1,MGE interneuron,New Patchseq,Sst interneuron,710743304
Pvalb Reln Itm2a,MGE interneuron,New Patchseq,Pvalb interneuron,823830483
Sst Nts,MGE interneuron,New Patchseq,Sst interneuron,743041228
Vip Crispld2 Htr2c,CGE interneuron,New Patchseq,Vip interneuron,829195312
Pvalb Akr1c18 Ntf3,MGE interneuron,New Patchseq,Pvalb interneuron,821563005
Sst Calb2 Pdlim5,MGE interneuron,New Patchseq,Sst interneuron,718618263
Vipr2-IRES2-Cre-neo,,Older Gouwen,,603748061
Vipr2-IRES2-Cre,,Older Gouwen,,579662784
Vipr2-IRES2-Cre,,Older Gouwen,,589452470
Vipr2-IRES2-Cre,,Older Gouwen,,573410831
Vipr2-IRES2-Cre,,Older Gouwen,,579662957
Vipr2-IRES2-Cre,,Older Gouwen,,590556126
Vipr2-IRES2-Cre,,Older Gouwen,,590558808
Vipr2-IRES2-Cre,,Older Gouwen,,571292875
Vipr2-IRES2-Cre,,Older Gouwen,,580138266
Vipr2-IRES2-Cre,,Older Gouwen,,573404307
Vipr2-IRES2-Cre,,Older Gouwen,,580145037
Vipr2-IRES2-Cre,,Older Gouwen,,573680326
Vipr2-IRES2-Cre,,Older Gouwen,,579652000
Vipr2-IRES2-Cre,,Older Gouwen,,569073509
Vipr2-IRES2-Cre,,Older Gouwen,,571306508
Vipr2-IRES2-Cre,,Older Gouwen,,571295641
Vipr2-IRES2-Cre,,Older Gouwen,,580149939
Vipr2-IRES2-Cre,,Older Gouwen,,568951556
Vipr2-IRES2-Cre,,Older Gouwen,,568990770
Vipr2-IRES2-Cre,,Older Gouwen,,589444632
Vipr2-IRES2-Cre,,Older Gouwen,,579660456
Vipr2-IRES2-Cre,,Older Gouwen,,569072334
Vipr2-IRES2-Cre,,Older Gouwen,,590556221
Vipr2-IRES2-Cre,,Older Gouwen,,573660880
Vipr2-IRES2-Cre,,Older Gouwen,,571306690
Vipr2-IRES2-Cre,,Older Gouwen,,571956282
Vipr2-IRES2-Cre,,Older Gouwen,,571939040
Vipr2-IRES2-Cre,,Older Gouwen,,573685602
Vip-IRES-Cre,,Older Gouwen,,591517805
Vip-IRES-Cre,,Older Gouwen,,585080288
Vip-IRES-Cre,,Older Gouwen,,592819166
Vip-IRES-Cre,,Older Gouwen,,560678143
Vip-IRES-Cre,,Older Gouwen,,570098593
Vip-IRES-Cre,,Older Gouwen,,524689239
Vip-IRES-Cre,,Older Gouwen,,582641339
Vip-IRES-Cre,,Older Gouwen,,594594470
Vip-IRES-Cre,,Older Gouwen,,584495731
Vip-IRES-Cre,,Older Gouwen,,591622050
Vip-IRES-Cre,,Older Gouwen,,594047832
Vip-IRES-Cre,,Older Gouwen,,582917630
Vip-IRES-Cre,,Older Gouwen,,565213849
Vip-IRES-Cre,,Older Gouwen,,584517193
Vip-IRES-Cre,,Older Gouwen,,593655447
Vip-IRES-Cre,,Older Gouwen,,501570114
Vip-IRES-Cre,,Older Gouwen,,524693113
Vip-IRES-Cre,,Older Gouwen,,584561230
Vip-IRES-Cre,,Older Gouwen,,575910132
Vip-IRES-Cre,,Older Gouwen,,592833901
Vip-IRES-Cre,,Older Gouwen,,592816620
Vip-IRES-Cre,,Older Gouwen,,569802200
Vip-IRES-Cre,,Older Gouwen,,591396115
Vip-IRES-Cre,,Older Gouwen,,591626585
Vip-IRES-Cre,,Older Gouwen,,520347870
Vip-IRES-Cre,,Older Gouwen,,501736631
Vip-IRES-Cre,,Older Gouwen,,560814288
Vip-IRES-Cre,,Older Gouwen,,591616101
Vip-IRES-Cre,,Older Gouwen,,594611511
Vip-IRES-Cre,,Older Gouwen,,562527850
Vip-IRES-Cre,,Older Gouwen,,575919223
Vip-IRES-Cre,,Older Gouwen,,522418855
Vip-IRES-Cre,,Older Gouwen,,569794458
Vip-IRES-Cre,,Older Gouwen,,570896453
Vip-IRES-Cre,,Older Gouwen,,568767467
Vip-IRES-Cre,,Older Gouwen,,591627904
Vip-IRES-Cre,,Older Gouwen,,593646143
Vip-IRES-Cre,,Older Gouwen,,560690405
Vip-IRES-Cre,,Older Gouwen,,570924514
Vip-IRES-Cre,,Older Gouwen,,576285618
Vip-IRES-Cre,,Older Gouwen,,515264431
Vip-IRES-Cre,,Older Gouwen,,571255047
Vip-IRES-Cre,,Older Gouwen,,524876305
Vip-IRES-Cre,,Older Gouwen,,593646579
Vip-IRES-Cre,,Older Gouwen,,560690291
Vip-IRES-Cre,,Older Gouwen,,568757860
Vip-IRES-Cre,,Older Gouwen,,593054951
Vip-IRES-Cre,,Older Gouwen,,569810649
Vip-IRES-Cre,,Older Gouwen,,570014498
Vip-IRES-Cre,,Older Gouwen,,576336240
Vip-IRES-Cre,,Older Gouwen,,571233863
Vip-IRES-Cre,,Older Gouwen,,569809287
Vip-IRES-Cre,,Older Gouwen,,523478821
Vip-IRES-Cre,,Older Gouwen,,562530336
Vip-IRES-Cre,,Older Gouwen,,523205934
Vip-IRES-Cre,,Older Gouwen,,570896413
Vip-IRES-Cre,,Older Gouwen,,562540395
Vip-IRES-Cre,,Older Gouwen,,523478869
Vip-IRES-Cre,,Older Gouwen,,570932699
Vip-IRES-Cre,,Older Gouwen,,584587128
Vip-IRES-Cre,,Older Gouwen,,575920560
Vip-IRES-Cre,,Older Gouwen,,570924550
Vip-IRES-Cre,,Older Gouwen,,567007144
Vip-IRES-Cre,,Older Gouwen,,567006813
Vip-IRES-Cre,,Older Gouwen,,562535995
Vip-IRES-Cre,,Older Gouwen,,576046210
Vip-IRES-Cre,,Older Gouwen,,576411497
Vip-IRES-Cre,,Older Gouwen,,570589704
Vip-IRES-Cre,,Older Gouwen,,497499510
Vip-IRES-Cre,,Older Gouwen,,565880475
Vip-IRES-Cre,,Older Gouwen,,553006549
Vip-IRES-Cre,,Older Gouwen,,582632160
Vip-IRES-Cre,,Older Gouwen,,561940338
Vip-IRES-Cre,,Older Gouwen,,576046388
Vip-IRES-Cre,,Older Gouwen,,509620929
Vip-IRES-Cre,,Older Gouwen,,514907630
Vip-IRES-Cre,,Older Gouwen,,593054045
Vip-IRES-Cre,,Older Gouwen,,560424631
Vip-IRES-Cre,,Older Gouwen,,535728342
Vip-IRES-Cre,,Older Gouwen,,514767977
Vip-IRES-Cre,,Older Gouwen,,570626702
Vip-IRES-Cre,,Older Gouwen,,570921682
Vip-IRES-Cre,,Older Gouwen,,565191603
Vip-IRES-Cre,,Older Gouwen,,535708196
Vip-IRES-Cre,,Older Gouwen,,515315072
Vip-IRES-Cre,,Older Gouwen,,562524605
Vip-IRES-Cre,,Older Gouwen,,575937040
Vip-IRES-Cre,,Older Gouwen,,524675712
Vip-IRES-Cre,,Older Gouwen,,594589186
Vip-IRES-Cre,,Older Gouwen,,565191521
Vip-IRES-Cre,,Older Gouwen,,575923740
Vip-IRES-Cre,,Older Gouwen,,531121585
Vip-IRES-Cre,,Older Gouwen,,570589935
Vip-IRES-Cre,,Older Gouwen,,570081024
Vip-IRES-Cre,,Older Gouwen,,592868444
Vip-IRES-Cre,,Older Gouwen,,561934585
Vip-IRES-Cre,,Older Gouwen,,562539062
Tlx3-Cre_PL56,,Older Gouwen,,599177740
Tlx3-Cre_PL56,,Older Gouwen,,595511209
Tlx3-Cre_PL56,,Older Gouwen,,588711875
Tlx3-Cre_PL56,,Older Gouwen,,558615201
Tlx3-Cre_PL56,,Older Gouwen,,598628992
Tlx3-Cre_PL56,,Older Gouwen,,599170940
Tlx3-Cre_PL56,,Older Gouwen,,588699048
Tlx3-Cre_PL56,,Older Gouwen,,601294900
Tlx3-Cre_PL56,,Older Gouwen,,563338541
Tlx3-Cre_PL56,,Older Gouwen,,599393756
Tlx3-Cre_PL56,,Older Gouwen,,563353582
Tlx3-Cre_PL56,,Older Gouwen,,588728161
Tlx3-Cre_PL56,,Older Gouwen,,563336705
Tlx3-Cre_PL56,,Older Gouwen,,599222852
Tlx3-Cre_PL56,,Older Gouwen,,588402092
Tlx3-Cre_PL56,,Older Gouwen,,607124114
Tlx3-Cre_PL56,,Older Gouwen,,588712191
Tlx3-Cre_PL56,,Older Gouwen,,563350008
Tlx3-Cre_PL56,,Older Gouwen,,558675895
Tlx3-Cre_PL56,,Older Gouwen,,562999984
Tlx3-Cre_PL56,,Older Gouwen,,557992635
Tlx3-Cre_PL56,,Older Gouwen,,557996299
Tlx3-Cre_PL56,,Older Gouwen,,563175057
Tlx3-Cre_PL56,,Older Gouwen,,557864274
Tlx3-Cre_PL56,,Older Gouwen,,558612809
Tlx3-Cre_PL56,,Older Gouwen,,563180078
Tlx3-Cre_PL56,,Older Gouwen,,602822298
Tlx3-Cre_PL56,,Older Gouwen,,599334696
Tlx3-Cre_PL56,,Older Gouwen,,527826878
Tlx3-Cre_PL56,,Older Gouwen,,527864026
Tlx3-Cre_PL56,,Older Gouwen,,558660968
Tlx3-Cre_PL56,,Older Gouwen,,557992762
Tlx3-Cre_PL56,,Older Gouwen,,588705882
Tlx3-Cre_PL56,,Older Gouwen,,558662244
Tlx3-Cre_PL56,,Older Gouwen,,563002088
Tlx3-Cre_PL56,,Older Gouwen,,588697518
Tlx3-Cre_PL56,,Older Gouwen,,608108585
Tlx3-Cre_PL56,,Older Gouwen,,588695976
Tlx3-Cre_PL56,,Older Gouwen,,557998843
Tlx3-Cre_PL56,,Older Gouwen,,557874460
Tlx3-Cre_PL56,,Older Gouwen,,558675748
Sst-IRES-Cre,,Older Gouwen,,491029832
Sst-IRES-Cre,,Older Gouwen,,472517038
Sst-IRES-Cre,,Older Gouwen,,475580568
Sst-IRES-Cre,,Older Gouwen,,475068599
Sst-IRES-Cre,,Older Gouwen,,475049291
Sst-IRES-Cre,,Older Gouwen,,478716304
Sst-IRES-Cre,,Older Gouwen,,322197295
Sst-IRES-Cre,,Older Gouwen,,490912243
Sst-IRES-Cre,,Older Gouwen,,476104386
Sst-IRES-Cre,,Older Gouwen,,329224678
Sst-IRES-Cre,,Older Gouwen,,329322109
Sst-IRES-Cre,,Older Gouwen,,322536988
Sst-IRES-Cre,,Older Gouwen,,324266146
Sst-IRES-Cre,,Older Gouwen,,328031983
Sst-IRES-Cre,,Older Gouwen,,476093220
Sst-IRES-Cre,,Older Gouwen,,491026389
Sst-IRES-Cre,,Older Gouwen,,323501938
Sst-IRES-Cre,,Older Gouwen,,323452196
Sst-IRES-Cre,,Older Gouwen,,475047891
Sst-IRES-Cre,,Older Gouwen,,575646054
Sst-IRES-Cre,,Older Gouwen,,476754635
Sst-IRES-Cre,,Older Gouwen,,476099282
Sst-IRES-Cre,,Older Gouwen,,482690728
Sst-IRES-Cre,,Older Gouwen,,480171188
Sst-IRES-Cre,,Older Gouwen,,504608602
Sst-IRES-Cre,,Older Gouwen,,328015342
Sst-IRES-Cre,,Older Gouwen,,480183339
Sst-IRES-Cre,,Older Gouwen,,473543792
Sst-IRES-Cre,,Older Gouwen,,504605677
Sst-IRES-Cre,,Older Gouwen,,322246422
Sst-IRES-Cre,,Older Gouwen,,501282204
Sst-IRES-Cre,,Older Gouwen,,575637715
Sst-IRES-Cre,,Older Gouwen,,501730497
Sst-IRES-Cre,,Older Gouwen,,322197160
Sst-IRES-Cre,,Older Gouwen,,476764144
Sst-IRES-Cre,,Older Gouwen,,328954223
Sst-IRES-Cre,,Older Gouwen,,473011949
Sst-IRES-Cre,,Older Gouwen,,466664172
Sst-IRES-Cre,,Older Gouwen,,329241587
Sst-IRES-Cre,,Older Gouwen,,490278904
Sst-IRES-Cre,,Older Gouwen,,324466858
Sst-IRES-Cre,,Older Gouwen,,575642695
Sst-IRES-Cre,,Older Gouwen,,328535908
Sst-IRES-Cre,,Older Gouwen,,480187546
Sst-IRES-Cre,,Older Gouwen,,490276212
Sst-IRES-Cre,,Older Gouwen,,485061364
Sst-IRES-Cre,,Older Gouwen,,478396248
Sst-IRES-Cre,,Older Gouwen,,485455219
Sst-IRES-Cre,,Older Gouwen,,470581375
Sst-IRES-Cre,,Older Gouwen,,323452245
Sst-IRES-Cre,,Older Gouwen,,482735425
Sst-IRES-Cre,,Older Gouwen,,526785742
Sst-IRES-Cre,,Older Gouwen,,324522388
Sst-IRES-Cre,,Older Gouwen,,475465708
Sst-IRES-Cre,,Older Gouwen,,500966656
Sst-IRES-Cre,,Older Gouwen,,464198958
Sst-IRES-Cre,,Older Gouwen,,485287282
Sst-IRES-Cre,,Older Gouwen,,475517157
Sst-IRES-Cre,,Older Gouwen,,324256803
Sst-IRES-Cre,,Older Gouwen,,478412623
Sst-IRES-Cre,,Older Gouwen,,486352114
Sst-IRES-Cre,,Older Gouwen,,322500634
Sst-IRES-Cre,,Older Gouwen,,476686112
Sst-IRES-Cre,,Older Gouwen,,328093618
Sst-IRES-Cre,,Older Gouwen,,501280518
Sst-IRES-Cre,,Older Gouwen,,322229594
Sst-IRES-Cre,,Older Gouwen,,482692974
Sst-IRES-Cre,,Older Gouwen,,534303031
Sst-IRES-Cre,,Older Gouwen,,324257146
Sst-IRES-Cre,,Older Gouwen,,475202388
Sst-IRES-Cre,,Older Gouwen,,313862274
Sst-IRES-Cre,,Older Gouwen,,388874977
Sst-IRES-Cre,,Older Gouwen,,497560724
Sst-IRES-Cre,,Older Gouwen,,475542743
Sst-IRES-Cre,,Older Gouwen,,313862306
Sst-IRES-Cre,,Older Gouwen,,480171348
Sst-IRES-Cre,,Older Gouwen,,534141324
Sst-IRES-Cre,,Older Gouwen,,501798889
Sst-IRES-Cre,,Older Gouwen,,313862167
Sst-IRES-Cre,,Older Gouwen,,485455249
Sst-IRES-Cre,,Older Gouwen,,483083617
Sst-IRES-Cre,,Older Gouwen,,322515253
Sst-IRES-Cre,,Older Gouwen,,475517090
Sst-IRES-Cre,,Older Gouwen,,313862134
Sst-IRES-Cre,,Older Gouwen,,329254830
Sst-IRES-Cre,,Older Gouwen,,485455285
Sst-IRES-Cre,,Older Gouwen,,473564515
Sst-IRES-Cre,,Older Gouwen,,324495712
Sst-IRES-Cre,,Older Gouwen,,476753465
Sst-IRES-Cre,,Older Gouwen,,322507839
Sst-IRES-Cre,,Older Gouwen,,476751360
Sst-IRES-Cre,,Older Gouwen,,503866640
Sst-IRES-Cre,,Older Gouwen,,476741830
Sst-IRES-Cre,,Older Gouwen,,485058595
Sst-IRES-Cre,,Older Gouwen,,482744155
Sst-IRES-Cre,,Older Gouwen,,490173806
Sst-IRES-Cre,,Older Gouwen,,475132727
Sst-IRES-Cre,,Older Gouwen,,490789494
Sst-IRES-Cre,,Older Gouwen,,479897420
Sst-IRES-Cre,,Older Gouwen,,490908575
Sst-IRES-Cre,,Older Gouwen,,485161419
Sst-IRES-Cre,,Older Gouwen,,328876201
Sst-IRES-Cre,,Older Gouwen,,488677994
Sst-IRES-Cre,,Older Gouwen,,324493977
Sst-IRES-Cre,,Older Gouwen,,475542907
Sst-IRES-Cre,,Older Gouwen,,491030723
Sst-IRES-Cre,,Older Gouwen,,475512108
Sst-IRES-Cre,,Older Gouwen,,488677318
Sst-IRES-Cre,,Older Gouwen,,488677942
Sst-IRES-Cre,,Older Gouwen,,502382506
Sst-IRES-Cre,,Older Gouwen,,473540161
Sst-IRES-Cre,,Older Gouwen,,476100382
Sst-IRES-Cre,,Older Gouwen,,466271455
Sst-IRES-Cre,,Older Gouwen,,479905853
Sst-IRES-Cre,,Older Gouwen,,328549885
Sst-IRES-Cre,,Older Gouwen,,323475862
Sst-IRES-Cre,,Older Gouwen,,324466628
Sst-IRES-Cre,,Older Gouwen,,475057898
Sst-IRES-Cre,,Older Gouwen,,473593847
Sst-IRES-Cre,,Older Gouwen,,324266189
Sst-IRES-Cre,,Older Gouwen,,485466109
Sst-IRES-Cre,,Older Gouwen,,475515168
Sst-IRES-Cre,,Older Gouwen,,464212183
Slc32a1-T2A-FlpO|Vipr2-IRES2-Cre,,Older Gouwen,,605889373
Slc32a1-T2A-FlpO|Vipr2-IRES2-Cre,,Older Gouwen,,585841870
Slc32a1-T2A-FlpO|Vipr2-IRES2-Cre,,Older Gouwen,,585805211
Slc32a1-T2A-FlpO|Vipr2-IRES2-Cre,,Older Gouwen,,596619013
Slc32a1-T2A-FlpO|Vipr2-IRES2-Cre,,Older Gouwen,,586073850
Slc32a1-T2A-FlpO|Vipr2-IRES2-Cre,,Older Gouwen,,585947309
Slc32a1-T2A-FlpO|Vipr2-IRES2-Cre,,Older Gouwen,,585830272
Slc32a1-T2A-FlpO|Vipr2-IRES2-Cre,,Older Gouwen,,585951863
Slc32a1-T2A-FlpO|Vipr2-IRES2-Cre,,Older Gouwen,,609775336
Slc32a1-T2A-FlpO|Vipr2-IRES2-Cre,,Older Gouwen,,609183903
Slc32a1-T2A-FlpO|Vipr2-IRES2-Cre,,Older Gouwen,,596609577
Slc32a1-T2A-FlpO|Vipr2-IRES2-Cre,,Older Gouwen,,593436526
Slc32a1-T2A-FlpO|Vipr2-IRES2-Cre,,Older Gouwen,,609435731
Slc32a1-T2A-FlpO|Vipr2-IRES2-Cre,,Older Gouwen,,593448793
Slc32a1-T2A-FlpO|Vipr2-IRES2-Cre,,Older Gouwen,,596789749
Slc32a1-T2A-FlpO|Vipr2-IRES2-Cre,,Older Gouwen,,585948651
Slc32a1-T2A-FlpO|Vipr2-IRES2-Cre,,Older Gouwen,,586073683
Slc32a1-T2A-FlpO|Vipr2-IRES2-Cre,,Older Gouwen,,609713212
Slc32a1-T2A-FlpO|Vipr2-IRES2-Cre,,Older Gouwen,,586078695
Slc32a1-T2A-FlpO|Vipr2-IRES2-Cre,,Older Gouwen,,586074009
Slc32a1-T2A-FlpO|Vipr2-IRES2-Cre,,Older Gouwen,,596808442
Slc32a1-T2A-FlpO|Vipr2-IRES2-Cre,,Older Gouwen,,585859704
Slc32a1-T2A-FlpO|Vipr2-IRES2-Cre,,Older Gouwen,,593453795
Slc32a1-T2A-FlpO|Vipr2-IRES2-Cre,,Older Gouwen,,593253205
Slc32a1-T2A-FlpO|Vipr2-IRES2-Cre,,Older Gouwen,,585952606
Slc32a1-T2A-FlpO|Vipr2-IRES2-Cre,,Older Gouwen,,596808392
Slc32a1-T2A-FlpO|Vipr2-IRES2-Cre,,Older Gouwen,,609485897
Slc32a1-T2A-FlpO|Vipr2-IRES2-Cre,,Older Gouwen,,586073346
Slc32a1-T2A-FlpO|Vipr2-IRES2-Cre,,Older Gouwen,,585832440
Slc32a1-T2A-FlpO|Vipr2-IRES2-Cre,,Older Gouwen,,609492577
Slc17a6-IRES-Cre,,Older Gouwen,,477127614
Slc17a6-IRES-Cre,,Older Gouwen,,477135941
Slc17a6-IRES-Cre,,Older Gouwen,,477129850
Sim1-Cre_KJ18,,Older Gouwen,,589128331
Sim1-Cre_KJ18,,Older Gouwen,,558474375
Sim1-Cre_KJ18,,Older Gouwen,,589760138
Sim1-Cre_KJ18,,Older Gouwen,,558476932
Sim1-Cre_KJ18,,Older Gouwen,,557673526
Sim1-Cre_KJ18,,Older Gouwen,,589441038
Sim1-Cre_KJ18,,Older Gouwen,,556687527
Sim1-Cre_KJ18,,Older Gouwen,,589427435
Sim1-Cre_KJ18,,Older Gouwen,,563220277
Sim1-Cre_KJ18,,Older Gouwen,,557242105
Sim1-Cre_KJ18,,Older Gouwen,,589128508
Sim1-Cre_KJ18,,Older Gouwen,,589442285
Sim1-Cre_KJ18,,Older Gouwen,,628700262
Sim1-Cre_KJ18,,Older Gouwen,,589764355
Sim1-Cre_KJ18,,Older Gouwen,,557679003
Sim1-Cre_KJ18,,Older Gouwen,,623474400
Sim1-Cre_KJ18,,Older Gouwen,,626158872
Sim1-Cre_KJ18,,Older Gouwen,,557417271
Sim1-Cre_KJ18,,Older Gouwen,,623893177
Sim1-Cre_KJ18,,Older Gouwen,,589755198
Sim1-Cre_KJ18,,Older Gouwen,,589118831
Sim1-Cre_KJ18,,Older Gouwen,,628123780
Sim1-Cre_KJ18,,Older Gouwen,,557252022
Sim1-Cre_KJ18,,Older Gouwen,,623308514
Sim1-Cre_KJ18,,Older Gouwen,,626159623
Sim1-Cre_KJ18,,Older Gouwen,,556669671
Sim1-Cre_KJ18,,Older Gouwen,,563248177
Sim1-Cre_KJ18,,Older Gouwen,,557403606
Sim1-Cre_KJ18,,Older Gouwen,,589121138
Sim1-Cre_KJ18,,Older Gouwen,,557037024
Sim1-Cre_KJ18,,Older Gouwen,,589427013
Sim1-Cre_KJ18,,Older Gouwen,,558472698
Scnn1a-Tg3-Cre,,Older Gouwen,,323865917
Scnn1a-Tg3-Cre,,Older Gouwen,,476135066
Scnn1a-Tg3-Cre,,Older Gouwen,,470098860
Scnn1a-Tg3-Cre,,Older Gouwen,,479091820
Scnn1a-Tg3-Cre,,Older Gouwen,,515202564
Scnn1a-Tg3-Cre,,Older Gouwen,,605141937
Scnn1a-Tg3-Cre,,Older Gouwen,,584635215
Scnn1a-Tg3-Cre,,Older Gouwen,,577813827
Scnn1a-Tg3-Cre,,Older Gouwen,,585018101
Scnn1a-Tg3-Cre,,Older Gouwen,,464326158
Scnn1a-Tg3-Cre,,Older Gouwen,,513879001
Scnn1a-Tg3-Cre,,Older Gouwen,,314857059
Scnn1a-Tg3-Cre,,Older Gouwen,,584635140
Scnn1a-Tg3-Cre,,Older Gouwen,,466827702
Scnn1a-Tg3-Cre,,Older Gouwen,,585058163
Scnn1a-Tg3-Cre,,Older Gouwen,,584636981
Scnn1a-Tg3-Cre,,Older Gouwen,,476269122
Scnn1a-Tg3-Cre,,Older Gouwen,,505804754
Scnn1a-Tg3-Cre,,Older Gouwen,,513803975
Scnn1a-Tg3-Cre,,Older Gouwen,,604626428
Scnn1a-Tg3-Cre,,Older Gouwen,,500963059
Scnn1a-Tg3-Cre,,Older Gouwen,,513800575
Scnn1a-Tg3-Cre,,Older Gouwen,,476178907
Scnn1a-Tg3-Cre,,Older Gouwen,,505795846
Scnn1a-Tg3-Cre,,Older Gouwen,,468120757
Scnn1a-Tg3-Cre,,Older Gouwen,,313861828
Scnn1a-Tg3-Cre,,Older Gouwen,,501023852
Scnn1a-Tg3-Cre,,Older Gouwen,,323838579
Scnn1a-Tg3-Cre,,Older Gouwen,,515199779
Scnn1a-Tg3-Cre,,Older Gouwen,,500964358
Scnn1a-Tg3-Cre,,Older Gouwen,,584073525
Scnn1a-Tg3-Cre,,Older Gouwen,,476198393
Scnn1a-Tg3-Cre,,Older Gouwen,,500964382
Scnn1a-Tg3-Cre,,Older Gouwen,,323777372
Scnn1a-Tg3-Cre,,Older Gouwen,,323834998
Scnn1a-Tg3-Cre,,Older Gouwen,,469864405
Scnn1a-Tg3-Cre,,Older Gouwen,,395785266
Scnn1a-Tg3-Cre,,Older Gouwen,,513877604
Scnn1a-Tg3-Cre,,Older Gouwen,,476266853
Scnn1a-Tg3-Cre,,Older Gouwen,,396903166
Scnn1a-Tg3-Cre,,Older Gouwen,,584628220
Scnn1a-Tg3-Cre,,Older Gouwen,,323788096
Scnn1a-Tg3-Cre,,Older Gouwen,,320207387
Scnn1a-Tg3-Cre,,Older Gouwen,,486893033
Scnn1a-Tg3-Cre,,Older Gouwen,,314900022
Scnn1a-Tg3-Cre,,Older Gouwen,,320836481
Scnn1a-Tg3-Cre,,Older Gouwen,,515188639
Scnn1a-Tg3-Cre,,Older Gouwen,,321013314
Scnn1a-Tg3-Cre,,Older Gouwen,,469798159
Scnn1a-Tg3-Cre,,Older Gouwen,,506226516
Scnn1a-Tg3-Cre,,Older Gouwen,,476129135
Scnn1a-Tg3-Cre,,Older Gouwen,,313861934
Scnn1a-Tg3-Cre,,Older Gouwen,,320880293
Scnn1a-Tg3-Cre,,Older Gouwen,,469800845
Scnn1a-Tg3-Cre,,Older Gouwen,,513843815
Scnn1a-Tg3-Cre,,Older Gouwen,,469832490
Scnn1a-Tg3-Cre,,Older Gouwen,,476263004
Scnn1a-Tg3-Cre,,Older Gouwen,,500961697
Scnn1a-Tg3-Cre,,Older Gouwen,,476525478
Scnn1a-Tg3-Cre,,Older Gouwen,,395830185
Scnn1a-Tg3-Cre,,Older Gouwen,,515056927
Scnn1a-Tg3-Cre,,Older Gouwen,,584637407
Scnn1a-Tg3-Cre,,Older Gouwen,,313861794
Scnn1a-Tg3-Cre,,Older Gouwen,,577883225
Scnn1a-Tg3-Cre,,Older Gouwen,,469803127
Scnn1a-Tg3-Cre,,Older Gouwen,,488450754
Scnn1a-Tg3-Cre,,Older Gouwen,,479415457
Scnn1a-Tg3-Cre,,Older Gouwen,,488471111
Scnn1a-Tg3-Cre,,Older Gouwen,,468193142
Scnn1a-Tg3-Cre,,Older Gouwen,,468054671
Scnn1a-Tg3-Cre,,Older Gouwen,,476557750
Scnn1a-Tg3-Cre,,Older Gouwen,,469803003
Scnn1a-Tg3-Cre,,Older Gouwen,,476131588
Scnn1a-Tg3-Cre,,Older Gouwen,,513832252
Scnn1a-Tg3-Cre,,Older Gouwen,,395851985
Scnn1a-Tg3-Cre,,Older Gouwen,,396903227
Scnn1a-Tg3-Cre,,Older Gouwen,,466431949
Scnn1a-Tg3-Cre,,Older Gouwen,,476216637
Scnn1a-Tg3-Cre,,Older Gouwen,,505798354
Scnn1a-Tg3-Cre,,Older Gouwen,,483083080
Scnn1a-Tg3-Cre,,Older Gouwen,,515059388
Scnn1a-Tg3-Cre,,Older Gouwen,,476144118
Scnn1a-Tg3-Cre,,Older Gouwen,,488434725
Scnn1a-Tg3-Cre,,Older Gouwen,,469793303
Scnn1a-Tg3-Cre,,Older Gouwen,,314831019
Scnn1a-Tg3-Cre,,Older Gouwen,,584146987
Scnn1a-Tg3-Cre,,Older Gouwen,,584632767
Scnn1a-Tg3-Cre,,Older Gouwen,,476126528
Scnn1a-Tg3-Cre,,Older Gouwen,,476218657
Scnn1a-Tg3-Cre,,Older Gouwen,,577821067
Scnn1a-Tg2-Cre,,Older Gouwen,,490283519
Scnn1a-Tg2-Cre,,Older Gouwen,,484738748
Scnn1a-Tg2-Cre,,Older Gouwen,,490263211
Scnn1a-Tg2-Cre,,Older Gouwen,,490283114
Scnn1a-Tg2-Cre,,Older Gouwen,,479993900
Scnn1a-Tg2-Cre,,Older Gouwen,,325479788
Scnn1a-Tg2-Cre,,Older Gouwen,,480008325
Scnn1a-Tg2-Cre,,Older Gouwen,,325158873
Scnn1a-Tg2-Cre,,Older Gouwen,,518271679
Scnn1a-Tg2-Cre,,Older Gouwen,,325471170
Scnn1a-Tg2-Cre,,Older Gouwen,,349621141
Scnn1a-Tg2-Cre,,Older Gouwen,,464079491
Scnn1a-Tg2-Cre,,Older Gouwen,,483111429
Scnn1a-Tg2-Cre,,Older Gouwen,,476056333
Scnn1a-Tg2-Cre,,Older Gouwen,,490267219
Scnn1a-Tg2-Cre,,Older Gouwen,,324521027
Scnn1a-Tg2-Cre,,Older Gouwen,,325480372
Scnn1a-Tg2-Cre,,Older Gouwen,,478891084
Scnn1a-Tg2-Cre,,Older Gouwen,,505847801
Scnn1a-Tg2-Cre,,Older Gouwen,,518238899
Scnn1a-Tg2-Cre,,Older Gouwen,,476054829
Scnn1a-Tg2-Cre,,Older Gouwen,,507770911
Scnn1a-Tg2-Cre,,Older Gouwen,,490205998
Scnn1a-Tg2-Cre,,Older Gouwen,,467782778
Scnn1a-Tg2-Cre,,Older Gouwen,,480011594
Scnn1a-Tg2-Cre,,Older Gouwen,,517647182
Scnn1a-Tg2-Cre,,Older Gouwen,,325464516
Scnn1a-Tg2-Cre,,Older Gouwen,,475751758
Scnn1a-Tg2-Cre,,Older Gouwen,,518290966
Scnn1a-Tg2-Cre,,Older Gouwen,,506777471
Scnn1a-Tg2-Cre,,Older Gouwen,,478888083
Scnn1a-Tg2-Cre,,Older Gouwen,,320668879
Scnn1a-Tg2-Cre,,Older Gouwen,,480003970
Scnn1a-Tg2-Cre,,Older Gouwen,,467703703
Scnn1a-Tg2-Cre,,Older Gouwen,,476054887
Scnn1a-Tg2-Cre,,Older Gouwen,,484737013
Scnn1a-Tg2-Cre,,Older Gouwen,,354190013
Scnn1a-Tg2-Cre,,Older Gouwen,,349593629
Scnn1a-Tg2-Cre,,Older Gouwen,,483109334
Scnn1a-Tg2-Cre,,Older Gouwen,,517981878
Scnn1a-Tg2-Cre,,Older Gouwen,,313862022
Scnn1a-Tg2-Cre,,Older Gouwen,,320668841
Scnn1a-Tg2-Cre,,Older Gouwen,,517645929
Scnn1a-Tg2-Cre,,Older Gouwen,,480364000
Scnn1a-Tg2-Cre,,Older Gouwen,,348592897
Scnn1a-Tg2-Cre,,Older Gouwen,,517982558
Scnn1a-Tg2-Cre,,Older Gouwen,,478888052
Scnn1a-Tg2-Cre,,Older Gouwen,,502829071
Scnn1a-Tg2-Cre,,Older Gouwen,,518287095
Scnn1a-Tg2-Cre,,Older Gouwen,,467831649
Scnn1a-Tg2-Cre,,Older Gouwen,,483068687
Scnn1a-Tg2-Cre,,Older Gouwen,,469661756
Scnn1a-Tg2-Cre,,Older Gouwen,,480647923
Scnn1a-Tg2-Cre,,Older Gouwen,,478892782
Scnn1a-Tg2-Cre,,Older Gouwen,,324532703
Rorb-IRES2-Cre,,Older Gouwen,,504615116
Rorb-IRES2-Cre,,Older Gouwen,,502614426
Rorb-IRES2-Cre,,Older Gouwen,,480087928
Rorb-IRES2-Cre,,Older Gouwen,,479771670
Rorb-IRES2-Cre,,Older Gouwen,,473611755
Rorb-IRES2-Cre,,Older Gouwen,,314804042
Rorb-IRES2-Cre,,Older Gouwen,,488679042
Rorb-IRES2-Cre,,Older Gouwen,,480169202
Rorb-IRES2-Cre,,Older Gouwen,,497590510
Rorb-IRES2-Cre,,Older Gouwen,,488491756
Rorb-IRES2-Cre,,Older Gouwen,,486514107
Rorb-IRES2-Cre,,Older Gouwen,,507101551
Rorb-IRES2-Cre,,Older Gouwen,,322723785
Rorb-IRES2-Cre,,Older Gouwen,,478500297
Rorb-IRES2-Cre,,Older Gouwen,,502100978
Rorb-IRES2-Cre,,Older Gouwen,,479225294
Rorb-IRES2-Cre,,Older Gouwen,,476053392
Rorb-IRES2-Cre,,Older Gouwen,,488697964
Rorb-IRES2-Cre,,Older Gouwen,,501951290
Rorb-IRES2-Cre,,Older Gouwen,,475848827
Rorb-IRES2-Cre,,Older Gouwen,,480114344
Rorb-IRES2-Cre,,Older Gouwen,,486508983
Rorb-IRES2-Cre,,Older Gouwen,,488680211
Rorb-IRES2-Cre,,Older Gouwen,,479492633
Rorb-IRES2-Cre,,Older Gouwen,,501848265
Rorb-IRES2-Cre,,Older Gouwen,,502143149
Rorb-IRES2-Cre,,Older Gouwen,,488697163
Rorb-IRES2-Cre,,Older Gouwen,,478586425
Rorb-IRES2-Cre,,Older Gouwen,,329557305
Rorb-IRES2-Cre,,Older Gouwen,,329554392
Rorb-IRES2-Cre,,Older Gouwen,,488493019
Rorb-IRES2-Cre,,Older Gouwen,,480640846
Rorb-IRES2-Cre,,Older Gouwen,,488689403
Rorb-IRES2-Cre,,Older Gouwen,,476615310
Rorb-IRES2-Cre,,Older Gouwen,,480121089
Rorb-IRES2-Cre,,Older Gouwen,,329550137
Rorb-IRES2-Cre,,Older Gouwen,,479766169
Rorb-IRES2-Cre,,Older Gouwen,,504613416
Rorb-IRES2-Cre,,Older Gouwen,,480777144
Rorb-IRES2-Cre,,Older Gouwen,,480122859
Rorb-IRES2-Cre,,Older Gouwen,,320654829
Rorb-IRES2-Cre,,Older Gouwen,,504647603
Rorb-IRES2-Cre,,Older Gouwen,,500859045
Rorb-IRES2-Cre,,Older Gouwen,,329554301
Rorb-IRES2-Cre,,Older Gouwen,,502887600
Rorb-IRES2-Cre,,Older Gouwen,,480778441
Rorb-IRES2-Cre,,Older Gouwen,,480116737
Rorb-IRES2-Cre,,Older Gouwen,,484564503
Rorb-IRES2-Cre,,Older Gouwen,,476550499
Rorb-IRES2-Cre,,Older Gouwen,,485889190
Rorb-IRES2-Cre,,Older Gouwen,,501895840
Rorb-IRES2-Cre,,Older Gouwen,,473111617
Rorb-IRES2-Cre,,Older Gouwen,,497611660
Rorb-IRES2-Cre,,Older Gouwen,,488698341
Rorb-IRES2-Cre,,Older Gouwen,,479179020
Rorb-IRES2-Cre,,Older Gouwen,,488496181
Rorb-IRES2-Cre,,Older Gouwen,,486502127
Rorb-IRES2-Cre,,Older Gouwen,,476616076
Rorb-IRES2-Cre,,Older Gouwen,,480351780
Rorb-IRES2-Cre,,Older Gouwen,,314822529
Rorb-IRES2-Cre,,Older Gouwen,,324065524
Rorb-IRES2-Cre,,Older Gouwen,,324025371
Rorb-IRES2-Cre,,Older Gouwen,,501847931
Rorb-IRES2-Cre,,Older Gouwen,,490624177
Rorb-IRES2-Cre,,Older Gouwen,,488681087
Rorb-IRES2-Cre,,Older Gouwen,,506133241
Rorb-IRES2-Cre,,Older Gouwen,,322761772
Rorb-IRES2-Cre,,Older Gouwen,,314800921
Rorb-IRES2-Cre,,Older Gouwen,,488699635
Rorb-IRES2-Cre,,Older Gouwen,,476051620
Rorb-IRES2-Cre,,Older Gouwen,,479298821
Rorb-IRES2-Cre,,Older Gouwen,,488501165
Rorb-IRES2-Cre,,Older Gouwen,,313861677
Rorb-IRES2-Cre,,Older Gouwen,,480090260
Rorb-IRES2-Cre,,Older Gouwen,,467357834
Rorb-IRES2-Cre,,Older Gouwen,,502647640
Rorb-IRES2-Cre,,Older Gouwen,,510702304
Rorb-IRES2-Cre,,Older Gouwen,,479015224
Rorb-IRES2-Cre,,Older Gouwen,,490612150
Rorb-IRES2-Cre,,Older Gouwen,,480169278
Rorb-IRES2-Cre,,Older Gouwen,,324053519
Rorb-IRES2-Cre,,Older Gouwen,,484659182
Rorb-IRES2-Cre,,Older Gouwen,,320639930
Rorb-IRES2-Cre,,Older Gouwen,,473601979
Rorb-IRES2-Cre,,Older Gouwen,,510699928
Rorb-IRES2-Cre,,Older Gouwen,,473642382
Rorb-IRES2-Cre,,Older Gouwen,,329550277
Rorb-IRES2-Cre,,Older Gouwen,,502597328
Rorb-IRES2-Cre,,Older Gouwen,,314617802
Rorb-IRES2-Cre,,Older Gouwen,,480266505
Rorb-IRES2-Cre,,Older Gouwen,,479225052
Rorb-IRES2-Cre,,Older Gouwen,,479492800
Rorb-IRES2-Cre,,Older Gouwen,,476562817
Rorb-IRES2-Cre,,Older Gouwen,,466800233
Rorb-IRES2-Cre,,Older Gouwen,,480169178
Rorb-IRES2-Cre,,Older Gouwen,,504913842
Rorb-IRES2-Cre,,Older Gouwen,,488695444
Rorb-IRES2-Cre,,Older Gouwen,,476619123
Rorb-IRES2-Cre,,Older Gouwen,,478499902
Rorb-IRES2-Cre,,Older Gouwen,,502143555
Rorb-IRES2-Cre,,Older Gouwen,,479303890
Rorb-IRES2-Cre,,Older Gouwen,,466378900
Rorb-IRES2-Cre,,Older Gouwen,,486472847
Rorb-IRES2-Cre,,Older Gouwen,,497583188
Rorb-IRES2-Cre,,Older Gouwen,,314642645
Rorb-IRES2-Cre,,Older Gouwen,,483091861
Rorb-IRES2-Cre,,Older Gouwen,,488680917
Rorb-IRES2-Cre,,Older Gouwen,,480648382
Rorb-IRES2-Cre,,Older Gouwen,,504614622
Rorb-IRES2-Cre,,Older Gouwen,,490626827
Rorb-IRES2-Cre,,Older Gouwen,,488504814
Rorb-IRES2-Cre,,Older Gouwen,,485931158
Rorb-IRES2-Cre,,Older Gouwen,,479013100
Rorb-IRES2-Cre,,Older Gouwen,,329549957
Rorb-IRES2-Cre,,Older Gouwen,,314529406
Rorb-IRES2-Cre,,Older Gouwen,,502873181
Rorb-IRES2-Cre,,Older Gouwen,,479225080
Rorb-IRES2-Cre,,Older Gouwen,,479772774
Rorb-IRES2-Cre,,Older Gouwen,,488491186
Rorb-IRES2-Cre,,Older Gouwen,,479508018
Rorb-IRES2-Cre,,Older Gouwen,,478586295
Rorb-IRES2-Cre,,Older Gouwen,,480798873
Rorb-IRES2-Cre,,Older Gouwen,,478497530
Rorb-IRES2-Cre,,Older Gouwen,,500857324
Rorb-IRES2-Cre,,Older Gouwen,,476049169
Rorb-IRES2-Cre,,Older Gouwen,,324025297
Rorb-IRES2-Cre,,Older Gouwen,,480268803
Rorb-IRES2-Cre,,Older Gouwen,,488569196
Rorb-IRES2-Cre,,Older Gouwen,,480643417
Rorb-IRES2-Cre,,Older Gouwen,,501848315
Rorb-IRES2-Cre,,Older Gouwen,,488495740
Rorb-IRES2-Cre,,Older Gouwen,,502144146
Rorb-IRES2-Cre,,Older Gouwen,,507100117
Rorb-IRES2-Cre,,Older Gouwen,,490626718
Rorb-IRES2-Cre,,Older Gouwen,,313860745
Rorb-IRES2-Cre,,Older Gouwen,,484457747
Rorb-IRES2-Cre,,Older Gouwen,,314800874
Rorb-IRES2-Cre,,Older Gouwen,,484770879
Rorb-IRES2-Cre,,Older Gouwen,,500894271
Rorb-IRES2-Cre,,Older Gouwen,,485836906
Rorb-IRES2-Cre,,Older Gouwen,,502574847
Rorb-IRES2-Cre,,Older Gouwen,,324053705
Rorb-IRES2-Cre,,Older Gouwen,,469761118
Rorb-IRES2-Cre,,Older Gouwen,,485884503
Rorb-IRES2-Cre,,Older Gouwen,,478588073
Rorb-IRES2-Cre,,Older Gouwen,,488683322
Rorb-IRES2-Cre,,Older Gouwen,,480124551
Rorb-IRES2-Cre,,Older Gouwen,,488712472
Rorb-IRES2-Cre,,Older Gouwen,,469763389
Rorb-IRES2-Cre,,Older Gouwen,,517753911
Rorb-IRES2-Cre,,Older Gouwen,,473020156
Rorb-IRES2-Cre,,Older Gouwen,,324032509
Rorb-IRES2-Cre,,Older Gouwen,,484571248
Rorb-IRES2-Cre,,Older Gouwen,,507121819
Rorb-IRES2-Cre,,Older Gouwen,,478498617
Rorb-IRES2-Cre,,Older Gouwen,,480273887
Rorb-IRES2-Cre,,Older Gouwen,,486509644
Rorb-IRES2-Cre,,Older Gouwen,,488543754
Rorb-IRES2-Cre,,Older Gouwen,,480792667
Rorb-IRES2-Cre,,Older Gouwen,,484559000
Rorb-IRES2-Cre,,Older Gouwen,,480705931
Rorb-IRES2-Cre,,Older Gouwen,,510702728
Rorb-IRES2-Cre,,Older Gouwen,,486500736
Rorb-IRES2-Cre,,Older Gouwen,,485837504
Rorb-IRES2-Cre,,Older Gouwen,,486466923
Rorb-IRES2-Cre,,Older Gouwen,,501847408
Rorb-IRES2-Cre,,Older Gouwen,,479770916
Rorb-IRES2-Cre,,Older Gouwen,,484679812
Rorb-IRES2-Cre,,Older Gouwen,,486513293
Rorb-IRES2-Cre,,Older Gouwen,,476823462
Rorb-IRES2-Cre,,Older Gouwen,,480171386
Rorb-IRES2-Cre,,Older Gouwen,,502120615
Rorb-IRES2-Cre,,Older Gouwen,,476048909
Rorb-IRES2-Cre,,Older Gouwen,,480353286
Rorb-IRES2-Cre,,Older Gouwen,,488473535
Rorb-IRES2-Cre,,Older Gouwen,,467003163
Rbp4-Cre_KL100,,Older Gouwen,,490916919
Rbp4-Cre_KL100,,Older Gouwen,,471129934
Rbp4-Cre_KL100,,Older Gouwen,,486025194
Rbp4-Cre_KL100,,Older Gouwen,,508887004
Rbp4-Cre_KL100,,Older Gouwen,,480714960
Rbp4-Cre_KL100,,Older Gouwen,,479150681
Rbp4-Cre_KL100,,Older Gouwen,,490966322
Rbp4-Cre_KL100,,Older Gouwen,,501886192
Rbp4-Cre_KL100,,Older Gouwen,,486246801
Rbp4-Cre_KL100,,Older Gouwen,,485577686
Rbp4-Cre_KL100,,Older Gouwen,,486176465
Rbp4-Cre_KL100,,Older Gouwen,,485574721
Rbp4-Cre_KL100,,Older Gouwen,,486191673
Rbp4-Cre_KL100,,Older Gouwen,,490982660
Rbp4-Cre_KL100,,Older Gouwen,,485955982
Rbp4-Cre_KL100,,Older Gouwen,,569715141
Rbp4-Cre_KL100,,Older Gouwen,,488420599
Rbp4-Cre_KL100,,Older Gouwen,,515249852
Rbp4-Cre_KL100,,Older Gouwen,,477930684
Rbp4-Cre_KL100,,Older Gouwen,,483092310
Rbp4-Cre_KL100,,Older Gouwen,,486111903
Rbp4-Cre_KL100,,Older Gouwen,,490733962
Rbp4-Cre_KL100,,Older Gouwen,,515511110
Rbp4-Cre_KL100,,Older Gouwen,,501014504
Rbp4-Cre_KL100,,Older Gouwen,,325941643
Rbp4-Cre_KL100,,Older Gouwen,,486132712
Rbp4-Cre_KL100,,Older Gouwen,,477862382
Rbp4-Cre_KL100,,Older Gouwen,,479728896
Rbp4-Cre_KL100,,Older Gouwen,,508566646
Rbp4-Cre_KL100,,Older Gouwen,,508883033
Rbp4-Cre_KL100,,Older Gouwen,,490772223
Rbp4-Cre_KL100,,Older Gouwen,,501839495
Rbp4-Cre_KL100,,Older Gouwen,,471758398
Rbp4-Cre_KL100,,Older Gouwen,,488117124
Rbp4-Cre_KL100,,Older Gouwen,,471767045
Rbp4-Cre_KL100,,Older Gouwen,,485610263
Rbp4-Cre_KL100,,Older Gouwen,,479722622
Rbp4-Cre_KL100,,Older Gouwen,,569710450
Rbp4-Cre_KL100,,Older Gouwen,,471143169
Rbp4-Cre_KL100,,Older Gouwen,,485608017
Rbp4-Cre_KL100,,Older Gouwen,,490612844
Rbp4-Cre_KL100,,Older Gouwen,,490558274
Rbp4-Cre_KL100,,Older Gouwen,,487664663
Rbp4-Cre_KL100,,Older Gouwen,,490601284
Rbp4-Cre_KL100,,Older Gouwen,,326508751
Rbp4-Cre_KL100,,Older Gouwen,,487663469
Rbp4-Cre_KL100,,Older Gouwen,,471131311
Rbp4-Cre_KL100,,Older Gouwen,,508276760
Rbp4-Cre_KL100,,Older Gouwen,,486178939
Rbp4-Cre_KL100,,Older Gouwen,,485838981
Rbp4-Cre_KL100,,Older Gouwen,,325903081
Rbp4-Cre_KL100,,Older Gouwen,,475400072
Rbp4-Cre_KL100,,Older Gouwen,,569706189
Rbp4-Cre_KL100,,Older Gouwen,,488359338
Rbp4-Cre_KL100,,Older Gouwen,,485578197
Rbp4-Cre_KL100,,Older Gouwen,,485574832
Rbp4-Cre_KL100,,Older Gouwen,,569703486
Rbp4-Cre_KL100,,Older Gouwen,,479721491
Rbp4-Cre_KL100,,Older Gouwen,,485579168
Rbp4-Cre_KL100,,Older Gouwen,,508911693
Rbp4-Cre_KL100,,Older Gouwen,,486110216
Rbp4-Cre_KL100,,Older Gouwen,,488419491
Rbp4-Cre_KL100,,Older Gouwen,,325853048
Rbp4-Cre_KL100,,Older Gouwen,,486236426
Rbp4-Cre_KL100,,Older Gouwen,,485956826
Rbp4-Cre_KL100,,Older Gouwen,,490576429
Rbp4-Cre_KL100,,Older Gouwen,,479711015
Rbp4-Cre_KL100,,Older Gouwen,,515524026
Rbp4-Cre_KL100,,Older Gouwen,,486054618
Rbp4-Cre_KL100,,Older Gouwen,,490779678
Rbp4-Cre_KL100,,Older Gouwen,,486052980
Rbp4-Cre_KL100,,Older Gouwen,,507996688
Rbp4-Cre_KL100,,Older Gouwen,,479704527
Rbp4-Cre_KL100,,Older Gouwen,,490931049
Rbp4-Cre_KL100,,Older Gouwen,,488683425
Rbp4-Cre_KL100,,Older Gouwen,,325815086
Rbp4-Cre_KL100,,Older Gouwen,,480718588
Rbp4-Cre_KL100,,Older Gouwen,,485880739
Rbp4-Cre_KL100,,Older Gouwen,,477564985
Rbp4-Cre_KL100,,Older Gouwen,,471141261
Rbp4-Cre_KL100,,Older Gouwen,,325919795
Rbp4-Cre_KL100,,Older Gouwen,,487664070
Rbp4-Cre_KL100,,Older Gouwen,,485835016
Rbp4-Cre_KL100,,Older Gouwen,,490916882
Rbp4-Cre_KL100,,Older Gouwen,,485834744
Rbp4-Cre_KL100,,Older Gouwen,,490790207
Rbp4-Cre_KL100,,Older Gouwen,,488380827
Rbp4-Cre_KL100,,Older Gouwen,,485835055
Pvalb-T2A-FlpO|Vipr2-IRES2-Cre,,Older Gouwen,,614777438
Pvalb-T2A-FlpO|Vipr2-IRES2-Cre,,Older Gouwen,,614767057
Pvalb-T2A-CreERT2,,Older Gouwen,,603502705
Pvalb-T2A-CreERT2,,Older Gouwen,,593709955
Pvalb-IRES-Cre,,Older Gouwen,,469801138
Pvalb-IRES-Cre,,Older Gouwen,,481127932
Pvalb-IRES-Cre,,Older Gouwen,,475549334
Pvalb-IRES-Cre,,Older Gouwen,,484744672
Pvalb-IRES-Cre,,Older Gouwen,,486754703
Pvalb-IRES-Cre,,Older Gouwen,,486755781
Pvalb-IRES-Cre,,Older Gouwen,,574399717
Pvalb-IRES-Cre,,Older Gouwen,,471085676
Pvalb-IRES-Cre,,Older Gouwen,,567901050
Pvalb-IRES-Cre,,Older Gouwen,,478947222
Pvalb-IRES-Cre,,Older Gouwen,,488438177
Pvalb-IRES-Cre,,Older Gouwen,,487405644
Pvalb-IRES-Cre,,Older Gouwen,,482516631
Pvalb-IRES-Cre,,Older Gouwen,,574377603
Pvalb-IRES-Cre,,Older Gouwen,,491031969
Pvalb-IRES-Cre,,Older Gouwen,,484742372
Pvalb-IRES-Cre,,Older Gouwen,,320455763
Pvalb-IRES-Cre,,Older Gouwen,,478793814
Pvalb-IRES-Cre,,Older Gouwen,,471088062
Pvalb-IRES-Cre,,Older Gouwen,,500864898
Pvalb-IRES-Cre,,Older Gouwen,,487400838
Pvalb-IRES-Cre,,Older Gouwen,,484744867
Pvalb-IRES-Cre,,Older Gouwen,,475895240
Pvalb-IRES-Cre,,Older Gouwen,,475894121
Pvalb-IRES-Cre,,Older Gouwen,,591278744
Pvalb-IRES-Cre,,Older Gouwen,,571314481
Pvalb-IRES-Cre,,Older Gouwen,,509683388
Pvalb-IRES-Cre,,Older Gouwen,,509779247
Pvalb-IRES-Cre,,Older Gouwen,,466114829
Pvalb-IRES-Cre,,Older Gouwen,,481093525
Pvalb-IRES-Cre,,Older Gouwen,,478958894
Pvalb-IRES-Cre,,Older Gouwen,,509515969
Pvalb-IRES-Cre,,Older Gouwen,,571379507
Pvalb-IRES-Cre,,Older Gouwen,,509522358
Pvalb-IRES-Cre,,Older Gouwen,,500864322
Pvalb-IRES-Cre,,Older Gouwen,,569998790
Pvalb-IRES-Cre,,Older Gouwen,,482491330
Pvalb-IRES-Cre,,Older Gouwen,,581403121
Pvalb-IRES-Cre,,Older Gouwen,,313861539
Pvalb-IRES-Cre,,Older Gouwen,,571715883
Pvalb-IRES-Cre,,Older Gouwen,,569997187
Pvalb-IRES-Cre,,Older Gouwen,,469614747
Pvalb-IRES-Cre,,Older Gouwen,,485245025
Pvalb-IRES-Cre,,Older Gouwen,,464368713
Pvalb-IRES-Cre,,Older Gouwen,,579414994
Pvalb-IRES-Cre,,Older Gouwen,,567952169
Pvalb-IRES-Cre,,Older Gouwen,,487668030
Pvalb-IRES-Cre,,Older Gouwen,,396369826
Pvalb-IRES-Cre,,Older Gouwen,,396687610
Pvalb-IRES-Cre,,Older Gouwen,,500879695
Pvalb-IRES-Cre,,Older Gouwen,,320247631
Pvalb-IRES-Cre,,Older Gouwen,,321707833
Pvalb-IRES-Cre,,Older Gouwen,,485053941
Pvalb-IRES-Cre,,Older Gouwen,,569991910
Pvalb-IRES-Cre,,Older Gouwen,,481127348
Pvalb-IRES-Cre,,Older Gouwen,,503254105
Pvalb-IRES-Cre,,Older Gouwen,,486791945
Pvalb-IRES-Cre,,Older Gouwen,,567987585
Pvalb-IRES-Cre,,Older Gouwen,,573976402
Pvalb-IRES-Cre,,Older Gouwen,,569749430
Pvalb-IRES-Cre,,Older Gouwen,,466245544
Pvalb-IRES-Cre,,Older Gouwen,,485253111
Pvalb-IRES-Cre,,Older Gouwen,,488685185
Pvalb-IRES-Cre,,Older Gouwen,,569723367
Pvalb-IRES-Cre,,Older Gouwen,,579671105
Pvalb-IRES-Cre,,Older Gouwen,,491038812
Pvalb-IRES-Cre,,Older Gouwen,,487640196
Pvalb-IRES-Cre,,Older Gouwen,,487323089
Pvalb-IRES-Cre,,Older Gouwen,,569723405
Pvalb-IRES-Cre,,Older Gouwen,,484629749
Pvalb-IRES-Cre,,Older Gouwen,,488501071
Pvalb-IRES-Cre,,Older Gouwen,,487638658
Pvalb-IRES-Cre,,Older Gouwen,,599434799
Pvalb-IRES-Cre,,Older Gouwen,,321704734
Pvalb-IRES-Cre,,Older Gouwen,,588189066
Pvalb-IRES-Cre,,Older Gouwen,,480735016
Pvalb-IRES-Cre,,Older Gouwen,,579672464
Pvalb-IRES-Cre,,Older Gouwen,,572295788
Pvalb-IRES-Cre,,Older Gouwen,,396608557
Pvalb-IRES-Cre,,Older Gouwen,,574992320
Pvalb-IRES-Cre,,Older Gouwen,,488708322
Pvalb-IRES-Cre,,Older Gouwen,,475550148
Pvalb-IRES-Cre,,Older Gouwen,,570081589
Pvalb-IRES-Cre,,Older Gouwen,,321708130
Pvalb-IRES-Cre,,Older Gouwen,,511247944
Pvalb-IRES-Cre,,Older Gouwen,,485184849
Pvalb-IRES-Cre,,Older Gouwen,,485182007
Pvalb-IRES-Cre,,Older Gouwen,,569955172
Pvalb-IRES-Cre,,Older Gouwen,,478795872
Pvalb-IRES-Cre,,Older Gouwen,,477490421
Pvalb-IRES-Cre,,Older Gouwen,,480963429
Pvalb-IRES-Cre,,Older Gouwen,,318553131
Pvalb-IRES-Cre,,Older Gouwen,,515305346
Pvalb-IRES-Cre,,Older Gouwen,,486777819
Pvalb-IRES-Cre,,Older Gouwen,,330080937
Pvalb-IRES-Cre,,Older Gouwen,,571396942
Pvalb-IRES-Cre,,Older Gouwen,,510715606
Pvalb-IRES-Cre,,Older Gouwen,,469610831
Pvalb-IRES-Cre,,Older Gouwen,,478058328
Pvalb-IRES-Cre,,Older Gouwen,,320466776
Pvalb-IRES-Cre,,Older Gouwen,,579283563
Pvalb-IRES-Cre,,Older Gouwen,,572376830
Pvalb-IRES-Cre,,Older Gouwen,,341016267
Pvalb-IRES-Cre,,Older Gouwen,,488687042
Pvalb-IRES-Cre,,Older Gouwen,,572409429
Pvalb-IRES-Cre,,Older Gouwen,,341459814
Pvalb-IRES-Cre,,Older Gouwen,,574067499
Pvalb-IRES-Cre,,Older Gouwen,,318543876
Pvalb-IRES-Cre,,Older Gouwen,,569720969
Pvalb-IRES-Cre,,Older Gouwen,,510706277
Pvalb-IRES-Cre,,Older Gouwen,,485048967
Pvalb-IRES-Cre,,Older Gouwen,,570089080
Pvalb-IRES-Cre,,Older Gouwen,,480952106
Pvalb-IRES-Cre,,Older Gouwen,,479298854
Pvalb-IRES-Cre,,Older Gouwen,,320466871
Pvalb-IRES-Cre,,Older Gouwen,,515302868
Pvalb-IRES-Cre,,Older Gouwen,,487306716
Pvalb-IRES-Cre,,Older Gouwen,,570946690
Pvalb-IRES-Cre,,Older Gouwen,,318556138
Pvalb-IRES-Cre,,Older Gouwen,,470062597
Pvalb-IRES-Cre,,Older Gouwen,,580639899
Pvalb-IRES-Cre,,Older Gouwen,,318331342
Pvalb-IRES-Cre,,Older Gouwen,,318522838
Pvalb-IRES-Cre,,Older Gouwen,,475892238
Pvalb-IRES-Cre,,Older Gouwen,,471077857
Pvalb-IRES-Cre,,Older Gouwen,,572609108
Pvalb-IRES-Cre,,Older Gouwen,,482516713
Pvalb-IRES-Cre,,Older Gouwen,,469992918
Pvalb-IRES-Cre,,Older Gouwen,,486783119
Pvalb-IRES-Cre,,Older Gouwen,,478949560
Pvalb-IRES-Cre,,Older Gouwen,,573948335
Pvalb-IRES-Cre,,Older Gouwen,,481127173
Pvalb-IRES-Cre,,Older Gouwen,,313861411
Pvalb-IRES-Cre,,Older Gouwen,,488688580
Pvalb-IRES-Cre,,Older Gouwen,,581404810
Pvalb-IRES-Cre,,Older Gouwen,,567446579
Pvalb-IRES-Cre,,Older Gouwen,,579282688
Pvalb-IRES-Cre,,Older Gouwen,,509516379
Pvalb-IRES-Cre,,Older Gouwen,,481018305
Pvalb-IRES-Cre,,Older Gouwen,,481096407
Pvalb-IRES-Cre,,Older Gouwen,,488770805
Pvalb-IRES-Cre,,Older Gouwen,,487667205
Pvalb-IRES-Cre,,Older Gouwen,,488711144
Pvalb-IRES-Cre,,Older Gouwen,,488440436
Pvalb-IRES-Cre,,Older Gouwen,,490387590
Pvalb-IRES-Cre,,Older Gouwen,,579392973
Pvalb-IRES-Cre,,Older Gouwen,,336676216
Pvalb-IRES-Cre,,Older Gouwen,,488501487
Pvalb-IRES-Cre,,Older Gouwen,,479010903
Pvalb-IRES-Cre,,Older Gouwen,,488440893
Pvalb-IRES-Cre,,Older Gouwen,,490386426
Pvalb-IRES-Cre,,Older Gouwen,,318362027
Pvalb-IRES-Cre,,Older Gouwen,,485639243
Pvalb-IRES-Cre,,Older Gouwen,,313861608
Pvalb-IRES-Cre,,Older Gouwen,,509617624
Pvalb-IRES-Cre,,Older Gouwen,,485060618
Pvalb-IRES-Cre,,Older Gouwen,,479225274
Pvalb-IRES-Cre,,Older Gouwen,,567927838
Pvalb-IRES-Cre,,Older Gouwen,,570091111
Pvalb-IRES-Cre,,Older Gouwen,,322520586
Pvalb-IRES-Cre,,Older Gouwen,,574377552
Pvalb-IRES-Cre,,Older Gouwen,,482444444
Pvalb-IRES-Cre,,Older Gouwen,,471087830
Pvalb-IRES-Cre,,Older Gouwen,,591268268
Pvalb-IRES-Cre,,Older Gouwen,,574059157
Pvalb-IRES-Cre,,Older Gouwen,,570931770
Pvalb-IRES-Cre,,Older Gouwen,,598380007
Pvalb-IRES-Cre,,Older Gouwen,,321707905
Pvalb-IRES-Cre,,Older Gouwen,,488707768
Pvalb-IRES-Cre,,Older Gouwen,,579290303
Pvalb-IRES-Cre,,Older Gouwen,,487594856
Pvalb-IRES-Cre,,Older Gouwen,,591639922
Pvalb-IRES-Cre,,Older Gouwen,,333604946
Pvalb-IRES-Cre,,Older Gouwen,,469801569
Pvalb-IRES-Cre,,Older Gouwen,,396652279
Pvalb-IRES-Cre,,Older Gouwen,,475545150
Pvalb-IRES-Cre,,Older Gouwen,,321016044
Pvalb-IRES-Cre,,Older Gouwen,,475549284
Pvalb-IRES-Cre,,Older Gouwen,,478828646
Pvalb-IRES-Cre,,Older Gouwen,,511244283
Pvalb-IRES-Cre,,Older Gouwen,,396650742
Pvalb-IRES-Cre,,Older Gouwen,,486896849
Pvalb-IRES-Cre,,Older Gouwen,,330154280
Pvalb-IRES-Cre,,Older Gouwen,,515296303
Pvalb-IRES-Cre,,Older Gouwen,,571311039
Pvalb-IRES-Cre,,Older Gouwen,,572375809
Pvalb-IRES-Cre,,Older Gouwen,,481017021
Pvalb-IRES-Cre,,Older Gouwen,,484818613
Pvalb-IRES-Cre,,Older Gouwen,,484635029
Pvalb-IRES-Cre,,Older Gouwen,,569955315
Pvalb-IRES-Cre,,Older Gouwen,,321023397
Pvalb-IRES-Cre,,Older Gouwen,,571867358
Pvalb-IRES-Cre,,Older Gouwen,,313862373
Pvalb-IRES-Cre,,Older Gouwen,,487359276
Pvalb-IRES-Cre,,Older Gouwen,,485630699
Pvalb-IRES-Cre,,Older Gouwen,,568790226
Pvalb-IRES-Cre,,Older Gouwen,,489719193
Pvalb-IRES-Cre,,Older Gouwen,,487537399
Pvalb-IRES-Cre,,Older Gouwen,,318331264
Pvalb-IRES-Cre,,Older Gouwen,,488497498
Pvalb-IRES-Cre,,Older Gouwen,,475888653
Pvalb-IRES-Cre,,Older Gouwen,,570098371
Pvalb-IRES-Cre,,Older Gouwen,,396274594
Pvalb-IRES-Cre,,Older Gouwen,,471077468
Pvalb-IRES-Cre,,Older Gouwen,,341442651
Pvalb-IRES-Cre,,Older Gouwen,,571379222
Pvalb-IRES-Cre,,Older Gouwen,,320421014
Pvalb-IRES-Cre,,Older Gouwen,,464290292
Pvalb-IRES-Cre,,Older Gouwen,,333785962
Pvalb-IRES-Cre,,Older Gouwen,,484742605
Pvalb-IRES-Cre,,Older Gouwen,,570932768
Pvalb-IRES-Cre,,Older Gouwen,,321019600
Pvalb-IRES-Cre,,Older Gouwen,,500862585
Pvalb-IRES-Cre,,Older Gouwen,,488230133
Pvalb-IRES-Cre,,Older Gouwen,,485640247
Pvalb-IRES-Cre,,Older Gouwen,,333785935
Pvalb-IRES-Cre,,Older Gouwen,,572609946
Penk-IRES2-Cre-neo,,Older Gouwen,,604130772
Penk-IRES2-Cre-neo,,Older Gouwen,,605660220
Penk-IRES2-Cre-neo,,Older Gouwen,,604134393
Penk-IRES2-Cre-neo,,Older Gouwen,,604142045
Penk-IRES2-Cre-neo,,Older Gouwen,,603411614
Penk-IRES2-Cre-neo,,Older Gouwen,,605631509
Penk-IRES2-Cre-neo,,Older Gouwen,,603423462
Penk-IRES2-Cre-neo,,Older Gouwen,,603402458
Oxtr-T2A-Cre,,Older Gouwen,,565871768
Oxtr-T2A-Cre,,Older Gouwen,,565888394
Oxtr-T2A-Cre,,Older Gouwen,,580007431
Oxtr-T2A-Cre,,Older Gouwen,,580010290
Oxtr-T2A-Cre,,Older Gouwen,,584670484
Oxtr-T2A-Cre,,Older Gouwen,,565407476
Oxtr-T2A-Cre,,Older Gouwen,,578938153
Oxtr-T2A-Cre,,Older Gouwen,,565871856
Oxtr-T2A-Cre,,Older Gouwen,,584280397
Oxtr-T2A-Cre,,Older Gouwen,,565866518
Oxtr-T2A-Cre,,Older Gouwen,,578898150
Oxtr-T2A-Cre,,Older Gouwen,,565397408
Oxtr-T2A-Cre,,Older Gouwen,,584671501
Oxtr-T2A-Cre,,Older Gouwen,,565462089
Oxtr-T2A-Cre,,Older Gouwen,,584271064
Oxtr-T2A-Cre,,Older Gouwen,,565870964
Oxtr-T2A-Cre,,Older Gouwen,,565858209
Oxtr-T2A-Cre,,Older Gouwen,,584681388
Oxtr-T2A-Cre,,Older Gouwen,,584254833
Oxtr-T2A-Cre,,Older Gouwen,,565381304
Oxtr-T2A-Cre,,Older Gouwen,,578929342
Oxtr-T2A-Cre,,Older Gouwen,,565855793
Oxtr-T2A-Cre,,Older Gouwen,,578894262
Oxtr-T2A-Cre,,Older Gouwen,,565459685
Oxtr-T2A-Cre,,Older Gouwen,,580212997
Oxtr-T2A-Cre,,Older Gouwen,,584219169
Oxtr-T2A-Cre,,Older Gouwen,,580005568
Oxtr-T2A-Cre,,Older Gouwen,,584665305
Oxtr-T2A-Cre,,Older Gouwen,,584231995
Oxtr-T2A-Cre,,Older Gouwen,,565417112
Oxtr-T2A-Cre,,Older Gouwen,,584215214
Oxtr-T2A-Cre,,Older Gouwen,,580014328
Oxtr-T2A-Cre,,Older Gouwen,,584664194
Oxtr-T2A-Cre,,Older Gouwen,,565448436
Oxtr-T2A-Cre,,Older Gouwen,,565863515
Oxtr-T2A-Cre,,Older Gouwen,,584682764
Oxtr-T2A-Cre,,Older Gouwen,,584680861
Oxtr-T2A-Cre,,Older Gouwen,,565415071
Oxtr-T2A-Cre,,Older Gouwen,,578909807
Oxtr-T2A-Cre,,Older Gouwen,,580257315
Oxtr-T2A-Cre,,Older Gouwen,,580234482
Oxtr-T2A-Cre,,Older Gouwen,,580203028
Oxtr-T2A-Cre,,Older Gouwen,,578917575
Oxtr-T2A-Cre,,Older Gouwen,,580194100
Oxtr-T2A-Cre,,Older Gouwen,,584660071
Oxtr-T2A-Cre,,Older Gouwen,,580236419
Ntsr1-Cre_GN220,,Older Gouwen,,488688374
Ntsr1-Cre_GN220,,Older Gouwen,,488428837
Ntsr1-Cre_GN220,,Older Gouwen,,509003464
Ntsr1-Cre_GN220,,Older Gouwen,,485934207
Ntsr1-Cre_GN220,,Older Gouwen,,322762730
Ntsr1-Cre_GN220,,Older Gouwen,,503595332
Ntsr1-Cre_GN220,,Older Gouwen,,485905411
Ntsr1-Cre_GN220,,Older Gouwen,,490718897
Ntsr1-Cre_GN220,,Older Gouwen,,490263438
Ntsr1-Cre_GN220,,Older Gouwen,,503286448
Ntsr1-Cre_GN220,,Older Gouwen,,515986607
Ntsr1-Cre_GN220,,Older Gouwen,,490382353
Ntsr1-Cre_GN220,,Older Gouwen,,503814817
Ntsr1-Cre_GN220,,Older Gouwen,,471789504
Ntsr1-Cre_GN220,,Older Gouwen,,488674910
Ntsr1-Cre_GN220,,Older Gouwen,,490259892
Ntsr1-Cre_GN220,,Older Gouwen,,503517607
Ntsr1-Cre_GN220,,Older Gouwen,,507918877
Ntsr1-Cre_GN220,,Older Gouwen,,522676397
Ntsr1-Cre_GN220,,Older Gouwen,,539742766
Ntsr1-Cre_GN220,,Older Gouwen,,508980706
Ntsr1-Cre_GN220,,Older Gouwen,,322781822
Ntsr1-Cre_GN220,,Older Gouwen,,522696638
Ntsr1-Cre_GN220,,Older Gouwen,,490746462
Ntsr1-Cre_GN220,,Older Gouwen,,559222019
Ntsr1-Cre_GN220,,Older Gouwen,,559221786
Ntsr1-Cre_GN220,,Older Gouwen,,501562903
Ntsr1-Cre_GN220,,Older Gouwen,,488687894
Ntsr1-Cre_GN220,,Older Gouwen,,471819401
Ntsr1-Cre_GN220,,Older Gouwen,,522152249
Ntsr1-Cre_GN220,,Older Gouwen,,488676149
Ntsr1-Cre_GN220,,Older Gouwen,,490264167
Ntsr1-Cre_GN220,,Older Gouwen,,471786879
Ntsr1-Cre_GN220,,Older Gouwen,,485911892
Ntsr1-Cre_GN220,,Older Gouwen,,517077548
Ntsr1-Cre_GN220,,Older Gouwen,,488688344
Ntsr1-Cre_GN220,,Older Gouwen,,485288679
Ntsr1-Cre_GN220,,Older Gouwen,,485905391
Ntsr1-Cre_GN220,,Older Gouwen,,503582237
Ntsr1-Cre_GN220,,Older Gouwen,,508987256
Ntsr1-Cre_GN220,,Older Gouwen,,490385956
Ntsr1-Cre_GN220,,Older Gouwen,,488430421
Ntsr1-Cre_GN220,,Older Gouwen,,488426904
Ntsr1-Cre_GN220,,Older Gouwen,,508272216
Ntsr1-Cre_GN220,,Older Gouwen,,485339983
Ntsr1-Cre_GN220,,Older Gouwen,,488432250
Ntsr1-Cre_GN220,,Older Gouwen,,509005331
Ntsr1-Cre_GN220,,Older Gouwen,,488430487
Ntsr1-Cre_GN220,,Older Gouwen,,485182362
Ntsr1-Cre_GN220,,Older Gouwen,,508275137
Ntsr1-Cre_GN220,,Older Gouwen,,471800189
Ntsr1-Cre_GN220,,Older Gouwen,,466632464
Ntsr1-Cre_GN220,,Older Gouwen,,490712265
Ntsr1-Cre_GN220,,Older Gouwen,,485287944
Ntsr1-Cre_GN220,,Older Gouwen,,516086402
Ntsr1-Cre_GN220,,Older Gouwen,,322274121
Ntsr1-Cre_GN220,,Older Gouwen,,471410185
Ntsr1-Cre_GN220,,Older Gouwen,,485938494
Ntsr1-Cre_GN220,,Older Gouwen,,501566512
Ntsr1-Cre_GN220,,Older Gouwen,,490485142
Ntsr1-Cre_GN220,,Older Gouwen,,488467273
Ntsr1-Cre_GN220,,Older Gouwen,,501563275
Ntsr1-Cre_GN220,,Older Gouwen,,322297406
Ntsr1-Cre_GN220,,Older Gouwen,,488448839
Ntsr1-Cre_GN220,,Older Gouwen,,503823047
Ntsr1-Cre_GN220,,Older Gouwen,,488675026
Ntsr1-Cre_GN220,,Older Gouwen,,490259231
Ntsr1-Cre_GN220,,Older Gouwen,,522147522
Ntsr1-Cre_GN220,,Older Gouwen,,488462885
Ntsr1-Cre_GN220,,Older Gouwen,,507914933
Nr5a1-Cre,,Older Gouwen,,502267531
Nr5a1-Cre,,Older Gouwen,,517974394
Nr5a1-Cre,,Older Gouwen,,476457450
Nr5a1-Cre,,Older Gouwen,,517977609
Nr5a1-Cre,,Older Gouwen,,369697038
Nr5a1-Cre,,Older Gouwen,,569424261
Nr5a1-Cre,,Older Gouwen,,478447600
Nr5a1-Cre,,Older Gouwen,,485468180
Nr5a1-Cre,,Older Gouwen,,502193385
Nr5a1-Cre,,Older Gouwen,,560599530
Nr5a1-Cre,,Older Gouwen,,505808144
Nr5a1-Cre,,Older Gouwen,,318733871
Nr5a1-Cre,,Older Gouwen,,502260112
Nr5a1-Cre,,Older Gouwen,,485570372
Nr5a1-Cre,,Older Gouwen,,510451636
Nr5a1-Cre,,Older Gouwen,,482910438
Nr5a1-Cre,,Older Gouwen,,489754156
Nr5a1-Cre,,Older Gouwen,,489888847
Nr5a1-Cre,,Older Gouwen,,476452460
Nr5a1-Cre,,Older Gouwen,,321923492
Nr5a1-Cre,,Older Gouwen,,370351753
Nr5a1-Cre,,Older Gouwen,,469734859
Nr5a1-Cre,,Older Gouwen,,479679997
Nr5a1-Cre,,Older Gouwen,,386970660
Nr5a1-Cre,,Older Gouwen,,397353539
Nr5a1-Cre,,Older Gouwen,,485490864
Nr5a1-Cre,,Older Gouwen,,482905575
Nr5a1-Cre,,Older Gouwen,,562185938
Nr5a1-Cre,,Older Gouwen,,502245101
Nr5a1-Cre,,Older Gouwen,,482726727
Nr5a1-Cre,,Older Gouwen,,386867406
Nr5a1-Cre,,Older Gouwen,,482726749
Nr5a1-Cre,,Older Gouwen,,514544971
Nr5a1-Cre,,Older Gouwen,,367567889
Nr5a1-Cre,,Older Gouwen,,483020137
Nr5a1-Cre,,Older Gouwen,,502993826
Nr5a1-Cre,,Older Gouwen,,510946335
Nr5a1-Cre,,Older Gouwen,,422055317
Nr5a1-Cre,,Older Gouwen,,502978383
Nr5a1-Cre,,Older Gouwen,,318808427
Nr5a1-Cre,,Older Gouwen,,489888898
Nr5a1-Cre,,Older Gouwen,,479682071
Nr5a1-Cre,,Older Gouwen,,489885173
Nr5a1-Cre,,Older Gouwen,,321906005
Nr5a1-Cre,,Older Gouwen,,356237593
Nr5a1-Cre,,Older Gouwen,,385492488
Nr5a1-Cre,,Older Gouwen,,489753277
Nr5a1-Cre,,Older Gouwen,,422738880
Nr5a1-Cre,,Older Gouwen,,476455864
Nr5a1-Cre,,Older Gouwen,,475838754
Nr5a1-Cre,,Older Gouwen,,475459689
Nr5a1-Cre,,Older Gouwen,,485570335
Nr5a1-Cre,,Older Gouwen,,486510127
Nr5a1-Cre,,Older Gouwen,,489753228
Nr5a1-Cre,,Older Gouwen,,482652174
Nr5a1-Cre,,Older Gouwen,,382982932
Nr5a1-Cre,,Older Gouwen,,578938449
Nr5a1-Cre,,Older Gouwen,,569441208
Nr5a1-Cre,,Older Gouwen,,489731121
Nr5a1-Cre,,Older Gouwen,,386049446
Nr5a1-Cre,,Older Gouwen,,465924786
Nr5a1-Cre,,Older Gouwen,,482658760
Nr5a1-Cre,,Older Gouwen,,577854506
Nr5a1-Cre,,Older Gouwen,,321893798
Nr5a1-Cre,,Older Gouwen,,578517537
Nr5a1-Cre,,Older Gouwen,,502269786
Nr5a1-Cre,,Older Gouwen,,482809953
Nr5a1-Cre,,Older Gouwen,,517752298
Nr5a1-Cre,,Older Gouwen,,397354239
Nr5a1-Cre,,Older Gouwen,,397348126
Nr5a1-Cre,,Older Gouwen,,482799345
Nr5a1-Cre,,Older Gouwen,,483027960
Nr5a1-Cre,,Older Gouwen,,370694659
Nr5a1-Cre,,Older Gouwen,,354833767
Nr5a1-Cre,,Older Gouwen,,475330208
Nr5a1-Cre,,Older Gouwen,,476086391
Nr5a1-Cre,,Older Gouwen,,560594898
Nr5a1-Cre,,Older Gouwen,,476451456
Nr5a1-Cre,,Older Gouwen,,510455612
Nr5a1-Cre,,Older Gouwen,,469720505
Nr5a1-Cre,,Older Gouwen,,489752610
Nr5a1-Cre,,Older Gouwen,,478439166
Nr5a1-Cre,,Older Gouwen,,321923685
Nr5a1-Cre,,Older Gouwen,,469704261
Nr5a1-Cre,,Older Gouwen,,476087653
Nr5a1-Cre,,Older Gouwen,,479683481
Nr5a1-Cre,,Older Gouwen,,397345294
Nr5a1-Cre,,Older Gouwen,,510658021
Nr5a1-Cre,,Older Gouwen,,397351623
Nr5a1-Cre,,Older Gouwen,,514530024
Nr5a1-Cre,,Older Gouwen,,483024426
Nos1-CreERT2|Sst-IRES-FlpO,,Older Gouwen,,572410577
Nos1-CreERT2|Sst-IRES-FlpO,,Older Gouwen,,592712536
Nos1-CreERT2|Sst-IRES-FlpO,,Older Gouwen,,574038330
Nos1-CreERT2|Sst-IRES-FlpO,,Older Gouwen,,547262673
Nos1-CreERT2|Sst-IRES-FlpO,,Older Gouwen,,517345160
Nos1-CreERT2|Sst-IRES-FlpO,,Older Gouwen,,592952680
Nos1-CreERT2|Sst-IRES-FlpO,,Older Gouwen,,586566174
Nos1-CreERT2|Sst-IRES-FlpO,,Older Gouwen,,623427407
Nos1-CreERT2|Sst-IRES-FlpO,,Older Gouwen,,547330489
Nos1-CreERT2|Sst-IRES-FlpO,,Older Gouwen,,547262585
Nos1-CreERT2|Sst-IRES-FlpO,,Older Gouwen,,587081792
Nos1-CreERT2|Sst-IRES-FlpO,,Older Gouwen,,547336671
Nos1-CreERT2|Sst-IRES-FlpO,,Older Gouwen,,574036994
Nos1-CreERT2|Sst-IRES-FlpO,,Older Gouwen,,516327568
Nos1-CreERT2|Sst-IRES-FlpO,,Older Gouwen,,592723092
Nos1-CreERT2|Sst-IRES-FlpO,,Older Gouwen,,516362762
Nos1-CreERT2|Sst-IRES-FlpO,,Older Gouwen,,586517633
Nos1-CreERT2|Sst-IRES-FlpO,,Older Gouwen,,547238558
Nos1-CreERT2|Sst-IRES-FlpO,,Older Gouwen,,623379534
Nos1-CreERT2|Sst-IRES-FlpO,,Older Gouwen,,591265629
Nos1-CreERT2|Sst-IRES-FlpO,,Older Gouwen,,572416871
Nos1-CreERT2|Sst-IRES-FlpO,,Older Gouwen,,547344442
Nos1-CreERT2|Sst-IRES-FlpO,,Older Gouwen,,623892261
Nos1-CreERT2|Sst-IRES-FlpO,,Older Gouwen,,547328377
Nos1-CreERT2|Sst-IRES-FlpO,,Older Gouwen,,573622646
Nos1-CreERT2|Sst-IRES-FlpO,,Older Gouwen,,547616623
Nos1-CreERT2|Sst-IRES-FlpO,,Older Gouwen,,623185845
Nos1-CreERT2|Sst-IRES-FlpO,,Older Gouwen,,547642256
Nos1-CreERT2|Sst-IRES-FlpO,,Older Gouwen,,617745241
Nos1-CreERT2|Sst-IRES-FlpO,,Older Gouwen,,547325858
Nos1-CreERT2|Sst-IRES-FlpO,,Older Gouwen,,623436161
Nos1-CreERT2|Sst-IRES-FlpO,,Older Gouwen,,623960880
Nos1-CreERT2|Sst-IRES-FlpO,,Older Gouwen,,591250232
Nos1-CreERT2|Sst-IRES-FlpO,,Older Gouwen,,517353438
Nos1-CreERT2|Sst-IRES-FlpO,,Older Gouwen,,587096515
Nos1-CreERT2|Sst-IRES-FlpO,,Older Gouwen,,517330781
Nos1-CreERT2|Sst-IRES-FlpO,,Older Gouwen,,586559181
Nos1-CreERT2|Sst-IRES-FlpO,,Older Gouwen,,587077323
Nos1-CreERT2|Sst-IRES-FlpO,,Older Gouwen,,573636382
Nos1-CreERT2|Sst-IRES-FlpO,,Older Gouwen,,572424901
Nos1-CreERT2|Sst-IRES-FlpO,,Older Gouwen,,587079262
Nos1-CreERT2|Sst-IRES-FlpO,,Older Gouwen,,592960350
Nos1-CreERT2|Sst-IRES-FlpO,,Older Gouwen,,517343484
Nos1-CreERT2,,Older Gouwen,,524090036
Nos1-CreERT2,,Older Gouwen,,530737765
Nos1-CreERT2,,Older Gouwen,,560965993
Nos1-CreERT2,,Older Gouwen,,560748672
Nos1-CreERT2,,Older Gouwen,,560924300
Nos1-CreERT2,,Older Gouwen,,566648315
Nos1-CreERT2,,Older Gouwen,,566719275
Nos1-CreERT2,,Older Gouwen,,560738452
Nos1-CreERT2,,Older Gouwen,,524074295
Nos1-CreERT2,,Older Gouwen,,566724483
Nos1-CreERT2,,Older Gouwen,,560968319
Nos1-CreERT2,,Older Gouwen,,566720165
Nos1-CreERT2,,Older Gouwen,,523729022
Nos1-CreERT2,,Older Gouwen,,530731648
Nos1-CreERT2,,Older Gouwen,,523748610
Nos1-CreERT2,,Older Gouwen,,560750295
Nos1-CreERT2,,Older Gouwen,,566655990
Nos1-CreERT2,,Older Gouwen,,566728192
Nos1-CreERT2,,Older Gouwen,,523708351
Nos1-CreERT2,,Older Gouwen,,560992553
Nos1-CreERT2,,Older Gouwen,,560753350
Nos1-CreERT2,,Older Gouwen,,566647353
Nos1-CreERT2,,Older Gouwen,,561039262
Nos1-CreERT2,,Older Gouwen,,566719750
Nkx2-1-CreERT2,,Older Gouwen,,581020172
Nkx2-1-CreERT2,,Older Gouwen,,580537822
Nkx2-1-CreERT2,,Older Gouwen,,581058351
Nkx2-1-CreERT2,,Older Gouwen,,554443833
Nkx2-1-CreERT2,,Older Gouwen,,561325425
Nkx2-1-CreERT2,,Older Gouwen,,563620254
Nkx2-1-CreERT2,,Older Gouwen,,563373346
Nkx2-1-CreERT2,,Older Gouwen,,606346614
Nkx2-1-CreERT2,,Older Gouwen,,581340781
Nkx2-1-CreERT2,,Older Gouwen,,606245618
Nkx2-1-CreERT2,,Older Gouwen,,606517484
Nkx2-1-CreERT2,,Older Gouwen,,554432769
Nkx2-1-CreERT2,,Older Gouwen,,561520050
Nkx2-1-CreERT2,,Older Gouwen,,580507567
Nkx2-1-CreERT2,,Older Gouwen,,581058864
Nkx2-1-CreERT2,,Older Gouwen,,554454165
Nkx2-1-CreERT2,,Older Gouwen,,561519381
Nkx2-1-CreERT2,,Older Gouwen,,554447280
Nkx2-1-CreERT2,,Older Gouwen,,566563603
Nkx2-1-CreERT2,,Older Gouwen,,563372842
Nkx2-1-CreERT2,,Older Gouwen,,581157315
Nkx2-1-CreERT2,,Older Gouwen,,561329890
Nkx2-1-CreERT2,,Older Gouwen,,566674875
Nkx2-1-CreERT2,,Older Gouwen,,561330525
Nkx2-1-CreERT2,,Older Gouwen,,580585082
Nkx2-1-CreERT2,,Older Gouwen,,581138223
Nkx2-1-CreERT2,,Older Gouwen,,580857280
Nkx2-1-CreERT2,,Older Gouwen,,554807988
Nkx2-1-CreERT2,,Older Gouwen,,566673170
Nkx2-1-CreERT2,,Older Gouwen,,566305266
Nkx2-1-CreERT2,,Older Gouwen,,554779051
Nkx2-1-CreERT2,,Older Gouwen,,567029686
Nkx2-1-CreERT2,,Older Gouwen,,606106445
Nkx2-1-CreERT2,,Older Gouwen,,561517025
Nkx2-1-CreERT2,,Older Gouwen,,563380422
Nkx2-1-CreERT2,,Older Gouwen,,566304697
Nkx2-1-CreERT2,,Older Gouwen,,566541912
Nkx2-1-CreERT2,,Older Gouwen,,566543480
Nkx2-1-CreERT2,,Older Gouwen,,566559909
Nkx2-1-CreERT2,,Older Gouwen,,566756038
Nkx2-1-CreERT2,,Older Gouwen,,605688696
Nkx2-1-CreERT2,,Older Gouwen,,581153862
Nkx2-1-CreERT2,,Older Gouwen,,605690670
Nkx2-1-CreERT2,,Older Gouwen,,606336338
Nkx2-1-CreERT2,,Older Gouwen,,566678900
Nkx2-1-CreERT2,,Older Gouwen,,561515555
Nkx2-1-CreERT2,,Older Gouwen,,566760952
Nkx2-1-CreERT2,,Older Gouwen,,554807924
Ndnf-IRES2-dgCre,,Older Gouwen,,562432852
Ndnf-IRES2-dgCre,,Older Gouwen,,555697303
Ndnf-IRES2-dgCre,,Older Gouwen,,562651165
Ndnf-IRES2-dgCre,,Older Gouwen,,527095729
Ndnf-IRES2-dgCre,,Older Gouwen,,565120091
Ndnf-IRES2-dgCre,,Older Gouwen,,527579814
Ndnf-IRES2-dgCre,,Older Gouwen,,564349611
Ndnf-IRES2-dgCre,,Older Gouwen,,564346637
Ndnf-IRES2-dgCre,,Older Gouwen,,579978640
Ndnf-IRES2-dgCre,,Older Gouwen,,556923554
Ndnf-IRES2-dgCre,,Older Gouwen,,569412397
Ndnf-IRES2-dgCre,,Older Gouwen,,564410881
Ndnf-IRES2-dgCre,,Older Gouwen,,538162646
Ndnf-IRES2-dgCre,,Older Gouwen,,536951541
Ndnf-IRES2-dgCre,,Older Gouwen,,516838734
Ndnf-IRES2-dgCre,,Older Gouwen,,557203722
Ndnf-IRES2-dgCre,,Older Gouwen,,569251652
Ndnf-IRES2-dgCre,,Older Gouwen,,526801742
Ndnf-IRES2-dgCre,,Older Gouwen,,555781149
Ndnf-IRES2-dgCre,,Older Gouwen,,562630201
Ndnf-IRES2-dgCre,,Older Gouwen,,527874431
Ndnf-IRES2-dgCre,,Older Gouwen,,527089085
Ndnf-IRES2-dgCre,,Older Gouwen,,526939383
Ndnf-IRES2-dgCre,,Older Gouwen,,569407114
Ndnf-IRES2-dgCre,,Older Gouwen,,579611597
Ndnf-IRES2-dgCre,,Older Gouwen,,598631490
Ndnf-IRES2-dgCre,,Older Gouwen,,527869035
Ndnf-IRES2-dgCre,,Older Gouwen,,555734606
Ndnf-IRES2-dgCre,,Older Gouwen,,579981789
Ndnf-IRES2-dgCre,,Older Gouwen,,526936091
Ndnf-IRES2-dgCre,,Older Gouwen,,569270348
Ndnf-IRES2-dgCre,,Older Gouwen,,569492761
Ndnf-IRES2-dgCre,,Older Gouwen,,565809656
Ndnf-IRES2-dgCre,,Older Gouwen,,556524816
Ndnf-IRES2-dgCre,,Older Gouwen,,564701029
Ndnf-IRES2-dgCre,,Older Gouwen,,527463935
Ndnf-IRES2-dgCre,,Older Gouwen,,555079011
Ndnf-IRES2-dgCre,,Older Gouwen,,560686477
Ndnf-IRES2-dgCre,,Older Gouwen,,564409183
Ndnf-IRES2-dgCre,,Older Gouwen,,565723357
Ndnf-IRES2-dgCre,,Older Gouwen,,575299891
Ndnf-IRES2-dgCre,,Older Gouwen,,556926517
Ndnf-IRES2-dgCre,,Older Gouwen,,569609830
Ndnf-IRES2-dgCre,,Older Gouwen,,555089724
Ndnf-IRES2-dgCre,,Older Gouwen,,579627022
Ndnf-IRES2-dgCre,,Older Gouwen,,539014038
Ndnf-IRES2-dgCre,,Older Gouwen,,579611637
Ndnf-IRES2-dgCre,,Older Gouwen,,575300383
Ndnf-IRES2-dgCre,,Older Gouwen,,564692405
Ndnf-IRES2-dgCre,,Older Gouwen,,526531616
Ndnf-IRES2-dgCre,,Older Gouwen,,530235049
Ndnf-IRES2-dgCre,,Older Gouwen,,574734127
Ndnf-IRES2-dgCre,,Older Gouwen,,592577385
Ndnf-IRES2-dgCre,,Older Gouwen,,574584859
Ndnf-IRES2-dgCre,,Older Gouwen,,565778331
Ndnf-IRES2-dgCre,,Older Gouwen,,565698986
Ndnf-IRES2-dgCre,,Older Gouwen,,574577489
Ndnf-IRES2-dgCre,,Older Gouwen,,516880237
Ndnf-IRES2-dgCre,,Older Gouwen,,527104986
Ndnf-IRES2-dgCre,,Older Gouwen,,565480987
Ndnf-IRES2-dgCre,,Older Gouwen,,569252686
Ndnf-IRES2-dgCre,,Older Gouwen,,556914447
Ndnf-IRES2-dgCre,,Older Gouwen,,569494755
Ndnf-IRES2-dgCre,,Older Gouwen,,569263301
Ndnf-IRES2-dgCre,,Older Gouwen,,565778579
Ndnf-IRES2-dgCre,,Older Gouwen,,579626068
Ndnf-IRES2-dgCre,,Older Gouwen,,564795087
Ndnf-IRES2-dgCre,,Older Gouwen,,538866343
Ndnf-IRES2-dgCre,,Older Gouwen,,569623233
Ndnf-IRES2-dgCre,,Older Gouwen,,555042715
Ndnf-IRES2-dgCre,,Older Gouwen,,564359799
Ndnf-IRES2-dgCre,,Older Gouwen,,562682546
Ndnf-IRES2-dgCre,,Older Gouwen,,557202210
Ndnf-IRES2-dgCre,,Older Gouwen,,556922061
Ndnf-IRES2-dgCre,,Older Gouwen,,565108355
Ndnf-IRES2-dgCre,,Older Gouwen,,560684168
Ndnf-IRES2-dgCre,,Older Gouwen,,562632795
Ndnf-IRES2-dgCre,,Older Gouwen,,564408650
Ndnf-IRES2-dgCre,,Older Gouwen,,526545261
Ndnf-IRES2-dgCre,,Older Gouwen,,526943222
Ndnf-IRES2-dgCre,,Older Gouwen,,562424079
Ndnf-IRES2-dgCre,,Older Gouwen,,556910601
Ndnf-IRES2-dgCre,,Older Gouwen,,564430168
Ndnf-IRES2-dgCre,,Older Gouwen,,527464013
Ndnf-IRES2-dgCre,,Older Gouwen,,562676370
Ndnf-IRES2-dgCre,,Older Gouwen,,536306115
Ndnf-IRES2-dgCre,,Older Gouwen,,565124865
Ndnf-IRES2-dgCre,,Older Gouwen,,557194325
Ndnf-IRES2-dgCre,,Older Gouwen,,569615443
Ndnf-IRES2-dgCre,,Older Gouwen,,564770700
Ndnf-IRES2-dgCre,,Older Gouwen,,574610205
Ndnf-IRES2-dgCre,,Older Gouwen,,565106612
Ndnf-IRES2-dgCre,,Older Gouwen,,564677541
Htr3a-Cre_NO152|Pvalb-T2A-Dre,,Older Gouwen,,580162060
Htr3a-Cre_NO152|Pvalb-T2A-Dre,,Older Gouwen,,580162374
Htr3a-Cre_NO152|Pvalb-T2A-Dre,,Older Gouwen,,580161872
Htr3a-Cre_NO152|Pvalb-T2A-Dre,,Older Gouwen,,585740198
Htr3a-Cre_NO152|Pvalb-T2A-Dre,,Older Gouwen,,590876255
Htr3a-Cre_NO152|Pvalb-T2A-Dre,,Older Gouwen,,585753841
Htr3a-Cre_NO152|Pvalb-T2A-Dre,,Older Gouwen,,586358539
Htr3a-Cre_NO152|Pvalb-T2A-Dre,,Older Gouwen,,591420537
Htr3a-Cre_NO152|Pvalb-T2A-Dre,,Older Gouwen,,586379590
Htr3a-Cre_NO152|Pvalb-T2A-Dre,,Older Gouwen,,590932287
Htr3a-Cre_NO152|Pvalb-T2A-Dre,,Older Gouwen,,590975447
Htr3a-Cre_NO152|Pvalb-T2A-Dre,,Older Gouwen,,586366106
Htr3a-Cre_NO152|Pvalb-T2A-Dre,,Older Gouwen,,590907673
Htr3a-Cre_NO152,,Older Gouwen,,583836069
Htr3a-Cre_NO152,,Older Gouwen,,522257166
Htr3a-Cre_NO152,,Older Gouwen,,327970859
Htr3a-Cre_NO152,,Older Gouwen,,583822407
Htr3a-Cre_NO152,,Older Gouwen,,561533860
Htr3a-Cre_NO152,,Older Gouwen,,473951795
Htr3a-Cre_NO152,,Older Gouwen,,584872371
Htr3a-Cre_NO152,,Older Gouwen,,555341581
Htr3a-Cre_NO152,,Older Gouwen,,482773968
Htr3a-Cre_NO152,,Older Gouwen,,479107488
Htr3a-Cre_NO152,,Older Gouwen,,439372920
Htr3a-Cre_NO152,,Older Gouwen,,477278032
Htr3a-Cre_NO152,,Older Gouwen,,522416880
Htr3a-Cre_NO152,,Older Gouwen,,482493761
Htr3a-Cre_NO152,,Older Gouwen,,482764620
Htr3a-Cre_NO152,,Older Gouwen,,475623964
Htr3a-Cre_NO152,,Older Gouwen,,564410651
Htr3a-Cre_NO152,,Older Gouwen,,487176969
Htr3a-Cre_NO152,,Older Gouwen,,569317896
Htr3a-Cre_NO152,,Older Gouwen,,464191630
Htr3a-Cre_NO152,,Older Gouwen,,555345752
Htr3a-Cre_NO152,,Older Gouwen,,441000782
Htr3a-Cre_NO152,,Older Gouwen,,519549081
Htr3a-Cre_NO152,,Older Gouwen,,583817628
Htr3a-Cre_NO152,,Older Gouwen,,481003643
Htr3a-Cre_NO152,,Older Gouwen,,326786924
Htr3a-Cre_NO152,,Older Gouwen,,561814552
Htr3a-Cre_NO152,,Older Gouwen,,482644550
Htr3a-Cre_NO152,,Older Gouwen,,473909767
Htr3a-Cre_NO152,,Older Gouwen,,482654108
Htr3a-Cre_NO152,,Older Gouwen,,569299459
Htr3a-Cre_NO152,,Older Gouwen,,596213704
Htr3a-Cre_NO152,,Older Gouwen,,481003593
Htr3a-Cre_NO152,,Older Gouwen,,486875162
Htr3a-Cre_NO152,,Older Gouwen,,561534047
Htr3a-Cre_NO152,,Older Gouwen,,481093098
Htr3a-Cre_NO152,,Older Gouwen,,475619177
Htr3a-Cre_NO152,,Older Gouwen,,327997484
Htr3a-Cre_NO152,,Older Gouwen,,514825708
Htr3a-Cre_NO152,,Older Gouwen,,522260194
Htr3a-Cre_NO152,,Older Gouwen,,442627661
Htr3a-Cre_NO152,,Older Gouwen,,575001377
Htr3a-Cre_NO152,,Older Gouwen,,479219923
Htr3a-Cre_NO152,,Older Gouwen,,561552455
Htr3a-Cre_NO152,,Older Gouwen,,564438523
Htr3a-Cre_NO152,,Older Gouwen,,574993444
Htr3a-Cre_NO152,,Older Gouwen,,481136138
Htr3a-Cre_NO152,,Older Gouwen,,574968354
Htr3a-Cre_NO152,,Older Gouwen,,469753383
Htr3a-Cre_NO152,,Older Gouwen,,474283475
Htr3a-Cre_NO152,,Older Gouwen,,569295876
Htr3a-Cre_NO152,,Older Gouwen,,583804033
Htr3a-Cre_NO152,,Older Gouwen,,514824979
Htr3a-Cre_NO152,,Older Gouwen,,578483845
Htr3a-Cre_NO152,,Older Gouwen,,596282602
Htr3a-Cre_NO152,,Older Gouwen,,486921382
Htr3a-Cre_NO152,,Older Gouwen,,475585413
Htr3a-Cre_NO152,,Older Gouwen,,326737743
Htr3a-Cre_NO152,,Older Gouwen,,575200757
Htr3a-Cre_NO152,,Older Gouwen,,522408506
Htr3a-Cre_NO152,,Older Gouwen,,578517952
Htr3a-Cre_NO152,,Older Gouwen,,327648537
Htr3a-Cre_NO152,,Older Gouwen,,482435718
Htr3a-Cre_NO152,,Older Gouwen,,327566447
Htr3a-Cre_NO152,,Older Gouwen,,482649712
Htr3a-Cre_NO152,,Older Gouwen,,490149337
Htr3a-Cre_NO152,,Older Gouwen,,482511164
Htr3a-Cre_NO152,,Older Gouwen,,555354254
Htr3a-Cre_NO152,,Older Gouwen,,482645063
Htr3a-Cre_NO152,,Older Gouwen,,481136214
Htr3a-Cre_NO152,,Older Gouwen,,475622680
Htr3a-Cre_NO152,,Older Gouwen,,578485753
Htr3a-Cre_NO152,,Older Gouwen,,481099785
Htr3a-Cre_NO152,,Older Gouwen,,477880128
Htr3a-Cre_NO152,,Older Gouwen,,487155664
Htr3a-Cre_NO152,,Older Gouwen,,439024551
Htr3a-Cre_NO152,,Older Gouwen,,561532710
Htr3a-Cre_NO152,,Older Gouwen,,473974547
Htr3a-Cre_NO152,,Older Gouwen,,574914313
Htr3a-Cre_NO152,,Older Gouwen,,464188580
Htr3a-Cre_NO152,,Older Gouwen,,487158599
Htr3a-Cre_NO152,,Older Gouwen,,477991293
Htr3a-Cre_NO152,,Older Gouwen,,327962063
Htr3a-Cre_NO152,,Older Gouwen,,565209132
Htr3a-Cre_NO152,,Older Gouwen,,475622793
Htr3a-Cre_NO152,,Older Gouwen,,574269602
Htr3a-Cre_NO152,,Older Gouwen,,474596625
Htr3a-Cre_NO152,,Older Gouwen,,553231879
Htr3a-Cre_NO152,,Older Gouwen,,504179737
Htr3a-Cre_NO152,,Older Gouwen,,565236919
Htr3a-Cre_NO152,,Older Gouwen,,555356054
Htr3a-Cre_NO152,,Older Gouwen,,327644217
Htr3a-Cre_NO152,,Older Gouwen,,561790658
Htr3a-Cre_NO152,,Older Gouwen,,561936316
Htr3a-Cre_NO152,,Older Gouwen,,475586130
Htr3a-Cre_NO152,,Older Gouwen,,522260244
Htr3a-Cre_NO152,,Older Gouwen,,327706437
Htr3a-Cre_NO152,,Older Gouwen,,487099387
Htr3a-Cre_NO152,,Older Gouwen,,474267418
Htr3a-Cre_NO152,,Older Gouwen,,481099415
Htr3a-Cre_NO152,,Older Gouwen,,576768088
Htr3a-Cre_NO152,,Older Gouwen,,479220013
Htr3a-Cre_NO152,,Older Gouwen,,553561593
Htr3a-Cre_NO152,,Older Gouwen,,481004298
Htr3a-Cre_NO152,,Older Gouwen,,490729633
Htr3a-Cre_NO152,,Older Gouwen,,583804142
Htr3a-Cre_NO152,,Older Gouwen,,504120613
Htr3a-Cre_NO152,,Older Gouwen,,478110866
Htr3a-Cre_NO152,,Older Gouwen,,474660482
Htr3a-Cre_NO152,,Older Gouwen,,326734770
Htr3a-Cre_NO152,,Older Gouwen,,561532476
Htr3a-Cre_NO152,,Older Gouwen,,475625477
Htr3a-Cre_NO152,,Older Gouwen,,488686369
Htr3a-Cre_NO152,,Older Gouwen,,475029659
Htr3a-Cre_NO152,,Older Gouwen,,486557574
Htr3a-Cre_NO152,,Older Gouwen,,561553133
Htr3a-Cre_NO152,,Older Gouwen,,473943881
Htr3a-Cre_NO152,,Older Gouwen,,575201827
Htr3a-Cre_NO152,,Older Gouwen,,486941367
Htr3a-Cre_NO152,,Older Gouwen,,519749342
Htr3a-Cre_NO152,,Older Gouwen,,519751607
Htr3a-Cre_NO152,,Older Gouwen,,564425006
Htr3a-Cre_NO152,,Older Gouwen,,569286299
Htr3a-Cre_NO152,,Older Gouwen,,475585451
Htr3a-Cre_NO152,,Older Gouwen,,479218494
Htr3a-Cre_NO152,,Older Gouwen,,327679841
Htr3a-Cre_NO152,,Older Gouwen,,561985849
Htr3a-Cre_NO152,,Older Gouwen,,478111731
Htr3a-Cre_NO152,,Older Gouwen,,584931329
Htr3a-Cre_NO152,,Older Gouwen,,482521571
Htr3a-Cre_NO152,,Older Gouwen,,474652473
Htr3a-Cre_NO152,,Older Gouwen,,477879512
Htr3a-Cre_NO152,,Older Gouwen,,475619045
Htr3a-Cre_NO152,,Older Gouwen,,482772037
Htr3a-Cre_NO152,,Older Gouwen,,591748519
Htr3a-Cre_NO152,,Older Gouwen,,555365036
Htr3a-Cre_NO152,,Older Gouwen,,481049269
Htr3a-Cre_NO152,,Older Gouwen,,519517188
Htr3a-Cre_NO152,,Older Gouwen,,475744706
Htr3a-Cre_NO152,,Older Gouwen,,475740357
Htr3a-Cre_NO152,,Older Gouwen,,591778248
Htr3a-Cre_NO152,,Older Gouwen,,481001895
Htr3a-Cre_NO152,,Older Gouwen,,575012511
Htr3a-Cre_NO152,,Older Gouwen,,482516216
Htr3a-Cre_NO152,,Older Gouwen,,474637203
Htr3a-Cre_NO152,,Older Gouwen,,480999763
Htr3a-Cre_NO152,,Older Gouwen,,561792152
Htr3a-Cre_NO152,,Older Gouwen,,569278799
Htr3a-Cre_NO152,,Older Gouwen,,522108467
Htr3a-Cre_NO152,,Older Gouwen,,326774520
Htr3a-Cre_NO152,,Older Gouwen,,569296410
Htr3a-Cre_NO152,,Older Gouwen,,569074571
Htr3a-Cre_NO152,,Older Gouwen,,478107198
Htr3a-Cre_NO152,,Older Gouwen,,474626527
Gng7-Cre_KH71,,Older Gouwen,,603739199
Glt25d2-Cre_NF107,,Older Gouwen,,572827931
Glt25d2-Cre_NF107,,Older Gouwen,,572609348
Glt25d2-Cre_NF107,,Older Gouwen,,573082177
Glt25d2-Cre_NF107,,Older Gouwen,,572609025
Glt25d2-Cre_NF107,,Older Gouwen,,573086094
Glt25d2-Cre_NF107,,Older Gouwen,,579452260
Glt25d2-Cre_NF107,,Older Gouwen,,572609644
Glt25d2-Cre_NF107,,Older Gouwen,,579263604
Glt25d2-Cre_NF107,,Older Gouwen,,572804610
Glt25d2-Cre_NF107,,Older Gouwen,,572798509
Glt25d2-Cre_NF107,,Older Gouwen,,572608696
Glt25d2-Cre_NF107,,Older Gouwen,,579462433
Gad2-IRES-Cre,,Older Gouwen,,464326210
Gad2-IRES-Cre,,Older Gouwen,,397243949
Gad2-IRES-Cre,,Older Gouwen,,323540736
Gad2-IRES-Cre,,Older Gouwen,,466705337
Gad2-IRES-Cre,,Older Gouwen,,397129612
Gad2-IRES-Cre,,Older Gouwen,,396963717
Gad2-IRES-Cre,,Older Gouwen,,594091004
Gad2-IRES-Cre,,Older Gouwen,,593321019
Gad2-IRES-Cre,,Older Gouwen,,396939115
Gad2-IRES-Cre,,Older Gouwen,,593398067
Gad2-IRES-Cre,,Older Gouwen,,593312584
Gad2-IRES-Cre,,Older Gouwen,,593312295
Gad2-IRES-Cre,,Older Gouwen,,397248752
Gad2-IRES-Cre,,Older Gouwen,,396968721
Gad2-IRES-Cre,,Older Gouwen,,594480606
Gad2-IRES-Cre,,Older Gouwen,,323523338
Gad2-IRES-Cre,,Older Gouwen,,397220859
Gad2-IRES-Cre,,Older Gouwen,,323535089
Gad2-IRES-Cre,,Older Gouwen,,593324192
Esr2-IRES2-Cre-neo|PhiC31-neo,,Older Gouwen,,554454458
Esr2-IRES2-Cre-neo,,Older Gouwen,,560373629
Esr2-IRES2-Cre|PhiC31-neo,,Older Gouwen,,560579916
Esr2-IRES2-Cre|PhiC31-neo,,Older Gouwen,,560581448
Esr2-IRES2-Cre|PhiC31-neo,,Older Gouwen,,560579320
Esr2-IRES2-Cre,,Older Gouwen,,588729065
Esr2-IRES2-Cre,,Older Gouwen,,580632959
Esr2-IRES2-Cre,,Older Gouwen,,568560561
Esr2-IRES2-Cre,,Older Gouwen,,563028422
Esr2-IRES2-Cre,,Older Gouwen,,573699058
Esr2-IRES2-Cre,,Older Gouwen,,580634942
Esr2-IRES2-Cre,,Older Gouwen,,581741836
Esr2-IRES2-Cre,,Older Gouwen,,573699831
Esr2-IRES2-Cre,,Older Gouwen,,580612566
Esr2-IRES2-Cre,,Older Gouwen,,563226105
Esr2-IRES2-Cre,,Older Gouwen,,562534419
Esr2-IRES2-Cre,,Older Gouwen,,562731565
Esr2-IRES2-Cre,,Older Gouwen,,572996777
Esr2-IRES2-Cre,,Older Gouwen,,568582664
Esr2-IRES2-Cre,,Older Gouwen,,567431416
Esr2-IRES2-Cre,,Older Gouwen,,573323612
Esr2-IRES2-Cre,,Older Gouwen,,573702137
Esr2-IRES2-Cre,,Older Gouwen,,580624725
Esr2-IRES2-Cre,,Older Gouwen,,573322633
Esr2-IRES2-Cre,,Older Gouwen,,568584929
Esr2-IRES2-Cre,,Older Gouwen,,562541627
Esr2-IRES2-Cre,,Older Gouwen,,572735890
Esr2-IRES2-Cre,,Older Gouwen,,568568071
Esr2-IRES2-Cre,,Older Gouwen,,581394360
Esr2-IRES2-Cre,,Older Gouwen,,563220620
Cux2-CreERT2,,Older Gouwen,,485909730
Cux2-CreERT2,,Older Gouwen,,513593674
Cux2-CreERT2,,Older Gouwen,,490172112
Cux2-CreERT2,,Older Gouwen,,486198953
Cux2-CreERT2,,Older Gouwen,,487445455
Cux2-CreERT2,,Older Gouwen,,515949222
Cux2-CreERT2,,Older Gouwen,,486029942
Cux2-CreERT2,,Older Gouwen,,486235288
Cux2-CreERT2,,Older Gouwen,,504643398
Cux2-CreERT2,,Older Gouwen,,484515166
Cux2-CreERT2,,Older Gouwen,,513510227
Cux2-CreERT2,,Older Gouwen,,486196663
Cux2-CreERT2,,Older Gouwen,,486262299
Cux2-CreERT2,,Older Gouwen,,485955037
Cux2-CreERT2,,Older Gouwen,,487353993
Cux2-CreERT2,,Older Gouwen,,490376252
Cux2-CreERT2,,Older Gouwen,,505500191
Cux2-CreERT2,,Older Gouwen,,504567071
Cux2-CreERT2,,Older Gouwen,,487352877
Cux2-CreERT2,,Older Gouwen,,485887209
Cux2-CreERT2,,Older Gouwen,,487446992
Cux2-CreERT2,,Older Gouwen,,489923501
Cux2-CreERT2,,Older Gouwen,,502359001
Cux2-CreERT2,,Older Gouwen,,502999078
Cux2-CreERT2,,Older Gouwen,,490267468
Cux2-CreERT2,,Older Gouwen,,486753754
Cux2-CreERT2,,Older Gouwen,,500955426
Cux2-CreERT2,,Older Gouwen,,490170480
Cux2-CreERT2,,Older Gouwen,,486776965
Cux2-CreERT2,,Older Gouwen,,486146717
Cux2-CreERT2,,Older Gouwen,,487447111
Cux2-CreERT2,,Older Gouwen,,516916566
Cux2-CreERT2,,Older Gouwen,,486108147
Cux2-CreERT2,,Older Gouwen,,487358945
Cux2-CreERT2,,Older Gouwen,,483099796
Cux2-CreERT2,,Older Gouwen,,521399472
Cux2-CreERT2,,Older Gouwen,,486146828
Cux2-CreERT2,,Older Gouwen,,513579447
Cux2-CreERT2,,Older Gouwen,,486560376
Cux2-CreERT2,,Older Gouwen,,521938313
Cux2-CreERT2,,Older Gouwen,,483101699
Cux2-CreERT2,,Older Gouwen,,486756093
Cux2-CreERT2,,Older Gouwen,,483019067
Cux2-CreERT2,,Older Gouwen,,502808270
Cux2-CreERT2,,Older Gouwen,,489259263
Cux2-CreERT2,,Older Gouwen,,505200218
Cux2-CreERT2,,Older Gouwen,,521409057
Cux2-CreERT2,,Older Gouwen,,486106720
Cux2-CreERT2,,Older Gouwen,,483057325
Cux2-CreERT2,,Older Gouwen,,521958756
Cux2-CreERT2,,Older Gouwen,,505476170
Cux2-CreERT2,,Older Gouwen,,505202906
Cux2-CreERT2,,Older Gouwen,,490171952
Cux2-CreERT2,,Older Gouwen,,489751959
Cux2-CreERT2,,Older Gouwen,,485912047
Cux2-CreERT2,,Older Gouwen,,485958978
Cux2-CreERT2,,Older Gouwen,,488689365
Cux2-CreERT2,,Older Gouwen,,516906055
Cux2-CreERT2,,Older Gouwen,,489751692
Cux2-CreERT2,,Older Gouwen,,487661754
Cux2-CreERT2,,Older Gouwen,,483061182
Cux2-CreERT2,,Older Gouwen,,485954440
Cux2-CreERT2,,Older Gouwen,,485911966
Cux2-CreERT2,,Older Gouwen,,502359348
Cux2-CreERT2,,Older Gouwen,,501022658
Cux2-CreERT2,,Older Gouwen,,513531471
Cux2-CreERT2,,Older Gouwen,,486175203
Cux2-CreERT2,,Older Gouwen,,485955227
Cux2-CreERT2,,Older Gouwen,,521625948
Cux2-CreERT2,,Older Gouwen,,485932822
Cux2-CreERT2,,Older Gouwen,,487659462
Cux2-CreERT2,,Older Gouwen,,513591094
Cux2-CreERT2,,Older Gouwen,,489887491
Cux2-CreERT2,,Older Gouwen,,486239338
Cux2-CreERT2,,Older Gouwen,,516881226
Cux2-CreERT2,,Older Gouwen,,505512874
Cux2-CreERT2,,Older Gouwen,,517319635
Cux2-CreERT2,,Older Gouwen,,484509440
Cux2-CreERT2,,Older Gouwen,,483018019
Cux2-CreERT2,,Older Gouwen,,486264574
Cux2-CreERT2,,Older Gouwen,,487601493
Ctgf-T2A-dgCre,,Older Gouwen,,558076716
Ctgf-T2A-dgCre,,Older Gouwen,,501799874
Ctgf-T2A-dgCre,,Older Gouwen,,502367941
Ctgf-T2A-dgCre,,Older Gouwen,,562965437
Ctgf-T2A-dgCre,,Older Gouwen,,559104842
Ctgf-T2A-dgCre,,Older Gouwen,,515435668
Ctgf-T2A-dgCre,,Older Gouwen,,559387643
Ctgf-T2A-dgCre,,Older Gouwen,,510376592
Ctgf-T2A-dgCre,,Older Gouwen,,501850666
Ctgf-T2A-dgCre,,Older Gouwen,,528486009
Ctgf-T2A-dgCre,,Older Gouwen,,522723828
Ctgf-T2A-dgCre,,Older Gouwen,,530204927
Ctgf-T2A-dgCre,,Older Gouwen,,535520969
Ctgf-T2A-dgCre,,Older Gouwen,,559388218
Ctgf-T2A-dgCre,,Older Gouwen,,557859470
Ctgf-T2A-dgCre,,Older Gouwen,,504635521
Ctgf-T2A-dgCre,,Older Gouwen,,513514828
Ctgf-T2A-dgCre,,Older Gouwen,,515462796
Ctgf-T2A-dgCre,,Older Gouwen,,501940485
Ctgf-T2A-dgCre,,Older Gouwen,,501891177
Ctgf-T2A-dgCre,,Older Gouwen,,526573598
Ctgf-T2A-dgCre,,Older Gouwen,,502366405
Ctgf-T2A-dgCre,,Older Gouwen,,558583839
Ctgf-T2A-dgCre,,Older Gouwen,,526951157
Ctgf-T2A-dgCre,,Older Gouwen,,502665074
Ctgf-T2A-dgCre,,Older Gouwen,,502383543
Ctgf-T2A-dgCre,,Older Gouwen,,526946778
Ctgf-T2A-dgCre,,Older Gouwen,,509875338
Ctgf-T2A-dgCre,,Older Gouwen,,512319604
Ctgf-T2A-dgCre,,Older Gouwen,,501845630
Ctgf-T2A-dgCre,,Older Gouwen,,526946319
Ctgf-T2A-dgCre,,Older Gouwen,,509885554
Ctgf-T2A-dgCre,,Older Gouwen,,502667140
Ctgf-T2A-dgCre,,Older Gouwen,,501845152
Ctgf-T2A-dgCre,,Older Gouwen,,515464483
Ctgf-T2A-dgCre,,Older Gouwen,,522301604
Ctgf-T2A-dgCre,,Older Gouwen,,530325234
Ctgf-T2A-dgCre,,Older Gouwen,,501841672
Ctgf-T2A-dgCre,,Older Gouwen,,501842713
Ctgf-T2A-dgCre,,Older Gouwen,,526668864
Ctgf-T2A-dgCre,,Older Gouwen,,528501887
Ctgf-T2A-dgCre,,Older Gouwen,,510136749
Ctgf-T2A-dgCre,,Older Gouwen,,532571720
Ctgf-T2A-dgCre,,Older Gouwen,,526950199
Ctgf-T2A-dgCre,,Older Gouwen,,510114363
Ctgf-T2A-dgCre,,Older Gouwen,,534524026
Ctgf-T2A-dgCre,,Older Gouwen,,557852711
Ctgf-T2A-dgCre,,Older Gouwen,,530349764
Ctgf-T2A-dgCre,,Older Gouwen,,527116037
Ctgf-T2A-dgCre,,Older Gouwen,,557859579
Ctgf-T2A-dgCre,,Older Gouwen,,501956013
Ctgf-T2A-dgCre,,Older Gouwen,,530335449
Ctgf-T2A-dgCre,,Older Gouwen,,510395901
Ctgf-T2A-dgCre,,Older Gouwen,,509881736
Ctgf-T2A-dgCre,,Older Gouwen,,510106222
Ctgf-T2A-dgCre,,Older Gouwen,,532355382
Ctgf-T2A-dgCre,,Older Gouwen,,526643573
Ctgf-T2A-dgCre,,Older Gouwen,,515771244
Ctgf-T2A-dgCre,,Older Gouwen,,512322162
Chrna2-Cre_OE25|Pvalb-T2A-Dre,,Older Gouwen,,583403073
Chrna2-Cre_OE25|Pvalb-T2A-Dre,,Older Gouwen,,583426723
Chrna2-Cre_OE25|Pvalb-T2A-Dre,,Older Gouwen,,583434059
Chrna2-Cre_OE25|Pvalb-T2A-Dre,,Older Gouwen,,593579697
Chrna2-Cre_OE25|Pvalb-T2A-Dre,,Older Gouwen,,593618144
Chrna2-Cre_OE25|Pvalb-T2A-Dre,,Older Gouwen,,580895033
Chrna2-Cre_OE25|Pvalb-T2A-Dre,,Older Gouwen,,583439124
Chrna2-Cre_OE25|Pvalb-T2A-Dre,,Older Gouwen,,583454722
Chrna2-Cre_OE25,,Older Gouwen,,566506157
Chrna2-Cre_OE25,,Older Gouwen,,524857207
Chrna2-Cre_OE25,,Older Gouwen,,555241040
Chrna2-Cre_OE25,,Older Gouwen,,569457730
Chrna2-Cre_OE25,,Older Gouwen,,566671538
Chrna2-Cre_OE25,,Older Gouwen,,583719952
Chrna2-Cre_OE25,,Older Gouwen,,524850271
Chrna2-Cre_OE25,,Older Gouwen,,569664731
Chrna2-Cre_OE25,,Older Gouwen,,570010469
Chrna2-Cre_OE25,,Older Gouwen,,566991946
Chrna2-Cre_OE25,,Older Gouwen,,583104750
Chrna2-Cre_OE25,,Older Gouwen,,569653118
Chrna2-Cre_OE25,,Older Gouwen,,562382445
Chrna2-Cre_OE25,,Older Gouwen,,566761793
Chrna2-Cre_OE25,,Older Gouwen,,566466395
Chrna2-Cre_OE25,,Older Gouwen,,570006759
Chrna2-Cre_OE25,,Older Gouwen,,569470171
Chrna2-Cre_OE25,,Older Gouwen,,524647261
Chrna2-Cre_OE25,,Older Gouwen,,555001065
Chrna2-Cre_OE25,,Older Gouwen,,586088125
Chrna2-Cre_OE25,,Older Gouwen,,583761507
Chrna2-Cre_OE25,,Older Gouwen,,566517779
Chrna2-Cre_OE25,,Older Gouwen,,562385794
Chrna2-Cre_OE25,,Older Gouwen,,573105010
Chrna2-Cre_OE25,,Older Gouwen,,583671359
Chrna2-Cre_OE25,,Older Gouwen,,566976438
Chrna2-Cre_OE25,,Older Gouwen,,562384889
Chrna2-Cre_OE25,,Older Gouwen,,567266985
Chrna2-Cre_OE25,,Older Gouwen,,567399060
Chrna2-Cre_OE25,,Older Gouwen,,555060623
Chrna2-Cre_OE25,,Older Gouwen,,569477234
Chrna2-Cre_OE25,,Older Gouwen,,569958754
Chrna2-Cre_OE25,,Older Gouwen,,556369531
Chrna2-Cre_OE25,,Older Gouwen,,585955070
Chrna2-Cre_OE25,,Older Gouwen,,569730838
Chrna2-Cre_OE25,,Older Gouwen,,583145374
Chrna2-Cre_OE25,,Older Gouwen,,566475818
Chrna2-Cre_OE25,,Older Gouwen,,555019563
Chrna2-Cre_OE25,,Older Gouwen,,586073895
Chrna2-Cre_OE25,,Older Gouwen,,583645193
Chrna2-Cre_OE25,,Older Gouwen,,556363725
Chrna2-Cre_OE25,,Older Gouwen,,591442287
Chrna2-Cre_OE25,,Older Gouwen,,569469018
Chrna2-Cre_OE25,,Older Gouwen,,569739534
Chrna2-Cre_OE25,,Older Gouwen,,569960365
Chrna2-Cre_OE25,,Older Gouwen,,556357336
Chrna2-Cre_OE25,,Older Gouwen,,555251867
Chrna2-Cre_OE25,,Older Gouwen,,567312865
Chrna2-Cre_OE25,,Older Gouwen,,569959500
Chrna2-Cre_OE25,,Older Gouwen,,566978098
Chrna2-Cre_OE25,,Older Gouwen,,524676260
Chrna2-Cre_OE25,,Older Gouwen,,569670455
Chrna2-Cre_OE25,,Older Gouwen,,562381417
Chrna2-Cre_OE25,,Older Gouwen,,566460800
Chrna2-Cre_OE25,,Older Gouwen,,567354967
Chrna2-Cre_OE25,,Older Gouwen,,569651358
Chrna2-Cre_OE25,,Older Gouwen,,555241875
Chrna2-Cre_OE25,,Older Gouwen,,566751810
Chrna2-Cre_OE25,,Older Gouwen,,556356342
Chrna2-Cre_OE25,,Older Gouwen,,569965244
Chrna2-Cre_OE25,,Older Gouwen,,555832536
Chrna2-Cre_OE25,,Older Gouwen,,567320213
Chrna2-Cre_OE25,,Older Gouwen,,555263276
Chrna2-Cre_OE25,,Older Gouwen,,583140327
Chrna2-Cre_OE25,,Older Gouwen,,555898896
Chrna2-Cre_OE25,,Older Gouwen,,586070286
Chrna2-Cre_OE25,,Older Gouwen,,555088069
Chrna2-Cre_OE25,,Older Gouwen,,573121877
Chrna2-Cre_OE25,,Older Gouwen,,566463606
Chat-IRES-Cre-neo,,Older Gouwen,,583141894
Chat-IRES-Cre-neo,,Older Gouwen,,582647492
Chat-IRES-Cre-neo,,Older Gouwen,,587064346
Chat-IRES-Cre-neo,,Older Gouwen,,575782162
Chat-IRES-Cre-neo,,Older Gouwen,,586072464
Chat-IRES-Cre-neo,,Older Gouwen,,562091859
Chat-IRES-Cre-neo,,Older Gouwen,,519220630
Chat-IRES-Cre-neo,,Older Gouwen,,587055109
Chat-IRES-Cre-neo,,Older Gouwen,,570428636
Chat-IRES-Cre-neo,,Older Gouwen,,585925172
Chat-IRES-Cre-neo,,Older Gouwen,,518753555
Chat-IRES-Cre-neo,,Older Gouwen,,583148615
Chat-IRES-Cre-neo,,Older Gouwen,,587062699
Chat-IRES-Cre-neo,,Older Gouwen,,583141979
Chat-IRES-Cre-neo,,Older Gouwen,,587045566
Chat-IRES-Cre-neo,,Older Gouwen,,553219924
Chat-IRES-Cre-neo,,Older Gouwen,,518750800
Chat-IRES-Cre-neo,,Older Gouwen,,577218818
Chat-IRES-Cre-neo,,Older Gouwen,,556701250
Chat-IRES-Cre-neo,,Older Gouwen,,586072783
Chat-IRES-Cre-neo,,Older Gouwen,,560817063
Chat-IRES-Cre-neo,,Older Gouwen,,563790168
Chat-IRES-Cre-neo,,Older Gouwen,,585944237
Chat-IRES-Cre-neo,,Older Gouwen,,531342116
Chat-IRES-Cre-neo,,Older Gouwen,,575774870
Chat-IRES-Cre-neo,,Older Gouwen,,563535101
Chat-IRES-Cre-neo,,Older Gouwen,,582778095
Chat-IRES-Cre-neo,,Older Gouwen,,586071425
Chat-IRES-Cre-neo,,Older Gouwen,,562062132
Chat-IRES-Cre-neo,,Older Gouwen,,587098017
Chat-IRES-Cre-neo,,Older Gouwen,,557261437
Chat-IRES-Cre-neo,,Older Gouwen,,570280138
Chat-IRES-Cre-neo,,Older Gouwen,,568447613
Chat-IRES-Cre-neo,,Older Gouwen,,582644380
Chat-IRES-Cre-neo,,Older Gouwen,,578774163
Chat-IRES-Cre-neo,,Older Gouwen,,562003142
Chat-IRES-Cre-neo,,Older Gouwen,,583142588
Chat-IRES-Cre-neo,,Older Gouwen,,583138568
Chat-IRES-Cre-neo,,Older Gouwen,,585908787
Chat-IRES-Cre-neo,,Older Gouwen,,562003059
Chat-IRES-Cre-neo,,Older Gouwen,,583138230
Chat-IRES-Cre-neo,,Older Gouwen,,582613001
Chat-IRES-Cre-neo,,Older Gouwen,,577218602
Chat-IRES-Cre-neo,,Older Gouwen,,585929192
Chat-IRES-Cre-neo,,Older Gouwen,,518623704
Chat-IRES-Cre-neo,,Older Gouwen,,562095440
Chat-IRES-Cre-neo,,Older Gouwen,,583146274
Chat-IRES-Cre-neo,,Older Gouwen,,570459682
Chat-IRES-Cre-neo,,Older Gouwen,,556968207
Chat-IRES-Cre-neo,,Older Gouwen,,575772040
Chat-IRES-Cre-neo,,Older Gouwen,,563796500
Chat-IRES-Cre-neo,,Older Gouwen,,586072188
Chat-IRES-Cre-neo,,Older Gouwen,,585946742
Chat-IRES-Cre-neo,,Older Gouwen,,577369606
Chat-IRES-Cre-neo,,Older Gouwen,,586070820
Chat-IRES-Cre-neo,,Older Gouwen,,582644266
Chat-IRES-Cre-neo,,Older Gouwen,,570438732
Chat-IRES-Cre-neo,,Older Gouwen,,531339798
Chat-IRES-Cre-neo,,Older Gouwen,,563796940
Chat-IRES-Cre-neo,,Older Gouwen,,583312391
Chat-IRES-Cre-neo,,Older Gouwen,,583137205
Chat-IRES-Cre-neo,,Older Gouwen,,560889670
Chat-IRES-Cre-neo,,Older Gouwen,,582857314
Chat-IRES-Cre-neo,,Older Gouwen,,553541110
Chat-IRES-Cre-neo,,Older Gouwen,,568473665
Chat-IRES-Cre-neo,,Older Gouwen,,560924223
Chat-IRES-Cre-neo,,Older Gouwen,,583422542
