T type sub-class,T type,T type class,Specimen ID,Axon Bias X (millimeters),Axon Bias Y (millimeters),Axon Contraction,Axon Emd With Basal Dendrite,Axon Extent X (millimeters),Axon Extent Y (millimeters),Axon Hist Pc 0,Axon Hist Pc 1,Axon Hist Pc 2,Axon Hist Pc 3,Axon Hist Pc 4,Axon Max Branch Order,Axon Max Euclidean Distance (millimeters),Axon Max Path Distance (millimeters),Axon Num Branches,Axon Pct Above Basal Dendrite,Axon Pct Below Basal Dendrite,Axon Pct Intersect Basal Dendrite,Axon Soma Distance (millimeters),Axon Soma Percentile X,Axon Soma Percentile Y,Axon Soma Theta,Axon Total Length (millimeters),Basal Dendrite Bias X (millimeters),Basal Dendrite Bias Y (millimeters),Basal Dendrite Contraction,Basal Dendrite Extent X (millimeters),Basal Dendrite Extent Y (millimeters),Basal Dendrite Max Branch Order,Basal Dendrite Max Euclidean Distance (millimeters),Basal Dendrite Max Path Distance (millimeters),Basal Dendrite Num Branches,Basal Dendrite Num Stems,Basal Dendrite Pct Above Axon,Basal Dendrite Pct Below Axon,Basal Dendrite Pct Intersect Axon,Basal Dendrite Soma Percentile X,Basal Dendrite Soma Percentile Y,Basal Dendrite Stem Exit Down,Basal Dendrite Stem Exit Side Less,Basal Dendrite Stem Exit Side More,Basal Dendrite Stem Exit Up,Basal Dendrite Total Length (millimeters),Normalized Soma Depth
Sst interneuron,Sst Hpse Cbln4,MGE interneuron,804968066,0.382050819,0.055152216,0.869925645,5.517484576,0.824008947,0.461987494,2572.170623,-1136.544725,11.74363901,1434.299161,463.5549219,23,0.646816201,0.857987681,871,0.136298745,0.007513713,0.856187542,0,0.337403261,0.285971899,0.276558064,37.6518732,0.003430986,0.03232415,0.898609474,0.208708971,0.2605197,6,0.171992813,0.202951563,68,6,0,0,1,0.408671587,0.389760148,0.666666667,0,0.166666667,0.166666667,3.052729021,0.318821651
Sst interneuron,Sst Tac2 Tacstd2,MGE interneuron,808824183,0.370088903,0.506531266,0.848613653,55.10295213,0.642339981,0.769200215,164.9865699,709.831566,-616.2690361,-110.9830351,1065.476852,27,0.701625855,1.053838407,537,0.720221461,0,0.279778539,0,0.242499341,0.068178223,0.302372558,25.42412847,0.057242621,0.009156381,0.850528978,0.313460149,0.275514773,5,0.2148983,0.268519412,72,8,0,0.010578901,0.989421099,0.363208933,0.506905671,0.375,0,0.125,0.5,4.482979897,0.698646229
Sst interneuron,Sst Esm1,MGE interneuron,849535368,0.367511857,0.427635167,0.834275405,37.70910728,0.656182754,0.813225212,-467.3689245,19.63718133,-130.9009047,-300.203243,206.8381123,22,0.626731505,1.001861779,237,0.565881604,0,0.434118396,0.023768576,0.352387015,0.12768937,0.350021365,11.82948586,0.060638788,0.175866643,0.868973943,0.384354512,0.351746252,5,0.303027183,0.37151344,32,4,0,0.027567976,0.972432024,0.339501511,0.651435045,0.25,0,0.25,0.5,3.635611126,0.733541327
Sncg interneuron,Sncg Vip Itih5,CGE interneuron,861769605,0.34219496,0.317595107,0.740845688,23.3344021,0.512913855,0.645958122,335.7890582,-181.7432664,26.70785003,44.3548708,-344.0237339,17,0.49523338,1.368624569,209,0,0.265373504,0.734626496,0,0.191085431,0.614665016,0.533589515,11.97310642,0.021779432,0.099726487,0.724345283,0.336814608,0.254462032,5,0.263367709,0.387647019,47,5,0.031125299,0,0.968874701,0.459696728,0.245810056,0.2,0.2,0.4,0.2,4.164937928,0.251353482
Pvalb interneuron,Pvalb Gpr149 Islr,MGE interneuron,825269133,0.308837887,0.377556081,0.881947474,18.70137788,0.864708928,0.501968382,-601.9425676,-114.534017,-406.467955,-813.6775267,689.626456,25,0.591140613,0.797290221,381,0.125869703,0,0.874130297,0,0.450558718,0.07790428,0.228497335,12.77366486,0.130476109,0.140114735,0.886405161,0.45615952,0.356241988,5,0.313044072,0.345821213,34,6,0,0.177889447,0.822110553,0.315577889,0.583919598,0.333333333,0.166666667,0.166666667,0.333333333,2.708969158,0.685474957
Sst interneuron,Sst Calb2 Pdlim5,MGE interneuron,739558698,0.306031258,0.365075549,0.859644156,65.43907088,0.412832954,0.527986931,-126.032182,334.979026,-191.5679991,-212.4999353,-372.6643162,16,0.590497451,0.927726674,93,0.818487395,0,0.181512605,0.013660867,0.16302521,0.117086835,0.405683299,5.399695424,0.040014849,0.274847573,0.822193429,0.341937806,0.307924466,7,0.294437071,0.389330769,36,4,0,0.487265738,0.512734262,0.470446901,0.931763575,0.5,0.25,0.25,0,2.831326375,0.552092086
Sncg interneuron,Sncg Vip Nptx2,CGE interneuron,714485370,0.28759314,0.114045057,0.843679424,19.80717334,0.854642427,0.661201464,307.1377151,-79.17173351,152.5436089,-570.417101,486.8005842,21,0.588132413,1.227583839,311,0,0.225643769,0.774356231,0,0.315427523,0.34797891,0.827547281,18.56258772,0.035228549,0.353586756,0.85415933,0.210398996,0.457792878,5,0.408584939,0.490625791,50,4,0.008959044,0,0.991040956,0.409982935,0.252133106,0.25,0,0.5,0.25,3.317864017,0.553396378
Sst interneuron,Sst Crhr2 Efemp1,MGE interneuron,669047778,0.275932566,0.231773497,0.799794739,29.83683691,0.441590489,0.573546446,-464.3281935,9.414375271,-184.2223658,-414.5621282,-143.6336837,21,0.405223058,0.880176214,117,0.194366853,0,0.805633147,0.023171057,0.320763501,0.196927374,0.446085365,6.100261338,0.024023844,0.117152072,0.870215982,0.32137907,0.383546039,7,0.292789223,0.386680542,35,7,0,0.150564002,0.849435998,0.472290338,0.703776361,0.285714286,0,0.285714286,0.428571429,2.700689864,0.721238721
Sncg interneuron,Sncg Gpr50,CGE interneuron,941868688,0.266540363,0.316296829,0.805324405,11.5190899,0.658974114,0.346652161,1004.792029,59.56797248,731.6581492,-525.2366514,-153.4338715,19,0.484086238,0.964988353,231,0,0.213599921,0.786400079,0.031525254,0.238641988,0.961100663,0.49762942,14.8611825,0.077210639,0.064078993,0.848459958,0.397654607,0.165271581,5,0.242364201,0.302498778,37,5,0.221381745,0,0.778618255,0.367624811,0.51487645,0.4,0.2,0.2,0.2,2.56845945,0.109799714
Pvalb interneuron,Pvalb Sema3e Kank4,MGE interneuron,697795277,0.258586557,0.227088201,0.881487492,14.68475825,1.111285466,0.315003272,-1748.27742,-343.717859,1472.934329,947.7365734,701.0882651,32,0.734158029,1.317926394,527,0.09974712,0.000842933,0.899409947,0.018624503,0.414105086,0.047316662,0.30613927,26.91668698,0.008436354,0.160873243,0.811920202,0.283538345,0.24448939,6,0.272943816,0.351209358,33,5,0,0,1,0.483685221,0.196417147,0,0.2,0.4,0.4,2.290958472,0.916415594
Pvalb interneuron,Pvalb Gabrg1,MGE interneuron,669072736,0.251265227,0.092182832,0.871163116,11.24769655,0.368766538,0.397889334,-754.6179965,-52.90640327,280.2489695,-20.73670527,-73.98226012,20,0.344477383,0.499096761,239,0,0,1,0.019262514,0.067093176,0.30183727,0.278914427,8.214630652,0.093710101,0.122809147,0.91079413,0.242508523,0.451366093,8,0.312528196,0.376255465,44,6,0.052967141,0.00980873,0.937224129,0.262873958,0.509073075,0.5,0,0.166666667,0.333333333,2.665877658,0.845181877
Sncg interneuron,Sncg Gpr50,CGE interneuron,652516963,0.248848581,0.352433832,0.799198685,21.19858262,0.614024286,0.489552624,150.8822985,-184.2912598,44.19408339,-179.4815866,-506.4927967,12,0.437347528,0.851096372,69,0,0.240679825,0.759320175,0,0.143914474,0.905701754,0.842161181,4.692035247,0.02704415,0.005097945,0.840621736,0.185364254,0.226041269,6,0.155975462,0.189389305,21,3,0.394854586,0,0.605145414,0.487695749,0.182326622,0.333333333,0,0,0.666666667,1.095560499,0.19669322
Pvalb interneuron,Pvalb Sema3e Kank4,MGE interneuron,718188717,0.247093289,0.033379535,0.891206945,4.791441738,0.527430645,0.232381368,-1015.395401,-100.5563789,718.9536738,407.8133289,-141.1391165,18,0.390515504,0.675992795,353,0,0,1,0.01239843,0.197451536,0.372903507,0.350465851,15.97384133,0.020603285,0.072071735,0.816890263,0.287422941,0.323930253,5,0.337597435,0.530035416,38,6,0.087321164,0.05772077,0.854958066,0.463246177,0.515540207,0.166666667,0.166666667,0.333333333,0.333333333,3.331753645,0.838160799
Sst interneuron,Sst Chrna2 Glra3,MGE interneuron,673427380,0.239544825,0.201477092,0.849131546,23.01925043,0.436638246,0.616232712,-525.9157646,1.584637034,4.809845904,-158.3233732,-295.9040441,21,0.412560407,0.491111979,149,0.426086957,0.007608696,0.566304348,0.013790217,0.481793478,0.227717391,0.38999766,4.881369821,0.012126977,0.124274417,0.870314278,0.277032512,0.235708612,7,0.250719531,0.298526713,41,3,0,0,1,0.337228715,0.718419588,0.666666667,0,0,0.333333333,2.494533745,0.773041941
Pvalb interneuron,Pvalb Th Sst,MGE interneuron,657984709,0.238965054,0.061304892,0.845257416,2.443135715,0.620247858,0.238367891,-564.2393804,51.72092426,234.6729868,28.40984432,-695.1438967,24,0.440465529,0.864879496,239,0.021567106,0.005430566,0.973002327,0,0.288440652,0.715748642,0.323601601,8.419330032,0.102746644,0.073958518,0.876944179,0.3795384,0.182056195,8,0.281904395,0.330647957,52,6,0,0,1,0.348269994,0.833806012,0.333333333,0.166666667,0.166666667,0.333333333,2.251063807,0.885591231
Pvalb interneuron,Pvalb Sema3e Kank4,MGE interneuron,652306478,0.238110425,0.150120868,0.854439779,10.15165747,0.932048381,0.343863091,-2146.229103,-524.8142263,1687.454627,1002.828564,1627.94302,32,0.597712299,0.960108603,607,0.0037214,0,0.9962786,0.013499481,0.350684554,0.10649637,0.338441962,29.40299244,0.050263809,0.010179884,0.861681611,0.41409769,0.433727659,6,0.32078404,0.374806784,35,5,0,0.071368948,0.928631052,0.498330551,0.404006678,0.2,0.2,0.2,0.4,3.008809663,0.833657446
Sst interneuron,Sst Nts,MGE interneuron,740110275,0.237972379,0.403641617,0.834246039,11.72258852,0.704882848,0.812921372,-803.4338081,-67.73690782,389.9655906,174.6106765,-153.9588376,16,0.641215834,1.002118412,191,0.113488074,0.013263451,0.873248476,0.032218734,0.24419724,0.383891325,0.42304697,14.62099578,0.041069327,0.022966294,0.797875866,0.351223711,0.400246516,6,0.216797332,0.379841082,36,4,0,0,1,0.488755622,0.545727136,0.5,0,0.25,0.25,2.909964947,0.846541026
Lamp5 interneuron,Lamp5 Ntn1 Npy2r,CGE interneuron,731882356,0.232020944,0.2379112,0.8185698,4.26600652,0.748068215,0.403560028,336.0144693,1589.028671,-91.96665641,428.7612667,-62.63100921,15,0.497701595,0.853442601,215,0.028601555,0.111111111,0.860287334,0,0.377751417,0.365229999,0.640463607,12.22648255,0.021007399,0.045578753,0.910901335,0.204840255,0.180646794,5,0.171437207,0.236898901,42,4,0,0,1,0.420624152,0.513568521,0.25,0.25,0.5,0,2.4201925,0.087167798
Vip interneuron,Vip Col15a1 Pde1a,CGE interneuron,743458377,0.228210773,0.381861138,0.823585266,14.3577487,0.322608554,0.492203107,697.5930243,311.6811986,240.5776186,-12.68890887,-185.2306706,35,0.456721738,0.987761348,371,0,0.227009575,0.772990425,0.025658154,0.072144289,0.923513694,0.437882355,13.89505315,0.001367837,0.09790989,0.881722647,0.118905544,0.25518302,7,0.209486867,0.257961268,49,3,0.045944006,0,0.954055994,0.414213927,0.686288586,0.333333333,0,0.333333333,0.333333333,2.077762581,0.093188161
Sst interneuron,Sst Mme Fam114a1,MGE interneuron,812996960,0.227750354,0.235351438,0.84656792,49.12819493,0.519555577,0.6954316,1258.683307,-725.4682134,168.5210113,-333.4410857,1009.062741,24,0.56451813,1.012466101,783,0.665737907,0.006440415,0.327821678,0.01478405,0.327821678,0.148357923,0.37738647,33.12132042,0.054848031,0.059751484,0.866872291,0.267608461,0.243930481,6,0.240397382,0.287587,48,6,0,0,1,0.327240303,0.716451181,0.333333333,0.166666667,0.166666667,0.333333333,3.298714843,0.602624969
Sst Chodl interneuron,Sst Chodl,MGE interneuron,640061596,0.220935439,0.024060494,0.715112145,11.37124365,0.382891922,0.220117112,-362.9107392,81.04501511,-219.1552358,-411.0627784,-433.9976303,9,0.326220327,0.848158937,35,0,0,1,0.018046227,0.334689134,0.234166182,0.422888641,2.664496825,0.051186797,0.206182255,0.83540861,0.44105622,0.466342934,6,0.397091288,0.509074664,43,5,0.008660687,0.257655428,0.733683885,0.479121559,0.698422518,0.2,0.2,0.6,0,5.441014141,0.596284217
Sncg interneuron,Serpinf1 Aqp5 Vip,CGE interneuron,813500978,0.219124267,0.085489069,0.777056687,14.81732865,0.330576899,0.226820438,206.1653256,-200.6021021,110.5149252,-184.4671796,-513.8724689,31,0.302776069,0.887254843,187,0,0.266981379,0.733018621,0.018281424,0.017833727,0.755048518,0.4010788,5.228622748,0.030982203,0.064342645,0.814384025,0.236921923,0.249707766,9,0.168574388,0.276224088,39,3,0.254531127,0,0.745468873,0.3892829,0.330181245,0.666666667,0,0,0.333333333,1.747929788,0.206219372
Sst interneuron,Sst Crhr2 Efemp1,MGE interneuron,685624703,0.211512227,0.420506116,0.854606646,28.2296174,0.64171534,0.595920004,-798.1831524,-222.502883,172.8264512,46.07571895,394.5844437,19,0.531486417,0.682747192,277,0.495674562,0,0.504325438,0,0.493202884,0.107312049,0.155253534,15.08086719,0.030426382,0.024220597,0.906821404,0.361321315,0.201395395,5,0.210187669,0.241909698,38,4,0,0.035924933,0.964075067,0.347453083,0.620375335,0.25,0,0.25,0.5,2.628185247,0.796262801
Sst interneuron,Sst Chrna2 Ptgdr,MGE interneuron,760416458,0.209464894,0.398685508,0.815491066,40.8856692,0.41348855,0.54264471,-268.4519191,108.622413,-208.7005166,-361.8417948,-347.3379905,13,0.485981045,0.797480808,83,0.525089026,0,0.474910974,0.021913929,0.422790547,0.041761088,0.079994954,4.424560937,0.12951896,0.047219563,0.835106953,0.396429445,0.245091142,6,0.28861458,0.349770864,64,4,0,0.181621955,0.818378045,0.286771508,0.64107308,0.25,0.25,0.25,0.25,4.269813277,0.663069454
Vip interneuron,Vip Lmo1 Fam159b,CGE interneuron,700413526,0.208416815,0.103203537,0.873929745,21.73850668,0.423119471,0.187869548,-620.8475784,-7.255518821,166.1552779,-63.34556634,-252.4058004,17,0.379849432,0.578130433,151,0,0,1,0.016008763,0.142274052,0.887755102,0.649669548,5.501425822,0.095688152,0.077532744,0.874528032,0.326799524,0.36953407,5,0.309495095,0.362263059,31,3,0.644421803,0.001018849,0.354559348,0.17218543,0.275089149,0.333333333,0.333333333,0.333333333,0,2.795580777,0.667102762
Sst Chodl interneuron,Sst Chodl,MGE interneuron,711464852,0.208270456,0.075343186,0.816710043,19.32244691,0.670799114,0.479242807,-1020.543074,-122.4938595,625.5894367,334.6936781,15.11268962,15,0.547582138,0.831584023,153,0,0.015791136,0.984208864,0,0.363090852,0.787556585,0.673011767,15.07557995,0.080525003,0.109473902,0.875723432,0.223398216,0.464841501,7,0.344309412,0.452577052,44,4,0.006360745,0,0.993639255,0.398909587,0.390731486,0.75,0,0,0.25,3.438845296,0.730180366
Pvalb interneuron,Pvalb Gabrg1,MGE interneuron,689280134,0.206498453,0.315299325,0.872183328,6.728352286,0.432416242,0.439012028,-626.3812641,-6.309200424,170.9104065,-55.81213024,-267.7880063,17,0.397767931,0.617216254,171,0.128872689,0.082530591,0.78859672,0,0.157771414,0.28273887,0.521995647,5.762202639,0.014449232,0.140266934,0.864408785,0.311039726,0.210419673,6,0.220331538,0.26822415,23,3,0,0,1,0.410278746,0.094076655,0,0,0.333333333,0.666666667,1.752761144,0.796170812
Sst interneuron,Sst Tac1 Htr1d,MGE interneuron,760280955,0.202935264,0.058014887,0.886178587,10.39368725,0.675906424,0.487446752,596.7399249,290.6740308,377.0672257,-281.0935555,-235.3631068,17,0.495483521,0.806774158,223,0.201133518,0.055489653,0.743376829,0.018327302,0.448398577,0.139449058,0.17015245,11.53170489,0.006589798,0.062349716,0.862083247,0.1669771,0.241948398,6,0.174111531,0.216116993,41,7,0,0,1,0.417613636,0.270454545,0.285714286,0,0.142857143,0.571428571,2.473452698,0.258947831
Sst interneuron,Sst Myh8 Etv1,MGE interneuron,740134630,0.199781498,0.408524434,0.850828036,35.87506556,0.536675426,0.64883313,-367.8723625,-78.21049448,-151.7716721,-340.8339424,405.54047,16,0.60659116,0.83637898,237,0.625294419,0,0.374705581,0.018004289,0.254173067,0.138146441,0.174446685,13.83377216,0.012050578,0.104038111,0.847864699,0.298900972,0.217413474,7,0.214412829,0.246038096,63,5,0,0.016317992,0.983682008,0.494979079,0.622175732,0.2,0.2,0.2,0.4,3.211930618,0.714887673
Pvalb interneuron,Pvalb Tpbg,MGE interneuron,809006343,0.195218671,0.474428973,0.849922162,19.78632724,0.63851138,0.787553971,1304.306426,-830.6830481,849.1667348,-444.7177985,496.750051,26,0.636250915,0.952942452,557,0.011465115,0.292331624,0.696203261,0.019227355,0.326957424,0.525494037,0.633672595,25.09692067,0.042138236,0.026417044,0.85540678,0.263627363,0.222780117,4,0.209242346,0.271748488,34,6,0,0,1,0.476548929,0.448176028,0.333333333,0,0.333333333,0.333333333,2.433412456,0.247797305
Sst interneuron,Sst Rxfp1 Prdm8,MGE interneuron,688115867,0.191391468,0.040184625,0.862389057,1.347291653,0.709626292,0.29083684,-451.3289663,75.60005615,69.28801363,-110.1487031,-696.2656115,16,0.454593298,0.683824512,153,0,0.033211045,0.966788955,0.023759594,0.229774088,0.641629658,0.509369805,7.905543808,0.026936257,0.071035929,0.826271511,0.481733805,0.270514032,6,0.304073817,0.389836912,45,5,0.001896094,0,0.998103906,0.379218809,0.569207433,0,0.4,0.6,0,4.021396273,0.960594673
Sncg interneuron,Sncg Vip Itih5,CGE interneuron,941802910,0.190910613,0.017514578,0.832596696,9.769285797,0.897726184,0.536195606,-1351.009498,-197.8272475,1091.716604,695.0180678,129.7904669,18,0.548401287,1.530088005,243,0.001410935,0.005149912,0.993439153,0.017709537,0.447266314,0.621869489,0.609729742,22.64075959,0.011963375,0.035807355,0.817262981,0.263093417,0.482436503,6,0.282642426,0.368687492,49,5,0,0,1,0.45629071,0.382242029,0.2,0,0.4,0.4,4.196253156,0.794249175
Pvalb interneuron,Pvalb Akr1c18 Ntf3,MGE interneuron,853882442,0.19081477,0.156153385,0.907870306,4.711111735,0.737889831,0.330159743,-928.373741,-69.3235822,624.3682907,328.4265277,-263.342675,16,0.468092714,0.657480082,277,0,0.0628872,0.9371128,0,0.444535359,0.329047341,0.481933431,13.15405715,0.053159057,0.209344832,0.883410536,0.203720567,0.297847168,5,0.291357563,0.350734177,39,7,0.007745933,0,0.992254067,0.273431448,0.276529822,0,0.285714286,0.428571429,0.285714286,1.871749079,0.877233101
Lamp5 interneuron,Lamp5 Plch2 Dock5,CGE interneuron,731917470,0.189211514,0.11056187,0.870710408,11.47875282,0.509114737,0.430938156,105.5986546,221.6922705,29.14890565,-108.8585084,-462.1650906,20,0.484034266,0.812971554,131,0.241360836,0.276185374,0.482453791,0.014920518,0.452451112,0.520492901,0.320168299,7.055748343,0.022877176,0.007570864,0.893429996,0.19799579,0.185991421,5,0.206810255,0.226115234,39,7,0,0,1,0.485429448,0.626533742,0.285714286,0.142857143,0.428571429,0.142857143,2.518896485,0.179171825
Pvalb interneuron,Pvalb Reln Tac1,MGE interneuron,766097293,0.185782235,0.027407413,0.865400968,6.482223839,0.59514649,0.351887288,-546.928034,-101.7304953,-1265.766928,-1220.597967,1021.495395,28,0.391717121,0.660442077,597,0,0,1,0.015650388,0.310632043,0.161825436,0.481561813,21.11553721,0.056894082,0.035213941,0.886462954,0.249690887,0.36703043,8,0.242922477,0.282848927,62,6,0.005190311,0.002595156,0.992214533,0.284602076,0.324394464,0.166666667,0.166666667,0.5,0.166666667,3.327282148,0.611442365
Sst Chodl interneuron,Sst Chodl,MGE interneuron,843366621,0.185100056,0.148560584,0.767650613,4.036149309,0.889318157,0.237477202,347.0624485,1342.739349,131.4648911,51.66424906,-140.4738416,14,0.541270037,0.716444116,145,0.013294798,0.006936416,0.979768786,0.017926565,0.344508671,0.827023121,0.704753781,9.649655077,0.1180701,0.137593161,0.834735541,0.297454532,0.197152529,10,0.330353069,0.443898495,44,4,0,0,1,0.205591147,0.942341293,0.25,0.25,0.5,0,2.567856988,0.072833078
Sst interneuron,Sst Hpse Cbln4,MGE interneuron,746924803,0.18443146,0.21328644,0.851394491,17.57145529,0.504220952,0.517540156,1207.228633,-322.5244806,-920.9345452,1514.952148,199.7856322,36,0.404028484,0.979289702,889,0.246006715,0.001373487,0.752619799,0.016642117,0.223166141,0.070861736,0.134593279,29.69800919,0.020985779,0.067121295,0.873690628,0.273461418,0.299552647,8,0.19831285,0.232308134,37,5,0,0,1,0.41453246,0.229898749,0.4,0,0.2,0.4,2.346345984,0.447292433
Sst interneuron,Sst Crhr2 Efemp1,MGE interneuron,707162377,0.184250707,0.247341743,0.82379963,12.28485552,0.346923201,0.339515,-623.519401,-8.950229055,93.7925596,-140.1338223,-178.5802591,31,0.394511162,1.152187337,131,0.00401322,0,0.99598678,0.073023382,0.13503305,0.033758263,0.230899844,6.503937307,0.023498997,0.215248411,0.848109581,0.468897394,0.34829913,8,0.320525362,0.428186126,47,5,0,0.008963786,0.991036214,0.444245249,0.257798494,0.2,0.2,0.4,0.2,3.963776909,0.822991963
Vip interneuron,Vip Gpc3 Slc18a3,CGE interneuron,601506507,0.180833198,0.247937781,0.799930046,22.7209158,0.39374782,0.363841295,-304.8558622,34.1820972,-280.924072,-207.0166371,-525.8841285,12,0.452063907,0.794445695,39,0,0.026595745,0.973404255,0.021366433,0.422340426,0.871808511,0.751667881,3.477662435,0.124994992,0.107480386,0.788084352,0.184329519,0.677335469,6,0.411633712,0.523700528,22,2,0.394107838,0,0.605892162,0.137298499,0.522512507,0.5,0,0,0.5,2.51829563,0.388545466
Sncg interneuron,Sncg Gpr50,CGE interneuron,859621160,0.180580337,0.254494234,0.779196993,11.0476164,0.702685947,0.413877108,1205.384118,-472.4782428,652.1744425,-330.3418059,-137.6135408,20,0.493143414,1.090468748,241,0,0.142654742,0.857345258,0.017735445,0.218719561,0.669795449,0.676888051,16.19857919,0.052531963,0.00240326,0.811224698,0.219799019,0.205054018,5,0.187382667,0.248638612,30,4,0.05907781,0,0.94092219,0.175792507,0.366714697,0.25,0.25,0.25,0.25,1.981002626,0.189959281
Sst interneuron,Sst Hpse Sema3c,MGE interneuron,759909292,0.176333684,0.225158701,0.849970797,39.84101501,0.442245041,0.621469545,301.6928162,1247.546572,-838.5083021,456.826485,362.6627697,28,0.515188802,1.070510099,535,0.534529476,0.012010253,0.453460271,0.035059192,0.316147931,0.136799707,0.36675691,21.37489349,0.048783327,0.024684712,0.913745893,0.217889984,0.172545898,8,0.203027943,0.219808938,50,6,0,0,1,0.293666027,0.40946897,0.5,0,0.166666667,0.333333333,2.349429861,0.508294562
Sncg interneuron,Sncg Gpr50,CGE interneuron,941794256,0.175428256,0.33361176,0.837944261,14.45100738,0.56358764,0.43136719,112.2723929,76.70900831,30.89962335,-154.8305003,-480.2349891,10,0.458264212,0.787234684,63,0,0.246101871,0.753898129,0,0.437110187,0.897349272,0.51760649,5.956479457,0.009150721,0.0809129,0.811431028,0.294171057,0.244287924,4,0.258629012,0.320307951,37,5,0.077322562,0,0.922677438,0.436814772,0.606462781,0.2,0.2,0.2,0.4,2.703100798,0.111058526
Vip interneuron,Vip Ptprt Pkp2,CGE interneuron,761297232,0.17525139,0.281490662,0.845084066,47.14368146,0.383286242,0.318967082,-368.2725985,51.95989509,-280.2407411,-374.0999839,-371.3075512,11,0.366886481,0.487640817,71,0,0.25394258,0.74605742,0.01948192,0.411241407,0.990699555,0.194748103,3.439857623,0.00141468,0.12919261,0.808828912,0.184310972,0.554250325,8,0.349154142,0.478510132,48,2,0.572377158,0,0.427622842,0.18415228,0.421868083,0.5,0,0,0.5,2.858398025,0.379875763
Sst interneuron,Sst Myh8 Etv1,MGE interneuron,751199266,0.173456936,0.509588917,0.859116094,69.598615,0.519717817,0.686140348,416.0543042,350.1678322,80.97108286,-404.925505,561.2965198,24,0.619978283,1.063187392,427,0.900773579,0,0.099226421,0.012497307,0.397351979,0.021124665,0.286775598,20.00969885,0.045514583,0.066885084,0.848597274,0.273978699,0.165982321,8,0.175491491,0.246175962,47,7,0,0.069934641,0.930065359,0.377124183,0.734640523,0.285714286,0.285714286,0.285714286,0.142857143,2.17840578,0.719039181
Pvalb interneuron,Pvalb Reln Itm2a,MGE interneuron,761429710,0.173405005,0.274762815,0.857235701,6.2039227,0.704748829,0.532713065,2079.725417,130.9057676,1470.916798,-812.3742221,310.9568976,49,0.490107537,1.370507394,809,0.097747296,0.034626966,0.867625739,0.010477318,0.401025984,0.290509646,0.246374374,25.86339967,0.026745711,0.020707555,0.89813782,0.179727494,0.183291854,5,0.146656425,0.183065425,44,4,0,0,1,0.44939577,0.532477341,0.5,0,0,0.5,2.002269597,0.207086046
Pvalb interneuron,Pvalb Sema3e Kank4,MGE interneuron,692821749,0.172982795,0.086907516,0.84651121,10.81064396,0.61874704,0.320362442,-1213.434981,-159.9818342,948.6257183,581.1325208,31.22237447,15,0.418583885,0.94112906,311,0,0.064507659,0.935492341,0,0.439649891,0.366564551,0.361455312,16.11980429,0.007779854,0.257936835,0.830749508,0.291246121,0.418305836,6,0.378463411,0.466734904,41,9,0.204072598,0,0.795927402,0.457724657,0.340858787,0.222222222,0.333333333,0.333333333,0.111111111,3.103017134,0.84305436
Sst Chodl interneuron,Sst Chodl,MGE interneuron,786176775,0.172324686,0.006601509,0.791833396,5.514242035,0.661312776,0.389610958,-1173.459784,-228.4078517,429.4315108,-62.36146574,886.5863426,15,0.43267743,0.754294828,207,0.001562372,0.003371433,0.995066195,0,0.199490174,0.551599375,0.667712846,16.74632326,0.000546778,0.037804523,0.858933331,0.453686715,0.337395091,7,0.278878089,0.341241838,46,6,0,0,1,0.377453218,0.223642173,0.5,0.166666667,0.166666667,0.166666667,2.91939562,0.705586955
Sst interneuron,Sst Hpse Cbln4,MGE interneuron,657983207,0.17177571,0.320653134,0.868040302,25.9763881,0.635454087,0.555220891,-554.9932941,-171.8103274,-226.8243259,-140.6800751,212.8901597,17,0.500521576,0.786249875,195,0.426811594,0,0.573188406,0.013030156,0.487801932,0.119927536,0.024854169,12.48085582,0.111785741,0.012705986,0.890749068,0.349777266,0.342239954,6,0.23173472,0.267138359,45,3,0,0.022570244,0.977429756,0.386457854,0.41363427,0,0,0.333333333,0.666666667,3.004304177,0.780965444
Sst interneuron,Sst Calb2 Pdlim5,MGE interneuron,739539292,0.167265705,0.3737239,0.852764415,40.39607125,0.394985751,0.645032221,-218.6099282,289.4279801,-360.2785975,-449.6981834,94.15288987,18,0.577669481,1.094256399,191,0.420158219,0,0.579841781,0.03171642,0.210518605,0.403603868,0.576085318,10.5793097,0.100027533,0.117352445,0.814653478,0.357651887,0.212918028,10,0.25057545,0.34409571,50,2,0,0.06264637,0.93735363,0.344262295,0.950819672,0,0.5,0.5,0,2.349111447,0.580899987
Lamp5 interneuron,Lamp5 Fam19a1 Tmem182,CGE interneuron,644941196,0.163248007,0.028054515,0.819845384,0.731893455,0.632809051,0.174460538,242.6576719,1237.633599,79.67836558,32.34922808,-208.0283676,24,0.479651066,1.245291441,183,0.001147917,0.033289603,0.96556248,0.012063842,0.306985897,0.577566415,0.379752892,10.47626968,0.037421855,0.009647445,0.767100542,0.300087841,0.13519789,7,0.181034523,0.286279394,44,4,0,0,1,0.490176817,0.547151277,0.25,0.25,0.25,0.25,3.261594382,0.090413276
Sncg interneuron,Sncg Vip Itih5,CGE interneuron,861736319,0.161904018,0.215580409,0.836568513,8.805896405,0.303924962,0.239293019,136.5766215,-73.64019366,190.3834603,-338.0060195,-527.6474308,18,0.243828268,0.502160934,95,0,0.106182796,0.893817204,0.012880588,0.257392473,0.979502688,0.906332971,3.889524402,0.046859362,0.058063306,0.832282156,0.251406782,0.227494047,7,0.16287645,0.233509406,33,3,0.165972222,0,0.834027778,0.448611111,0.733333333,0.333333333,0.333333333,0.333333333,0,2.023522102,0.12966382
Sst interneuron,Sst Nts,MGE interneuron,694162255,0.160953037,0.022656353,0.851612643,5.809607683,0.324847466,0.274238624,-432.3491694,74.85006822,47.99463338,-118.8671452,-652.8597785,14,0.245744606,0.519520877,53,0,0,1,0.042828924,0.326913066,0.609057782,0.482607014,2.930053982,0.032841285,0.045484336,0.848447204,0.380582992,0.380295658,6,0.293774277,0.377089588,36,4,0.158722814,0.00740398,0.833873207,0.402128644,0.552059232,0.25,0.25,0.5,0,2.88518731,0.863930174
Sncg interneuron,Sncg Gpr50,CGE interneuron,763912380,0.160738089,0.046254283,0.85520499,11.26332256,0.744462183,0.496276487,-1020.139989,-123.711728,635.7296276,326.2564516,32.23543791,20,0.472146165,0.907312896,203,0.026413854,0.063897413,0.909688733,0.014002157,0.393029373,0.837571241,0.633749527,14.28383657,0.019875895,0.005771345,0.8415571,0.267786567,0.288973384,5,0.282212267,0.366065513,41,5,0,0,1,0.41195831,0.592978607,0.4,0,0.2,0.4,2.960054936,0.71460681
Sst interneuron,Sst Calb2 Necab1,MGE interneuron,728756295,0.155229638,0.14580549,0.846975891,24.90342603,0.333097072,0.561459801,-258.1453918,-32.19864638,-368.6654888,-376.629709,-259.9015662,20,0.379621843,0.48946324,173,0.580104237,0.002492635,0.417403127,0.01565771,0.421481985,0.088828461,0.33575041,6.585147066,0.006617363,0.129471687,0.88672871,0.274742843,0.262267087,6,0.229573352,0.290347925,36,4,0,0,1,0.377115775,0.488828707,0.25,0,0.5,0.25,2.487279118,0.605518033
Vip interneuron,Vip Lmo1 Myl1,CGE interneuron,898703349,0.154369896,0.018180052,0.825692571,24.53651105,0.23076053,0.621107145,-281.2637769,-21.97240818,-323.1762139,-328.283744,-273.1465416,22,0.401494438,0.859959071,137,0,0,1,0.022709974,0.192696768,0.723168024,0.875928854,6.101438688,0.055159043,0.005750781,0.839279674,0.26846773,0.736595757,11,0.434267275,0.5611524,70,2,0.133219471,0.13891261,0.727867919,0.487048107,0.640762881,0.5,0,0,0.5,5.010841978,0.430557125
Sst interneuron,Sst Calb2 Pdlim5,MGE interneuron,745692039,0.154122539,0.189118951,0.815308352,51.26626601,0.50023251,0.754966762,310.179888,965.7764291,-363.8095482,119.077315,391.5214033,26,0.50632494,1.084177071,453,0.447995789,0.006843649,0.545160563,0.021286005,0.400315861,0.101601865,0.023110776,19.44845418,0.005000211,0.096975824,0.878886108,0.30343102,0.55730716,9,0.32827723,0.361656431,78,8,0,0,1,0.409759358,0.435494652,0.375,0.125,0.25,0.25,4.328440951,0.586044704
Sst interneuron,Sst Tac2 Tacstd2,MGE interneuron,746747868,0.154032444,0.64307,0.829766515,58.83092247,0.334588768,0.64307,-212.3299389,24.53813617,-171.8950842,-248.5559657,-289.3882766,18,0.691880969,1.062051508,109,0.531151515,0,0.468848485,0.026388194,0.224969697,0,0.491758147,5.495963421,0.023258993,0.028152004,0.873271041,0.483957581,0.407134704,6,0.371395571,0.43127061,54,4,0,0.505354411,0.494645589,0.404130546,0.486231515,0.25,0.25,0.5,0,5.319827861,0.768853244
Sst Chodl interneuron,Sst Chodl,MGE interneuron,873854264,0.153450869,0.456178294,0.861367151,18.10229341,0.602470707,0.614165931,1565.528905,-587.4398301,384.6209157,44.891164,234.4692598,16,0.546983393,0.712029961,371,0.026654568,0.178245335,0.795100096,0,0.343220099,0.921737651,0.725325201,22.68516054,0.023242837,0.200388989,0.86105884,0.639679671,0.248142309,8,0.371606357,0.468051382,61,3,0,0,1,0.491534254,0.8773118,0.333333333,0.333333333,0.333333333,0,4.815424892,0.128035642
Sst interneuron,Sst Esm1,MGE interneuron,652533530,0.153316437,0.081453436,0.784617004,11.37579381,0.63733962,0.66443541,-1036.172425,-182.7065167,239.6762004,-202.9332392,711.0493973,24,0.488582297,1.092565934,309,0.153995314,0.009856993,0.836147693,0.022816027,0.488971479,0.458107781,0.510243252,18.30413767,0.024542472,0.099096944,0.871914144,0.506729831,0.387801706,8,0.428946695,0.497524452,46,4,0,0,1,0.408201893,0.717350158,0.25,0.25,0.25,0.25,4.306063696,0.713983836
Pvalb interneuron,Pvalb Calb1 Sst,MGE interneuron,659012847,0.152637537,0.017392586,0.825819588,3.450320759,0.790972309,0.357068353,-831.7581878,-35.0501797,549.3123212,288.9841337,-398.7602007,14,0.474391354,0.780067135,129,0,0.007210845,0.992789155,0.012603275,0.280646092,0.552639169,0.184521476,10.9735762,0.006916418,0.00583458,0.900139281,0.402393111,0.335826008,5,0.298493465,0.344186567,32,6,0.000551876,0,0.999448124,0.464679912,0.616445916,0.166666667,0.166666667,0.166666667,0.5,2.724490593,0.835101032
Sst interneuron,Sst Tac1 Tacr3,MGE interneuron,659395808,0.150378886,0.028683315,0.883141675,2.545356591,0.538317892,0.331033761,-476.3001191,62.71310506,97.13433825,-83.22501239,-624.7465751,11,0.483038893,0.635392698,63,0.122986248,0,0.877013752,0.011097007,0.460117878,0.817681729,0.661673012,3.825585992,0.095976794,0.153257339,0.87955244,0.507969004,0.209149567,5,0.353648936,0.411787764,25,3,0,0.058001398,0.941998602,0.333333333,0.886792453,0.333333333,0.333333333,0.333333333,0,2.079303322,0.811729506
Sst interneuron,Sst Hpse Sema3c,MGE interneuron,849607183,0.149506249,0.254060085,0.836412352,16.25096833,0.359117379,0.563007145,-219.5546386,12.52393583,-836.0891487,-714.7618189,388.2354257,37,0.431203784,0.735058049,525,0.182626849,0.002450758,0.814922393,0.013425271,0.419170373,0.146047018,0.166147792,15.75586755,0.020692498,0.0210215,0.872531917,0.304603069,0.243858965,7,0.187826652,0.239980587,39,5,0,0,1,0.372859025,0.279314888,0.2,0.2,0.2,0.4,2.226506311,0.579260922
Pvalb interneuron,Pvalb Sema3e Kank4,MGE interneuron,698042345,0.14767211,0.289849549,0.897065874,2.471216419,0.64376555,0.447480974,-984.028774,-95.75504311,694.7034548,425.5198821,-167.9737393,17,0.398790196,0.617367165,273,0.019416244,0.005583756,0.975,0.00908387,0.43857868,0.181852792,0.099267274,11.08747776,0.041963463,0.202039599,0.838238299,0.342028804,0.332085137,5,0.269682238,0.357381408,41,5,0,0,1,0.444139194,0.168040293,0.2,0.2,0.4,0.2,2.985549768,0.845345605
Pvalb interneuron,Pvalb Reln Itm2a,MGE interneuron,646805498,0.145848517,0.182121526,0.818356357,14.00925932,0.596677192,0.68045778,-724.6171232,-354.5060438,-34.29288511,116.1570875,658.3127122,21,0.462137264,0.716497775,339,0.276308968,0.006048039,0.717642993,0,0.294453084,0.569034042,0.39926054,16.94048365,0.028876529,0.138142367,0.811245369,0.335911377,0.303126244,5,0.276929254,0.370027148,32,6,0,0,1,0.496623377,0.743896104,0.333333333,0.333333333,0.333333333,0,3.084417222,0.654487677
Sst interneuron,Sst Hpse Sema3c,MGE interneuron,752042986,0.144547467,0.380197409,0.825561093,55.40716561,0.435318365,0.593895848,242.0643612,1908.3903,-627.4630605,-29.73386772,799.6907042,21,0.536285366,0.901902758,641,0.587840177,0,0.412159823,0.044133608,0.311197286,0.041963853,0.274031412,21.04753872,0.004019508,0.025974012,0.883996231,0.272279719,0.207639552,7,0.17337769,0.218891954,70,4,0,0.013533108,0.986466892,0.492025133,0.415176414,0.5,0,0.25,0.25,2.991736002,0.60484129
Pvalb interneuron,Pvalb Th Sst,MGE interneuron,644571405,0.143444076,0.105906576,0.886852639,5.681894554,0.608566357,0.23634517,-433.6920108,82.69549978,50.40603699,-126.7502353,-729.1325737,14,0.383713197,0.552079314,161,0,0.337724551,0.662275449,0,0.318962076,0.873053892,0.371110524,6.786377864,0.065259413,0.050905063,0.877319985,0.248554595,0.158109344,4,0.163189783,0.186151812,28,6,0.039314516,0,0.960685484,0.472782258,0.393145161,0,0.333333333,0.333333333,0.333333333,1.281290608,0.922491171
Sst interneuron,Sst Tac1 Htr1d,MGE interneuron,746200101,0.143430705,0.246284169,0.864696634,15.10679335,0.465729405,0.644961471,503.881876,808.748508,385.3995219,-306.1912342,-116.9956303,23,0.457344794,0.788297768,255,0.250902093,0.095140726,0.653957181,0.010912919,0.360596584,0.129901371,0.110094022,12.42001176,0.022564698,0.014841334,0.890349855,0.17740403,0.153397864,9,0.124264306,0.165397464,61,5,0,0,1,0.358958069,0.391994917,0.4,0.2,0.2,0.2,2.15534984,0.213148928
Pvalb interneuron,Pvalb Calb1 Sst,MGE interneuron,760064682,0.143095755,0.019867644,0.887277527,4.645957746,0.451524175,0.289397053,-1178.164622,-167.2200621,848.8611325,490.1354379,165.7268384,17,0.333676034,0.542135472,315,0,0,1,0,0.330943244,0.469400121,0.316065881,16.46054683,0.002633019,0.04872975,0.8789755,0.375425256,0.395396121,4,0.265120681,0.338860188,38,8,0.088321168,0.017883212,0.89379562,0.487226277,0.431751825,0.125,0.25,0.25,0.375,4.108093914,0.781994847
Pvalb interneuron,Pvalb Gpr149 Islr,MGE interneuron,663193112,0.141751211,0.2918219,0.881166664,14.24478411,0.656640901,0.390143059,-345.3403576,-20.56813118,-692.1784978,-499.4193389,-63.70014024,14,0.401463964,0.65492973,213,0.37566393,0,0.62433607,0,0.304683728,0.017061001,0.363642852,9.268986956,0.075263801,0.077827695,0.875784784,0.3082469,0.178446029,4,0.253965526,0.312835903,34,6,0,0.0006035,0.9993965,0.243210622,0.18044659,0.166666667,0.333333333,0.333333333,0.166666667,2.454356762,0.644408491
Sst interneuron,Sst Esm1,MGE interneuron,702051128,0.141747524,0.327186759,0.853052233,18.39626277,0.383703735,0.640989762,-616.8034505,-49.19483814,-33.72181693,-305.1965362,80.65371712,20,0.491952206,0.610870987,233,0.33978045,0,0.66021955,0.027836282,0.198989371,0.236975083,0.349299817,8.45033012,0.01656911,0.098332405,0.86422112,0.279313167,0.2599025,7,0.297045778,0.371984514,45,5,0,0.025986079,0.974013921,0.206032483,0.629234339,0.2,0.2,0.4,0.2,3.61276758,0.726490585
Sst interneuron,Sst Calb2 Pdlim5,MGE interneuron,674069192,0.141723374,0.288982015,0.872385696,13.23795764,0.972000577,0.611831085,601.9008386,1982.504945,40.01976012,399.3838259,166.0679014,15,0.568992274,0.89373158,275,0.344568619,0.080554314,0.574877068,0,0.459097005,0.119356281,0.610347699,18.25621108,0.042295053,0.050239331,0.837706109,0.270902168,0.123278317,6,0.180659645,0.23845502,43,5,0,0,1,0.359625668,0.326871658,0.2,0,0.4,0.4,2.231735185,0.168420473
Lamp5 interneuron,Lamp5 Lsp1,CGE interneuron,667492234,0.140675712,0.112510874,0.796973756,6.023439851,0.402564332,0.21911515,783.8283832,2340.29679,246.3207635,326.2960315,236.8627401,31,0.353465871,0.836935031,389,0,0.09527103,0.90472897,0,0.331027924,0.785942768,0.573865766,18.1697017,0.027752309,0.002545658,0.888443025,0.110974852,0.126923225,6,0.132827189,0.140484716,29,3,0.016768293,0,0.983231707,0.420731707,0.43597561,0.333333333,0,0.333333333,0.333333333,0.939763231,0.073499759
Lamp5 interneuron,Lamp5 Lsp1,CGE interneuron,823681740,0.140276401,0.141274198,0.82720294,7.018990485,0.47974519,0.391242901,1518.871297,-808.6732587,655.246522,-96.8697275,-80.59755902,24,0.330664392,0.743598149,429,0.038877844,0.308813784,0.652308372,0.015384622,0.375745527,0.625285325,0.781699186,18.75448365,0.015432867,0.017457318,0.891488613,0.160948379,0.161532617,10,0.113054501,0.161274013,141,5,0,0,1,0.366197183,0.58372457,0.4,0,0.2,0.4,3.588474488,0.216307463
Sst interneuron,Sst Tac1 Htr1d,MGE interneuron,669825289,0.139870287,0.158290612,0.817614773,10.94463918,0.41920625,0.529121576,821.0280847,126.335616,679.4287094,-579.57618,-182.5478609,21,0.354653236,0.737732546,317,0.026809955,0.038574661,0.934615385,0.025600341,0.408371041,0.091968326,0.212255148,14.63426779,0.047823822,0.073792931,0.841338963,0.244927714,0.196718743,5,0.229340579,0.283091528,39,5,0,0,1,0.423950057,0.238365494,0.4,0,0.2,0.4,3.118106533,0.266290952
Sst Chodl interneuron,Sst Chodl,MGE interneuron,786135798,0.138735323,0.156177028,0.802440858,19.24671436,0.699536637,0.778159021,-102.9753773,-471.2548894,-348.1061863,-56.74831091,695.1639391,14,0.579931606,0.967669965,197,0.18396759,0.046755662,0.769276748,0,0.245600053,0.271036727,0.37050394,20.82781563,0.161795594,0.159580151,0.883734412,0.432474417,0.412825817,7,0.349211017,0.412146636,38,4,0,0,1,0.343269679,0.368421053,0.25,0,0.25,0.5,3.063774739,0.646975615
Pvalb interneuron,Pvalb Reln Itm2a,MGE interneuron,821907565,0.138163139,0.281923119,0.870897398,33.02610644,0.546326268,0.678234101,-485.7782281,-416.6742106,-213.5281752,426.8120469,310.3982309,17,0.495468849,0.665987082,395,0.481761222,0.000600807,0.517637971,0,0.439189769,0.228735731,0.292579297,16.86417109,0.085036736,0.066913598,0.887058246,0.27282651,0.314953468,4,0.253111896,0.292764483,27,7,0,0,1,0.25257732,0.506627393,0.142857143,0.142857143,0.285714286,0.428571429,1.981672197,0.731749844
Sst interneuron,Sst Tac2 Myh4,MGE interneuron,740660643,0.137689021,0.45504335,0.863271727,44.73654798,0.323307666,0.588586874,-65.8537173,159.0265711,-971.0987421,-615.6610067,778.8843042,26,0.552877708,0.883722271,515,0.567671196,0,0.432328804,0.012326469,0.12061079,0.008677519,0.102765476,20.85447235,0.031909304,0.011117914,0.873184809,0.334965225,0.322880968,7,0.192579841,0.25219444,91,7,0,0.071365639,0.928634361,0.431718062,0.469016153,0.428571429,0.142857143,0.285714286,0.142857143,4.870705793,0.706041923
Sst interneuron,Sst Chrna2 Ptgdr,MGE interneuron,863585604,0.136599645,0.40758118,0.861796017,40.34096472,0.331127698,0.690090455,-166.2985535,292.4037506,-694.9627423,-237.6872527,295.6462149,34,0.554221859,0.974561388,413,0.460017197,0,0.539982803,0.036151234,0.148944301,0.05474348,0.276577082,16.04570272,0.058276477,0.002603009,0.853343081,0.248371611,0.289078788,6,0.256427459,0.286458436,41,5,0,0.001174398,0.998825602,0.327657076,0.174398121,0.2,0,0.2,0.6,2.536072986,0.672578948
Sncg interneuron,Sncg Gpr50,CGE interneuron,857223181,0.136571921,0.09221488,0.863376308,5.927084988,0.366042502,0.497525912,-591.9472697,26.39990129,229.6772903,23.34005582,-506.8132356,13,0.379796296,0.743734616,95,0.002779181,0.019706923,0.977513896,0,0.085396665,0.432289035,0.482200576,6.735575779,0.000718233,0.119045775,0.822192678,0.21601167,0.391731712,5,0.311669883,0.337919926,40,4,0,0,1,0.293897216,0.289079229,0.25,0,0.25,0.5,3.090893078,0.883825202
Sncg interneuron,Sncg Vip Itih5,CGE interneuron,714936352,0.136475418,0.072994695,0.845285513,11.13502593,0.37121619,0.329018175,785.4175522,-174.3749488,489.7991132,-298.3638431,-285.5820649,29,0.356956097,1.004038892,241,0,0.114872575,0.885127425,0.019775843,0.362114873,0.611512616,0.561480964,12.79536211,0.03691104,0.096670468,0.89018121,0.204428889,0.282244271,5,0.278863148,0.30764826,46,8,0.057876195,0,0.942123805,0.495722194,0.265727227,0.25,0.25,0.25,0.25,3.176217988,0.194371685
Pvalb interneuron,Pvalb Tpbg,MGE interneuron,623415197,0.135932841,0.13209598,0.827715552,3.133080671,0.42410426,0.360148924,370.7571106,139.1361207,374.1151762,-452.2154175,-389.242815,19,0.284734538,0.59030168,215,0.000190767,0.041205647,0.958603586,0,0.395078214,0.29988554,0.649091842,6.984461166,0.01475938,0.021720534,0.836541836,0.249705552,0.206112846,6,0.147420774,0.179357864,34,6,0,0,1,0.456066946,0.390516039,0,0.333333333,0.333333333,0.333333333,1.716779634,0.192780063
Sst interneuron,Sst Crhr2 Efemp1,MGE interneuron,658012080,0.135355871,0.111187297,0.855302369,10.75365595,0.69072808,0.454090302,-1254.649974,-187.9367281,910.0701792,506.0151452,243.1272108,22,0.419006188,0.760121096,305,0.119571633,0,0.880428367,0,0.437810945,0.306096635,0.094073959,16.75815925,0.052704647,0.122833066,0.879780597,0.299538007,0.357486623,5,0.261273824,0.338912782,47,5,0,0.036472946,0.963527054,0.373547094,0.580761523,0.4,0,0.4,0.2,3.65687653,0.825191802
Vip interneuron,Vip Pygm C1ql1,CGE interneuron,604646725,0.131859781,0.27664527,0.833266376,26.94036687,0.492372984,0.679287929,-397.6341288,50.24021859,-202.0504639,-295.3209212,-231.5437441,12,0.576859602,0.993309851,79,0,0.186330756,0.813669244,0,0.298827638,0.917934647,0.643441593,6.079714188,0.017289816,0.056065362,0.777451457,0.21313091,0.614098175,7,0.339073694,0.450600587,32,2,0.120446819,0,0.879553181,0.411850413,0.707139388,0.5,0,0,0.5,3.0698509,0.296417921
Sst interneuron,Sst Calb2 Pdlim5,MGE interneuron,661492805,0.131591118,0.111314764,0.85528161,42.77988592,0.395676044,0.609369479,396.1061623,756.7063223,-438.545524,89.33352208,282.1366997,23,0.408681505,0.741295243,465,0.587777865,0.018380331,0.393841803,0,0.242793182,0.217893331,0.411638231,19.83266344,0.018302778,0.056229177,0.829944635,0.209941279,0.212683281,5,0.231500337,0.283389481,41,5,0,0,1,0.41236413,0.629755435,0.4,0.2,0.4,0,2.413560685,0.496712101
Sst Chodl interneuron,Sst Chodl,MGE interneuron,701075567,0.130347786,0.143395161,0.856850867,12.3589477,0.452193827,0.581552331,-600.0721637,-191.4642048,-1008.101542,-780.2242936,930.891595,22,0.381320896,0.626426954,501,0,0.021545995,0.978454005,0,0.260790486,0.699895068,0.560047862,22.2106615,0.014384529,0.020645438,0.859152665,0.345043357,0.48577791,8,0.314853281,0.379427364,66,4,0.027740189,0,0.972259811,0.448240866,0.448240866,0.25,0,0.25,0.5,4.374892204,0.506603387
Pvalb interneuron,Pvalb Tpbg,MGE interneuron,762590075,0.130206953,0.287305796,0.860801517,3.773271673,0.666334344,0.469693517,1062.508128,1136.506677,760.187254,-492.049898,116.870008,37,0.458061879,1.28130385,411,0.005665948,0.038783816,0.955550235,0.030823863,0.335807198,0.349293751,0.580556274,18.78623701,0.044672381,0.021037118,0.888949308,0.227554096,0.195712813,9,0.158294247,0.187791045,69,5,0,0,1,0.426162261,0.428441203,0.4,0.2,0.2,0.2,3.087484009,0.154131531
Sst interneuron,Sst Rxfp1 Eya1,MGE interneuron,750833190,0.129255968,0.38388034,0.874566512,8.769637533,0.612730875,0.84675246,-1474.870787,-416.8492102,1067.097439,872.6044138,830.6664978,31,0.635935686,1.107721509,447,0.109520248,0.071855968,0.818623785,0.017940863,0.461053531,0.275617053,0.414105814,25.75828442,0.021994326,0.193554536,0.875912882,0.245728598,0.375630915,7,0.286194506,0.36464615,59,5,0,0,1,0.452269693,0.156542056,0.2,0.2,0.4,0.2,3.836440604,0.809376319
Lamp5 interneuron,Lamp5 Lsp1,CGE interneuron,691685873,0.129096125,0.033835755,0.813268022,10.06755602,0.295882721,0.411300405,1204.789812,-464.9601592,30.63103007,262.0173833,27.56060033,18,0.296085991,0.503425515,465,0.164591599,0.150362567,0.685045834,0,0.226227938,0.44821453,0.308350772,20.40767895,0.02597863,0.015162564,0.849983801,0.171118941,0.218075344,8,0.150048058,0.172742926,86,6,0,0,1,0.498125781,0.476884631,0.5,0,0.166666667,0.333333333,3.187624488,0.284688307
Sst interneuron,Sst Crh 4930553C11Rik,MGE interneuron,708221965,0.128697851,0.350821527,0.828480874,10.35896475,0.872507524,0.598250864,-995.1293909,-210.264994,378.0458244,101.3573056,524.9743659,24,0.504323199,0.930711828,291,0.072149344,0,0.927850656,0.032017369,0.434207871,0.164480323,0.430198908,15.16552171,0.024351433,0.063834977,0.888830082,0.258152316,0.34182318,6,0.22812904,0.339265502,50,6,0,0.010092515,0.989907485,0.348191758,0.441547519,0.333333333,0,0.166666667,0.5,3.472440484,0.772943296
Sst interneuron,Sst Hpse Sema3c,MGE interneuron,710920450,0.128625597,0.380996431,0.843925868,23.19619203,0.259437522,0.380996431,-312.4821284,43.53915652,-317.2508762,-357.208596,-422.2931891,14,0.393231447,0.432074126,99,0.426979706,0,0.573020294,0,0.264226025,0,0.202027062,3.454138686,0.042912879,0.000326176,0.811346193,0.246478659,0.228134104,7,0.180361157,0.236288789,53,5,0,0.325699746,0.674300254,0.471755725,0.289058524,0.2,0.2,0.4,0.2,2.655394044,0.654287255
Sst Chodl interneuron,Sst Chodl,MGE interneuron,643754730,0.127913487,0.128992336,0.799571335,3.930725693,0.249932844,0.394743672,-503.7575066,28.72365757,10.66012618,-212.3328675,-336.569296,16,0.29357297,0.516062735,79,0,0.026187804,0.973812196,0,0.221848111,0.631874299,0.559432516,3.994306091,0.004357955,0.009260536,0.894661873,0.476656288,0.394512432,7,0.363127347,0.449182486,48,2,0.067747298,0,0.932252702,0.418952618,0.529925187,0,0,0,1,3.550406755,0.692756962
Vip interneuron,Vip Crispld2 Kcne4,CGE interneuron,605160536,0.127628076,0.199416024,0.66832289,22.85905755,0.16376603,0.485734885,-103.2331849,-40.76879653,-184.3146096,-106.089558,-542.4528607,19,0.357519472,0.842391708,93,0,0.454140364,0.545859636,0.026553908,0.078351281,0.83512811,0.73357995,4.709101531,0.047493986,0.004236944,0.731883416,0.16155084,0.328642875,7,0.196136055,0.327952214,49,3,0.00990099,0,0.99009901,0.283415842,0.452351485,0.333333333,0,0,0.666666667,2.910618696,0.210486787
Sst interneuron,Sst Crhr2 Efemp1,MGE interneuron,740649731,0.125630452,0.34848345,0.863361424,47.77653703,0.477687459,0.608313648,28.6637027,-277.2131395,-459.3252895,-116.950947,148.2400579,14,0.481708911,0.707830022,183,0.578579976,0.001595533,0.419824491,0,0.260271241,0.058037495,0.218087468,15.46261858,0.017785732,0.068734913,0.849470944,0.360530811,0.299724823,6,0.268676116,0.320691828,30,4,0,0,1,0.302639656,0.655003069,0.5,0,0.25,0.25,2.41498469,0.690378097
Sst interneuron,Sst Hpse Cbln4,MGE interneuron,760268259,0.125617129,0.134278204,0.857400375,18.65116123,0.381762489,0.697016459,606.267918,-413.4973483,-1247.318394,966.304305,188.8978071,41,0.43484948,0.910720365,731,0.303677903,0.003246945,0.693075152,0.011749669,0.493594663,0.026034595,0.318880808,23.06157321,0.022411644,0.083395266,0.893786018,0.216137673,0.356444181,8,0.220872861,0.253640347,61,5,0,0,1,0.445800781,0.124023438,0.2,0,0.2,0.6,2.737215033,0.517616789
Sst interneuron,Sst Tac1 Tacr3,MGE interneuron,647045788,0.124402359,0.110661939,0.858900872,13.73275763,0.517913667,0.776305913,1054.405416,39.77348641,509.0225846,-279.9720854,75.58709801,30,0.445243095,1.273924402,387,0.322850008,0.020914625,0.656235368,0,0.186592789,0.202746995,0.55707917,17.16449156,0.029300322,0.110287901,0.913989643,0.209468994,0.533912413,5,0.322297541,0.347905964,41,9,0,0,1,0.494071146,0.254180602,0.222222222,0.111111111,0.111111111,0.555555556,4.039048665,0.351327581
Sst interneuron,Sst Hpse Cbln4,MGE interneuron,692083084,0.122364505,0.057203643,0.865795824,25.45529686,0.33105682,0.28641042,659.4518232,726.3054227,107.9025846,224.4831095,-99.07397805,17,0.273236891,0.428397354,447,0.373486364,0.000210593,0.626303043,0,0.235863957,0.123302095,0.305033232,14.61624029,0.105427229,0.011809331,0.890845981,0.225431505,0.214371588,7,0.229979114,0.259642452,55,5,0,0,1,0.28340081,0.5528565,0.2,0.2,0.4,0.2,3.455924415,0.321097621
Pvalb interneuron,Pvalb Reln Itm2a,MGE interneuron,730744363,0.121948968,0.01243302,0.86839767,3.163464186,0.475455804,0.306260308,-1097.137527,-134.5200253,792.3169744,457.761536,21.74606624,27,0.314566717,0.77339265,405,0,0.039622642,0.960377358,0.014303018,0.371809101,0.651165372,0.418967226,15.16983939,0.046734122,0.035993876,0.881582826,0.40026117,0.261976563,5,0.258217271,0.36710788,39,7,0.001231527,0,0.998768473,0.488916256,0.551108374,0.142857143,0.285714286,0.285714286,0.285714286,2.406767571,0.767353634
Sst interneuron,Sst Mme Fam114a1,MGE interneuron,744476851,0.121282339,0.267267154,0.888325294,19.9437583,0.37453983,0.651232129,-333.3617348,-84.15100181,-180.1238339,-217.208341,-182.3326857,19,0.50370682,0.679941267,121,0.364925854,0.011390501,0.623683645,0,0.362346873,0.421233613,0.412839458,7.181208376,0.023885142,0.065265772,0.872610204,0.261262243,0.266574801,6,0.324941013,0.334898845,51,7,0,0,1,0.351002865,0.612225406,0.285714286,0.142857143,0.285714286,0.285714286,3.212438898,0.621222004
Sst interneuron,Sst Tac1 Htr1d,MGE interneuron,668337999,0.120929715,0.290863259,0.874235411,29.99341119,0.436045251,0.743797994,541.0213035,-638.9285292,15.91129831,-970.545958,1477.725895,17,0.520322118,0.669069426,547,0.000848517,0.477625938,0.521525545,0.013739228,0.41840836,0.632636656,0.798053263,31.41623629,0.034357737,0.067446726,0.854124492,0.223061692,0.372751002,9,0.347613074,0.411098746,62,6,0,0,1,0.475415512,0.350761773,0.166666667,0.166666667,0.333333333,0.333333333,3.891054135,0.326753719
Pvalb interneuron,Pvalb Gabrg1,MGE interneuron,694419620,0.120854019,0.125713941,0.812062567,7.756229901,0.467085312,0.400380765,-846.3726281,-68.28292281,438.0448785,160.3630951,-111.2979999,22,0.397828147,0.602577916,241,0.048761729,0.002153515,0.949084756,0,0.277188125,0.370250731,0.424967243,10.74218934,0.136100904,0.008333054,0.869665205,0.304328198,0.258228777,4,0.262081027,0.330691462,23,3,0,0,1,0.294680851,0.656382979,0,0.333333333,0.333333333,0.333333333,1.443188749,0.795077125
Lamp5 interneuron,Lamp5 Plch2 Dock5,CGE interneuron,826712572,0.120721448,0.027896422,0.840162403,0.309777471,0.390825159,0.075960815,-9.728062967,1211.691244,-244.2135836,363.7039213,-273.6313493,44,0.257634498,0.887228206,313,0.003231598,0,0.996768402,0,0.483662478,0.684560144,0.504348662,9.406950253,0.01737783,0.038984717,0.769308662,0.150567553,0.079432867,10,0.097720285,0.284125616,78,6,0,0.006254887,0.993745113,0.495699765,0.677873339,0.5,0,0.333333333,0.166666667,2.063679333,0.042972358
Sncg interneuron,Sncg Vip Itih5,CGE interneuron,946190769,0.120236801,0.111578183,0.860925058,8.752637318,0.418242062,0.248167927,417.8332994,-8.60558798,406.1583408,-444.248628,-408.4256584,20,0.328468163,0.690197358,145,0,0.04047384,0.95952616,0.046773484,0.197433366,0.753010859,0.499552237,7.934729319,0.000271169,0.003330444,0.826265914,0.250215585,0.230402375,6,0.335715021,0.41497701,54,4,0.194717995,0,0.805282005,0.481647269,0.461951656,0,0.25,0.25,0.5,3.803953125,0.155522355
Lamp5 interneuron,Lamp5 Lsp1,CGE interneuron,764902707,0.120110211,0.118613127,0.815789503,8.59161205,0.289647639,0.378214448,1924.379072,-355.175032,853.7893444,-284.429702,262.9096074,41,0.294653575,1.263531766,841,0.019387866,0.191700251,0.788911883,0.019220027,0.233798061,0.500381222,0.527064865,27.72307076,0.031431838,0.021732348,0.907432218,0.10103274,0.174042012,11,0.166121417,0.190891806,69,3,0,0,1,0.389335281,0.3834916,0.333333333,0,0.666666667,0,2.325580158,0.219639691
Sst interneuron,Sst Myh8 Etv1,MGE interneuron,731683221,0.119483668,0.495968346,0.860082589,37.89873888,0.373010418,0.592636399,-256.0133343,-108.516368,-502.2385445,-907.8726935,818.3882816,38,0.548218335,1.042884815,549,0.566817301,0,0.433182699,0.016921439,0.418737895,0.015816656,0.387689879,20.26807783,0.037162136,0.077873966,0.900844195,0.29787818,0.299698274,7,0.280790596,0.326592479,54,4,0,0.267667845,0.732332155,0.413427562,0.530918728,0.25,0.25,0.25,0.25,3.705451974,0.711154726
Sst interneuron,Sst Calb2 Pdlim5,MGE interneuron,722821387,0.11916272,0.249022069,0.852429556,19.89386,0.384924815,0.249022069,428.7751372,616.3199197,331.3364302,-258.4644868,-271.0083679,20,0.339794871,0.666953861,233,0.370039037,0,0.629960963,0.037219217,0.214541314,0,0.210445398,10.19241775,0.062440789,0.097512255,0.846778397,0.20898049,0.482316812,9,0.298521722,0.371038037,54,4,0,0.175390266,0.824609734,0.463269054,0.166666667,0.25,0,0.25,0.5,3.248241997,0.299203052
Sst interneuron,Sst Mme Fam114a1,MGE interneuron,742009621,0.118652141,0.465963029,0.848845645,45.5741031,0.668808428,0.795433574,-302.2875509,-149.3829718,367.783125,183.0859904,-176.6981101,20,0.695415207,0.953118694,161,0.445216252,0.006290957,0.548492792,0,0.317431193,0.203669725,0.345712098,10.6455049,0.023928467,0.017816567,0.873086127,0.32992821,0.276073418,6,0.200812165,0.217506452,50,4,0,0,1,0.422131148,0.60154827,0.5,0,0.25,0.25,3.089986014,0.803078253
Pvalb interneuron,Pvalb Tpbg,MGE interneuron,718257664,0.117796933,0.063219643,0.905424494,4.944101997,0.54359888,0.213653429,877.7015548,-157.456382,789.540341,-682.8213499,-263.348198,16,0.349623667,0.520247419,315,0,0,1,0.015764488,0.418478261,0.10781092,0.401946338,13.49842562,0.135376455,0.054956672,0.879512874,0.412987482,0.347589888,5,0.340786313,0.410103988,50,8,0.138279933,0.032715008,0.829005059,0.470151771,0.215514334,0.25,0.125,0.25,0.375,4.500245201,0.238103821
Sst interneuron,Sst Rxfp1 Prdm8,MGE interneuron,844965212,0.117590063,0.1673917,0.820399767,4.906912079,0.415220221,0.508262671,-473.797884,-158.6560877,-822.3376643,-425.2498411,405.3817322,22,0.399117359,0.731161038,365,0.03410628,0.000869565,0.965024155,0.013431222,0.281545894,0.137971014,0.705638856,16.45233507,0.053340792,0.09392975,0.849370184,0.351655029,0.414945976,8,0.350367184,0.42038451,92,8,0,0,1,0.366688048,0.105409451,0.25,0.25,0.25,0.25,6.762884275,0.675355448
Pvalb interneuron,Pvalb Akr1c18 Ntf3,MGE interneuron,958930508,0.11614713,0.158202872,0.871139772,10.04052163,0.640115847,0.536489799,-1450.54719,-170.9269937,1361.825679,925.0453123,-322.3994864,28,0.407446512,0.794877813,705,0,0.036933015,0.963066985,0.020422527,0.382858213,0.580442822,0.407259508,31.31898558,0.037685525,0.220726699,0.842594828,0.283454512,0.476125161,7,0.35807543,0.450763218,62,6,0.000672269,0,0.999327731,0.493445378,0.397310924,0.166666667,0.166666667,0.5,0.166666667,4.160873705,0.870756849
Sst interneuron,Sst Chrna2 Glra3,MGE interneuron,687907602,0.116030962,0.325239007,0.859988078,16.19576857,0.298189663,0.50852667,-411.1196004,7.287208757,-205.7987795,-345.4217617,-241.1285555,15,0.424684322,0.56521887,127,0.294446077,0,0.705553923,0.014031024,0.460182192,0.151043197,0.415632556,5.019535254,0.050735262,0.00961922,0.902314725,0.288586616,0.203024384,7,0.191686004,0.227983204,50,6,0,0.003333333,0.996666667,0.489333333,0.458666667,0.333333333,0,0.333333333,0.333333333,2.377105857,0.686030844
Sst interneuron,Sst Calb2 Pdlim5,MGE interneuron,760961855,0.11602261,0.0019095,0.847103354,27.34152734,0.446574149,0.635599648,1233.416682,-212.8339208,-72.01905658,692.0679202,62.91009726,24,0.404055589,0.783895524,651,0.306826316,0.007613718,0.685559966,0,0.281121885,0.116678597,0.439471256,24.26883608,0.004686523,0.064013421,0.857589468,0.163553988,0.309914454,5,0.190607551,0.239393642,33,3,0,0,1,0.285714286,0.548412698,0.333333333,0,0,0.666666667,1.804865021,0.39186106
Lamp5 interneuron,Lamp5 Ntn1 Npy2r,CGE interneuron,823719680,0.115329966,0.008834887,0.837719271,3.540358531,0.626833917,0.088836525,2.153988766,1118.606732,-131.0847676,174.3607284,-310.2478209,12,0.371389978,0.544547618,117,0,0,1,0.007599814,0.483774338,0.392161757,0.591871637,5.132116225,0.000292139,0.059323574,0.843617017,0.164109379,0.159622702,6,0.12757649,0.160274964,60,6,0.003452244,0.189298044,0.807249712,0.445914845,0.540851554,0,0.333333333,0.5,0.166666667,2.078413241,0.081681851
Pvalb interneuron,Pvalb Gabrg1,MGE interneuron,680108584,0.114870102,0.061803098,0.901182087,5.700467348,0.458167257,0.300133991,-767.5437172,-69.95224173,242.7916248,-57.68500476,55.06698943,24,0.296103285,0.649562988,251,0.017850953,0.010918544,0.971230503,0,0.388041594,0.081455806,0.269885611,7.851874704,0.004228112,0.052047159,0.813755894,0.221885506,0.212679623,6,0.170068038,0.239974476,34,4,0,0,1,0.447204969,0.298826777,0.5,0,0.25,0.25,2.048251104,0.777603659
Sncg interneuron,Sncg Vip Nptx2,CGE interneuron,855791035,0.112930429,0.162114798,0.7766006,22.68239334,0.378202307,0.35247983,-95.24310768,-96.94763199,-217.6704627,0.313804638,-572.1343384,17,0.334775691,0.919789802,67,0,0.532884903,0.467115097,0.026682444,0.468983558,0.925261584,0.690215094,4.423709148,0.037150902,0.035818339,0.821190004,0.247041669,0.251376798,7,0.27136546,0.300614892,40,4,0.124447252,0,0.875552748,0.331648768,0.500947568,0.5,0,0.25,0.25,2.700215377,0.216672666
Pvalb interneuron,Pvalb Calb1 Sst,MGE interneuron,718656998,0.112691863,0.142124718,0.862950891,3.480913785,0.451574466,0.362602539,-859.0367057,-111.719595,236.1549082,-125.8627422,316.3539477,22,0.322178954,0.717162066,281,0.007463664,0.024616996,0.96791934,0.024494808,0.300641613,0.306272096,0.417762939,14.29343059,0.032401506,0.135508491,0.869646796,0.244085364,0.279797075,7,0.317719023,0.334919434,33,5,0,0,1,0.442151345,0.262664165,0.2,0.2,0.2,0.4,2.815355549,0.732320221
Sst interneuron,Sst Calb2 Pdlim5,MGE interneuron,669074640,0.112269278,0.068985817,0.854608968,15.2832024,0.355700087,0.469926988,1822.652382,-872.6577314,1042.562699,-401.5538887,2.069460859,21,0.290911006,0.600688729,693,0.097906913,0.003855687,0.8982374,0,0.133158909,0.029812724,0.165002937,19.68924391,0.04260656,0.044833118,0.930310498,0.223947567,0.340621801,6,0.213811831,0.230695957,56,6,0,0,1,0.261211644,0.249016522,0.166666667,0,0.5,0.333333333,3.485018364,0.370383658
Vip interneuron,Vip Rspo4 Rxfp1 Chat,CGE interneuron,657185355,0.111155445,0.547270075,0.821048729,28.79576403,0.190921397,0.650994838,-310.0323319,-69.621123,-165.1689222,-198.2714684,-291.6586757,33,0.600848112,1.174655176,183,0,0.33135825,0.66864175,0.032461745,0.08295351,0.96308113,0.695740968,6.230982258,0.015646199,0.180036953,0.797080322,0.10789705,0.457119714,11,0.328072103,0.48330682,63,3,0.17851815,0,0.82148185,0.427150671,0.777722526,0.333333333,0,0.333333333,0.333333333,2.851706121,0.221444778
Sst interneuron,Sst Tac2 Tacstd2,MGE interneuron,718640845,0.109360693,0.471377675,0.819158612,35.50032106,0.394503731,0.737134753,-308.3457399,245.9488377,-1219.554046,-1003.202886,1057.796683,26,0.642844835,0.992095708,675,0.244152414,0,0.755847586,0.023284266,0.276597082,0.014398893,0.456829234,25.52290827,0.024264531,0.016485539,0.815281648,0.316951001,0.352383567,7,0.345575209,0.412397411,81,7,0,0.022934758,0.977065242,0.498329993,0.381429526,0.285714286,0.142857143,0.285714286,0.285714286,6.795679879,0.695573476
Sst interneuron,Sst Rxfp1 Eya1,MGE interneuron,718135969,0.109351281,0.357714082,0.876814188,8.981134992,0.519660805,0.438902189,-975.5554892,-100.2899665,599.5188657,304.6173793,-86.63981303,15,0.44589856,0.729599185,229,0.06913795,0,0.93086205,0,0.415697358,0.101424068,0.352919571,14.32441473,0.037073069,0.173414122,0.892304103,0.251018975,0.283702228,6,0.283164971,0.328397899,38,4,0,0.019230769,0.980769231,0.263986014,0.114801865,0,0.25,0.5,0.25,2.888824974,0.907556719
Sst interneuron,Sst Crhr2 Efemp1,MGE interneuron,803605276,0.108142562,0.476885411,0.877104124,34.36758961,0.905885515,0.779134319,-744.2603136,-305.812639,223.7699105,-3.753355965,815.4697602,16,0.718161665,1.013302522,251,0.499630501,0,0.500369499,0.020997426,0.336042996,0.177158213,0.418333431,22.43413626,0.077149534,0.068420637,0.869445414,0.455781199,0.250332739,5,0.306241187,0.360118641,35,5,0,0.00703606,0.99296394,0.471855761,0.685136324,0.2,0.2,0.2,0.4,3.270390983,0.767407605
Vip interneuron,Vip Crispld2 Kcne4,CGE interneuron,694183636,0.106989787,0.153874692,0.829169473,25.99552082,0.376358124,0.66425266,-245.7864503,-32.06403285,-511.1122892,-95.37892422,-206.4494793,24,0.431445351,0.955709936,229,0.041575492,0.250799529,0.707624979,0.022834694,0.228076081,0.891937384,0.351341508,8.08268566,0.105451155,0.037564514,0.873025406,0.203462102,0.315073244,8,0.212434754,0.281030592,69,3,0,0,1,0.21488764,0.726123596,0,0.333333333,0.666666667,0,2.953595821,0.314668765
Sst Chodl interneuron,Sst Chodl,MGE interneuron,670340941,0.106841544,0.078748033,0.830417524,16.14911052,0.339202629,0.252663761,-672.5067489,-1.260123822,322.2834681,99.45013781,-404.3009069,15,0.238091575,0.52628947,139,0,0,1,0,0.400340716,0.912387442,0.567634079,6.266372798,0.019780303,0.045080388,0.849733933,0.480280619,0.310905793,5,0.295262638,0.373500249,29,3,0.133526012,0.006936416,0.859537572,0.493063584,0.251445087,0,0.333333333,0.333333333,0.333333333,2.429039255,0.735085848
Pvalb interneuron,Pvalb Sema3e Kank4,MGE interneuron,653327513,0.106432926,0.082644062,0.891650872,5.514551801,0.547337378,0.444432472,-1019.961289,-155.7539762,487.6635338,121.9576282,379.07954,18,0.396159759,0.521783113,263,0.011553121,0,0.988446879,0.015219424,0.446760362,0.474868985,0.280864302,11.78039706,0.137356577,0.016470382,0.837660265,0.317786171,0.423755235,7,0.304847575,0.415779915,41,5,0,0.025316456,0.974683544,0.285337553,0.357594937,0.4,0.2,0.2,0.2,2.506995413,0.746748857
Pvalb interneuron,Pvalb Tpbg,MGE interneuron,699495755,0.106394408,0.020268535,0.848428011,14.6065401,0.374848442,0.387645616,604.4653576,-478.1227323,53.8725485,-95.77116599,-256.5051287,20,0.335863224,0.585389669,331,0.003449506,0.012489592,0.984060902,0.017587629,0.40549542,0.21505888,0.137900417,12.55325654,0.014918192,0.021093826,0.857839584,0.156141165,0.320019389,5,0.237469461,0.282849307,36,8,0,0,1,0.452855246,0.588977424,0.25,0.125,0.25,0.375,2.212241959,0.369698017
Sst interneuron,Sst Hpse Sema3c,MGE interneuron,808875776,0.106150917,0.200165591,0.841442292,13.43646893,0.340889267,0.593804206,-305.6075383,-30.01169181,-891.5742506,-521.3295475,206.6105401,32,0.446340399,0.839085905,387,0.060727841,0,0.939272159,0.141913746,0.374637196,0.222929225,0.115261192,11.55941699,0.047287095,0.052688834,0.87398884,0.211820725,0.44783116,6,0.261740191,0.30878141,39,5,0,0.034575905,0.965424095,0.28363047,0.588330632,0.4,0,0,0.6,2.391990477,0.553257928
Sst interneuron,Sst Myh8 Etv1,MGE interneuron,750472605,0.106135631,0.502253123,0.852129596,52.89349363,0.451536833,0.577427887,-23.27727763,13.06940036,-183.4666375,-337.8556561,316.2289387,21,0.614646449,0.992396317,301,0.753318803,0,0.246681197,0.011269355,0.435704379,0.041807014,0.275077385,14.29359025,0.00957161,0.036407334,0.851388548,0.247181569,0.206710114,5,0.158895801,0.20514463,41,5,0,0.216138329,0.783861671,0.416426513,0.65129683,0.2,0.2,0.2,0.4,1.874333015,0.735525166
Pvalb interneuron,Pvalb Tpbg,MGE interneuron,699448311,0.105555989,0.03719391,0.894675687,12.97631089,0.391128568,0.441310948,353.2935497,-611.1892478,-391.669098,377.7407069,-103.6265507,18,0.341398316,0.57245911,399,0.00433293,0.066505441,0.929161628,0,0.422712616,0.235489722,0.438851344,16.1118721,0.02980247,0.004449247,0.864924117,0.23444475,0.367217795,5,0.273231193,0.295491961,38,8,0,0,1,0.411796832,0.442927362,0.5,0,0.125,0.375,2.93272081,0.421567923
Vip interneuron,Vip Lmo1 Myl1,CGE interneuron,605060256,0.104500232,0.278151811,0.826336587,22.03531112,0.250282816,0.278151811,-424.4383435,48.73985203,-235.2006768,-457.7456446,-239.7286854,14,0.297159522,0.400785202,101,0,0,1,0,0.147442327,1,0.617847113,4.173308164,0.054366591,0.044183116,0.885829601,0.254313829,0.695565613,10,0.424896553,0.536847124,71,3,0.255965909,0.025568182,0.718465909,0.398295455,0.746875,0.666666667,0,0,0.333333333,4.78101593,0.432962837
Vip interneuron,Vip Crispld2 Htr2c,CGE interneuron,743504177,0.104083841,0.231315325,0.845593352,14.08340008,0.339907322,0.480153134,149.6373331,483.9234552,117.9505525,-248.4443565,-378.7332696,15,0.369942084,0.6196007,181,0,0.09773434,0.90226566,0.018371573,0.24300311,0.289426921,0.277164738,6.676100247,0.013018635,0.037705459,0.887946106,0.115829816,0.295180884,6,0.17466769,0.209431233,30,2,0.006944444,0,0.993055556,0.372685185,0.759259259,0.5,0,0,0.5,1.185451248,0.176847178
Sst interneuron,Sst Nr2f2 Necab1,MGE interneuron,821774757,0.102271835,0.373948771,0.844182927,44.46939151,0.549250945,0.637103176,-226.8852174,174.3886617,-61.93074276,-319.550834,-252.9268036,22,0.570911002,1.087469836,113,0.48371532,0,0.51628468,0,0.276718938,0.135585042,0.951674524,5.764884855,0.055541787,0.027026346,0.829157387,0.235187442,0.312880822,6,0.198253688,0.255777209,45,5,0,0.06409002,0.93590998,0.350293542,0.389921722,0.4,0,0.2,0.4,2.971276343,0.693205514
Sst interneuron,Sst Calb2 Necab1,MGE interneuron,842841654,0.101529032,0.096734354,0.870473613,9.444916243,0.49157249,0.261223259,668.6868193,2380.821549,86.53708136,502.1584297,216.9029496,33,0.299147705,0.894975726,477,0.26614499,0.000809498,0.733045512,0,0.358247886,0.191851052,0.417209581,16.10257389,0.020059835,0.131476281,0.825678066,0.208980443,0.207280008,6,0.18705922,0.221659559,55,7,0,0,1,0.409188493,0.843709747,0.428571429,0.142857143,0.142857143,0.285714286,3.055418582,0.113107913
Lamp5 interneuron,Lamp5 Plch2 Dock5,CGE interneuron,739810705,0.100910729,0.138397575,0.811428058,13.79569417,0.520089712,0.368721617,-2197.870067,-443.5370608,2148.73092,1552.967378,780.6228512,21,0.418524242,0.772963327,657,0.001737656,0.3184573,0.679805043,0,0.346344565,0.8724306,0.595228105,37.67272974,0.011038991,0.015167121,0.849425205,0.1832755,0.173423731,7,0.117788894,0.149927202,98,8,0,0,1,0.496138119,0.467060427,0.125,0.25,0.375,0.25,3.025949582,0.733743256
Pvalb interneuron,Pvalb Akr1c18 Ntf3,MGE interneuron,694220357,0.099513478,0.313827152,0.884450418,16.17341409,0.62728645,0.493998592,-930.8354974,-134.7756097,276.6952533,-37.27987256,336.6349368,19,0.459271345,0.680590976,361,0.036620004,0.000304321,0.963075675,0,0.393690404,0.148001623,0.260939958,14.50252766,0.035435878,0.181360463,0.909374201,0.288575172,0.359414325,4,0.285239616,0.354450357,36,6,0,0,1,0.457161543,0.487246566,0.166666667,0.166666667,0.5,0.166666667,2.219602616,0.834240657
Sst interneuron,Sst Crh 4930553C11Rik,MGE interneuron,703283610,0.099299323,0.093324937,0.882116974,6.547555609,0.575850042,0.36049423,-927.6905842,-82.93012707,581.688737,286.0846082,-120.5573312,19,0.340844464,0.488835462,257,0.031207782,0,0.968792218,0,0.490543096,0.258984058,0.28209429,10.21132964,0.028230067,0.00976543,0.87196437,0.356990599,0.283663296,5,0.238961502,0.283364019,43,7,0,0.005684303,0.994315697,0.445561871,0.486226498,0.142857143,0.285714286,0.285714286,0.285714286,3.195979613,0.824684812
Sst interneuron,Sst Esm1,MGE interneuron,729135271,0.097310709,0.368849488,0.8288925,59.81464497,0.454211724,0.666191467,88.58409701,525.6951095,-434.6994283,-139.6662549,571.4437912,29,0.588833373,1.219695471,439,0.513729478,0,0.486270522,0,0.487360163,0.070754032,0.212939272,21.87444877,0.036918497,0.091412073,0.856815224,0.338987124,0.469238366,5,0.318228154,0.390689788,53,5,0,0.111799218,0.888200782,0.489569752,0.580508475,0.2,0,0.4,0.4,4.5981629,0.684854486
Pvalb interneuron,Pvalb Tpbg,MGE interneuron,764872932,0.09692815,0.278759348,0.890106029,11.01822187,0.465895858,0.56636748,1443.306923,-168.1521071,924.944853,-633.2503386,264.0282193,17,0.435870261,0.698640928,503,0,0.119224943,0.880775057,0.010902138,0.395670285,0.321825297,0.090165717,23.34578025,0.001956356,0.011198617,0.878572603,0.268088698,0.339581181,6,0.222568553,0.254007686,67,5,0.056979198,0,0.943020802,0.493518239,0.141694302,0.2,0,0.2,0.6,4.618332837,0.248490365
Sst interneuron,Sst Rxfp1 Prdm8,MGE interneuron,743012953,0.096846716,0.386261465,0.876583763,13.91203002,0.721764249,0.778493027,-818.8126286,-117.4672569,-87.58285041,-571.2303782,700.3276312,17,0.589539617,0.826135733,301,0.049086204,0.028950348,0.921963448,0,0.495956655,0.219715349,0.391886915,18.61181166,0.041683209,0.063389144,0.872295162,0.317017247,0.402529581,6,0.289607147,0.375261633,67,7,0,0,1,0.454724409,0.406074241,0.142857143,0.142857143,0.285714286,0.428571429,5.076349674,0.78578314
Sst interneuron,Sst Crhr2 Efemp1,MGE interneuron,720678722,0.095856783,0.354522806,0.886264487,26.80701974,0.616759407,0.565358087,-949.9457899,-202.1696493,322.835049,279.8270522,278.4727103,15,0.485162069,0.687612232,247,0.363908468,0,0.636091532,0,0.411316018,0.108911847,0.317904771,14.76928027,0.005268105,0.026926453,0.855619013,0.327466314,0.239078016,4,0.208952167,0.296481633,33,5,0,0.017099863,0.982900137,0.476060192,0.60875513,0.4,0.2,0.4,0,2.109430003,0.837512745
Pvalb interneuron,Pvalb Reln Itm2a,MGE interneuron,818792182,0.095820027,0.344919162,0.870859816,8.961241061,0.473417264,0.584179352,-860.4840305,-182.4362017,399.8320904,345.425727,40.21802878,18,0.467817585,0.721006365,335,0.152751017,0.002462,0.844786984,0,0.385891672,0.289873689,0.120678762,14.38325235,0.144770163,0.100283878,0.81781745,0.377695381,0.310149123,5,0.273258706,0.368861447,38,6,0,0,1,0.390218522,0.249219563,0.333333333,0,0.166666667,0.5,2.966973351,0.814367592
Sst interneuron,Sst Calb2 Pdlim5,MGE interneuron,657675492,0.095643105,0.166297059,0.847039141,8.269146112,0.518329813,0.166297059,623.2197085,2370.584855,32.70917568,534.3465368,212.8993447,20,0.324656139,0.788514021,539,0.134550372,0,0.865449628,0.010229797,0.24754902,0,0.280660759,16.92754452,0.062981192,0.10186734,0.846539939,0.305057641,0.169349593,12,0.208267491,0.33279293,87,3,0,0.110431792,0.889568208,0.416889568,0.09209018,0,0,0.666666667,0.333333333,3.771266252,0.198501765
Sst interneuron,Sst Nts,MGE interneuron,750824726,0.095533923,0.0518235,0.862072268,15.16930026,0.335283565,0.530687822,-529.4600687,17.06274218,30.80237638,-191.1520925,-294.0296888,15,0.405592954,0.820916112,97,0.023507578,0.073615837,0.902876585,0.02434036,0.151252706,0.28549335,0.261739201,4.869901442,0.044825712,0.074078884,0.889655544,0.329246938,0.39976843,7,0.326484573,0.419779445,46,4,0,0,1,0.429967427,0.550850525,0.25,0,0.5,0.25,3.88099852,0.775894451
Vip interneuron,Vip Igfbp4 Mab21l1,CGE interneuron,639004612,0.095203622,0.319192805,0.860679104,29.78575848,0.294283301,0.416745282,-232.7787244,-54.51800772,-392.6389287,-77.03058671,-460.3655391,13,0.413779191,0.660515713,81,0,0.177715531,0.822284469,0.01622856,0.464985994,0.924680984,0.649280687,5.209460361,4.10E-05,0.085321727,0.786296236,0.158167966,0.469961765,9,0.34901848,0.513212803,44,2,0.4345898,0,0.5654102,0.256097561,0.495011086,0.5,0,0,0.5,2.918040557,0.331053157
Lamp5 interneuron,Lamp5 Ntn1 Npy2r,CGE interneuron,638212024,0.095046341,0.097845366,0.915980016,4.204974006,0.394761431,0.295261554,-116.3428516,300.73858,3.231378094,-226.7314643,-545.0951166,10,0.253421561,0.386035648,45,0,0.075686884,0.924313116,0,0.249351996,0.479523069,0.574014006,2.306384373,0.016022167,0.01037439,0.882579462,0.349348452,0.213790143,7,0.203788611,0.263532365,54,4,0.026635514,0,0.973364486,0.494859813,0.268224299,0.5,0,0,0.5,2.600166441,0.131675302
Sst interneuron,Sst Tac1 Tacr3,MGE interneuron,705278421,0.093923233,0.105592957,0.843721646,9.05769976,0.307387517,0.497603126,430.8844875,337.0982624,389.5133829,-464.5978446,-298.5065958,21,0.316889594,0.511231945,235,0.140257295,0.072011296,0.787731409,0.014159689,0.35174145,0.096799498,0.149900942,8.889899881,0.004095047,0.091807501,0.866196724,0.207476209,0.215903205,10,0.163572016,0.212021024,40,4,0,0,1,0.453053185,0.068286277,0.25,0,0.5,0.25,1.920955381,0.257356693
Sst interneuron,Sst Mme Fam114a1,MGE interneuron,707424705,0.093866393,0.110779691,0.855891382,5.82832024,0.461424869,0.321197429,-496.577446,17.84107284,-83.31870621,-324.6665368,-201.5295601,12,0.286068971,0.45994825,87,0.007533574,0,0.992466426,0,0.483458893,0.312807075,0.330086983,4.80926664,0.003105582,0.01086908,0.856664844,0.347465537,0.352698245,8,0.244183681,0.299087486,57,7,0,0.09527097,0.90472903,0.488436313,0.569209527,0.285714286,0.142857143,0.285714286,0.285714286,4.258961146,0.686370355
Sncg interneuron,Sncg Slc17a8,CGE interneuron,992830261,0.093658339,0.002760726,0.812457178,20.8094137,0.640369955,0.522325975,-962.7430907,-99.48473422,573.6846835,294.437433,-83.92941133,16,0.382195902,0.822034634,193,0.00609692,0.324398192,0.669504888,0,0.420582361,0.842005676,0.75899298,14.46383801,0.094784809,0.112243848,0.881018656,0.360756586,0.339886716,5,0.266485466,0.30672035,52,6,0,0,1,0.381341359,0.383061049,0,0.166666667,0.333333333,0.5,3.482194884,0.703733186
Sst interneuron,Sst Crhr2 Efemp1,MGE interneuron,685636842,0.093602434,0.384422306,0.905015519,30.39652319,0.50257268,0.562770967,-750.5420017,-137.1468271,37.05478072,-85.92107947,244.7375771,18,0.502437458,0.563165006,239,0.48104853,0,0.51895147,0.015497954,0.488605502,0.093045224,0.326919397,10.0646568,0.032732345,0.031091831,0.908348434,0.334427109,0.237303955,5,0.192337,0.240144774,49,5,0,0.047553093,0.952446907,0.404893813,0.630655586,0.2,0.2,0.2,0.4,2.578616872,0.814178757
Sst interneuron,Sst Nr2f2 Necab1,MGE interneuron,649387261,0.093171837,0.282197759,0.828645419,40.82130747,0.50049634,0.771095081,-54.97855016,77.75813914,-78.31687582,-736.5819404,335.4121834,22,0.535677565,1.005693162,327,0.590394338,0.023458038,0.386147624,0.020252213,0.443983822,0.11536906,0.461923941,15.76626022,0.014609502,0.083159252,0.881093675,0.236615213,0.257535002,6,0.270742289,0.300196493,45,5,0,0,1,0.413772808,0.65097116,0.4,0,0.4,0.2,3.144171518,0.656996717
Pvalb interneuron,Pvalb Th Sst,MGE interneuron,703565379,0.092929104,0.131825566,0.868761373,4.845557502,0.440920845,0.431053035,-882.4046679,-65.40765544,514.4300315,219.144074,-199.103395,14,0.350251029,0.714619248,219,0.021636877,0.010112888,0.968250235,0,0.234242709,0.488476011,0.11174101,13.5538531,0.001393839,0.022655125,0.886127697,0.240606575,0.284763174,5,0.31319506,0.346923375,39,5,0,0,1,0.442724458,0.637254902,0.2,0,0.2,0.6,3.089556991,0.817997025
Sst interneuron,Sst Esm1,MGE interneuron,795530674,0.092323885,0.277906674,0.831035015,31.32355358,0.816628178,0.842490818,-700.719018,-39.13924367,334.674924,7.959781807,490.2765896,20,0.592780104,0.969730107,335,0.251429828,0.006672533,0.741897639,0.025631367,0.380481009,0.410910691,0.429981663,20.45615395,0.052527829,0.077533137,0.861647435,0.485796052,0.35176608,6,0.435661049,0.564328581,45,5,0,0,1,0.491514143,0.897171381,0,0.4,0.6,0,4.239333457,0.72778702
Sst interneuron,Sst Esm1,MGE interneuron,639708328,0.092143162,0.052862992,0.805322726,14.42562202,0.446912118,0.340650918,-490.1010708,19.00896348,-190.1202152,-468.7845467,-84.32168208,24,0.308575729,1.146649463,87,0,0,1,0,0.085409253,0.237925775,0.64046461,5.52308328,0.057417635,0.029364894,0.897756936,0.621332288,0.539685075,9,0.453691601,0.519988228,39,3,0.020800628,0.143642072,0.8355573,0.407770801,0.638932496,0,0.333333333,0.666666667,0,3.546355494,0.678135945
Lamp5 interneuron,Lamp5 Ntn1 Npy2r,CGE interneuron,648582997,0.09208844,0.037286706,0.82382133,8.565580901,0.384287953,0.142219602,123.1226432,1550.813328,-197.3431345,426.4064682,-152.5416942,17,0.294387499,0.620894341,255,0.002293227,0,0.997706773,0.010398893,0.387861183,0.057942211,0.062246936,11.28464549,0.023552976,0.112479937,0.879492216,0.20199313,0.267348757,7,0.190928684,0.220652614,63,5,0,0.240217391,0.759782609,0.485326087,0.507608696,0.2,0.2,0.4,0.2,2.922350003,0.097829847
Sst interneuron,Sst Crhr2 Efemp1,MGE interneuron,718647510,0.091957585,0.181783252,0.840217709,5.287412035,0.55119567,0.402385768,-905.4853546,-86.60696946,479.5707515,147.472049,-31.36553576,13,0.355429751,0.567138902,273,0.09805549,0,0.90194451,0,0.210101968,0.190064027,0.258319527,12.39826351,0.087240085,0.016166141,0.841322439,0.209188619,0.345491421,4,0.223452711,0.288243227,22,6,0,0.076706545,0.923293455,0.492610837,0.263898663,0.333333333,0.166666667,0.166666667,0.333333333,1.937778117,0.867991796
Sst Chodl interneuron,Sst Chodl,MGE interneuron,643727497,0.091898466,0.026810876,0.84964318,12.71729698,0.452589453,0.182209543,-413.492078,83.49380316,23.74013509,-142.8468202,-697.1790394,9,0.274560077,0.54212412,63,0,0.103404255,0.896595745,0,0.445106383,0.695744681,0.614265845,3.349072783,0.085437565,0.121488666,0.882519473,0.334612018,0.256509818,5,0.264948543,0.319233649,31,5,0.456458636,0,0.543541364,0.5,0.249637155,0.2,0.2,0.2,0.4,1.924460697,0.910764584
Pvalb interneuron,Pvalb Sema3e Kank4,MGE interneuron,754508194,0.091458835,0.031798846,0.861036371,19.26058092,0.629790347,0.288555635,-1059.457438,-91.93207875,857.4913626,543.7933638,-311.204625,27,0.365699149,0.949973026,309,0,0.301251956,0.698748044,0.02570587,0.415884194,0.6271518,0.455708148,15.26330814,0.004951697,0.197939381,0.778851919,0.259224966,0.298434206,7,0.257417826,0.377850278,49,5,0.233096927,0,0.766903073,0.250118203,0.168794326,0.2,0.2,0.2,0.4,2.85773892,0.819272855
Sst interneuron,Sst Calb2 Pdlim5,MGE interneuron,788296224,0.091127715,0.31009938,0.843999437,21.08454849,0.612658468,0.337925977,1399.981504,855.4174878,591.7603866,107.1566695,203.1698192,20,0.462615138,0.741930518,451,0.324929596,0,0.675070404,0,0.24721738,0.003151401,0.113251626,21.81663732,0.051817307,0.064953275,0.837808977,0.160003122,0.407009221,7,0.251989023,0.299636056,58,4,0,0.110983982,0.889016018,0.469107551,0.115179252,0.25,0,0.25,0.5,3.368984843,0.405691171
Sst interneuron,Sst Nr2f2 Necab1,MGE interneuron,711903629,0.090935758,0.378208029,0.856634145,40.05509819,0.761776454,0.68709542,-226.1532515,349.7070418,-380.1108699,-1249.555347,2625.128628,32,0.589802024,1.153627351,825,0.689988375,0,0.310011625,0.033913683,0.462656205,0.088564371,0.514845857,39.79070017,0.003458068,0.116420859,0.877600789,0.22383606,0.215315697,8,0.213788263,0.285138141,58,4,0,0.007230256,0.992769744,0.444382647,0.605116796,0.25,0.25,0.25,0.25,2.885392918,0.690275285
Vip interneuron,Vip Lect1 Oxtr,CGE interneuron,644920227,0.090934446,0.155806602,0.813048607,15.04596066,0.281151978,0.394967198,220.3742022,33.2035474,205.9582091,-315.0588053,-464.2038265,17,0.30543073,0.624519092,131,0.000486973,0.238373509,0.761139518,0,0.484051619,0.611151692,0.632049027,6.394427434,0.07178894,0.047647612,0.781392004,0.184283638,0.189456848,8,0.172944647,0.284115563,87,3,0,0,1,0.25146771,0.142857143,0.333333333,0,0.333333333,0.333333333,3.417179091,0.167388093
Sncg interneuron,Sncg Vip Itih5,CGE interneuron,862596299,0.090823743,0.215733206,0.835223537,11.94830017,0.586489681,0.515945941,-648.7949808,-78.83157134,-4.379337499,-46.75372211,-57.36818784,14,0.387146824,0.680056821,135,0.093993244,0,0.906006756,0,0.414010868,0.391246879,0.660259644,9.535954764,0.000268867,0.036260432,0.794406267,0.303228422,0.388389184,5,0.235835587,0.342281107,44,4,0,0.012429379,0.987570621,0.458380414,0.557815443,0,0.25,0.5,0.25,3.381352582,0.736634624
Pvalb interneuron,Pvalb Gabrg1,MGE interneuron,680048186,0.090345338,0.118107836,0.849439143,15.87859578,0.666356246,0.312703341,-705.2081132,-31.42482549,233.8260933,-29.21900955,-147.6619541,12,0.384517054,0.641627359,113,0.211060481,0,0.788939519,0,0.402029826,0.085749793,0.364132264,6.528124361,0.073349942,0.025875856,0.861427466,0.235882181,0.247893691,3,0.25725938,0.301150233,16,4,0,0.101910828,0.898089172,0.334394904,0.625265393,0.5,0,0.25,0.25,1.230066035,0.814507705
Sst interneuron,Sst Rxfp1 Prdm8,MGE interneuron,697502029,0.089984762,0.347169967,0.850901441,5.894319545,0.676861732,0.778269694,-1072.429324,-225.6444804,-153.8766171,-626.7491827,1267.147968,28,0.579248225,1.092159748,469,0.057853791,0.053346505,0.888799704,0,0.467399358,0.178994814,0.324243627,24.47791753,0.04127148,0.172976017,0.864308225,0.280643717,0.378844754,8,0.289723849,0.416326477,69,9,0,0,1,0.409116022,0.255801105,0.222222222,0.111111111,0.333333333,0.333333333,4.910002846,0.762230425
Sst interneuron,Sst Calb2 Necab1,MGE interneuron,601810307,0.089759903,0.234826507,0.84296297,12.24210567,0.375706811,0.346144877,1355.104251,-120.6106463,1018.256777,-635.9787464,-63.20117228,36,0.351588152,0.912201326,515,0.132598618,0,0.867401382,0.028647765,0.45158751,0.023703315,0.056180176,19.30059269,0.015288828,0.114775523,0.900498048,0.234766728,0.296038798,9,0.217818811,0.269330077,48,6,0,0.019543974,0.980456026,0.454164728,0.201023732,0.333333333,0,0.166666667,0.5,3.226120636,0.297407928
Sst interneuron,Sst Rxfp1 Prdm8,MGE interneuron,692015490,0.089051625,0.465503448,0.879041975,25.65571833,0.690794065,0.654665475,-654.8056435,-12.91597771,92.05296099,-177.4462027,-234.5562887,21,0.576598696,0.73787053,225,0.338238086,0.018891209,0.642870704,0.015839505,0.375735713,0.244351623,0.194047628,15.67160592,0.060528974,0.071315112,0.873413965,0.319816249,0.192627914,5,0.304225511,0.352155329,39,5,0,0,1,0.394832041,0.330749354,0.2,0.2,0.4,0.2,3.287567295,0.976661957
Sst interneuron,Sst Esm1,MGE interneuron,710338421,0.088174356,0.017366227,0.833710759,12.20624597,0.397496122,0.406376104,-804.6191818,-66.30184718,333.9070177,21.26742434,-30.3759915,20,0.389116527,0.890352533,207,0.117225951,0.004175988,0.878598061,0.02427321,0.249217002,0.383892617,0.318341627,11.53087574,0.048060582,0.049083579,0.848844273,0.535070689,0.306222511,5,0.469317717,0.555975691,41,5,0,0,1,0.370602033,0.774824081,0.2,0.2,0.2,0.4,3.787316337,0.78230096
Sst interneuron,Sst Nts,MGE interneuron,693009119,0.087960527,0.585785978,0.880748021,26.09575529,0.916283946,0.797768002,-699.4487326,2.18034053,510.7531348,193.872019,-361.3802301,20,0.7963065,1.124136812,201,0.427345187,0,0.572654813,0.015748811,0.393521357,0.363478439,0.322227908,15.64745897,0.006500403,0.073813452,0.872057871,0.471408407,0.206164462,7,0.289314059,0.347107864,37,5,0,0.047857794,0.952142206,0.485870556,0.867365542,0.2,0.2,0.4,0.2,3.286737315,0.911018159
Pvalb interneuron,Pvalb Vipr2,MGE interneuron,992268582,0.087826999,0.103776915,0.766132776,16.62682406,0.26649328,0.177786063,944.5154303,-520.7399518,623.587473,-374.0489606,-300.9078576,22,0.306835815,0.671685234,281,0,0.614821251,0.385178749,0.012242378,0.416459782,0.91050149,0.799337394,11.29807012,0.018465299,0.104971405,0.81808218,0.184830952,0.164007539,7,0.195435755,0.288195278,35,7,0.371081254,0,0.628918746,0.485604607,0.166346769,0.428571429,0,0.142857143,0.428571429,2.399917668,0.17915412
Sncg interneuron,Sncg Vip Itih5,CGE interneuron,743001170,0.08768882,0.218139292,0.852770328,29.75741326,0.528085758,0.478614931,-527.9442889,15.28617267,53.13322713,-87.97170318,-393.4189431,10,0.437862508,0.788144807,51,0.007042254,0.318822023,0.674135723,0,0.181498079,0.874199744,0.553672234,4.627337641,0.008236935,0.106377975,0.842921218,0.283863887,0.34877729,7,0.252388316,0.344649631,67,5,0,0,1,0.402431012,0.341655716,0,0.4,0.4,0.2,4.761991874,0.562454616
Vip interneuron,Vip Chat Htr1f,CGE interneuron,764879591,0.08688897,0.237196139,0.827164874,15.29489729,0.230547135,0.269982271,302.1396192,-444.6653211,-244.4929783,298.9270049,-460.2705792,24,0.257593433,0.744105261,279,0,0.065844281,0.934155719,0.017603364,0.134412047,0.995354053,0.203257278,8.098583871,0.090228345,0.062471048,0.807144384,0.135839697,0.294780552,6,0.179634848,0.24851668,48,4,0.221059113,0,0.778940887,0.22044335,0.745689655,0.75,0,0,0.25,2.152333572,0.198248984
Lamp5 interneuron,Lamp5 Plch2 Dock5,CGE interneuron,717637005,0.086385256,0.011413933,0.775916955,9.796182803,0.372451783,0.159565924,161.5838517,1752.744936,-262.2058984,584.7270217,-79.56365179,29,0.270338138,0.837995098,281,0.273524408,0,0.726475592,0,0.248920298,0.026174584,0.427343418,13.48247532,0.023491244,0.062473187,0.863351346,0.097365894,0.166425366,6,0.127007752,0.17258934,47,5,0,0.072340426,0.927659574,0.265957447,0.64893617,0.6,0,0,0.4,1.558794712,0.089588311
Sst interneuron,Sst Rxfp1 Prdm8,MGE interneuron,760821319,0.086069882,0.364261768,0.848404933,13.22745106,0.36271635,0.708301798,-574.2506454,-8.548097204,138.0834592,-75.30892664,-295.1124715,11,0.536794779,0.620138086,125,0.071732955,0,0.928267045,0,0.364346591,0.325520833,0.404805279,6.49124589,0.040897149,0.024223666,0.853275435,0.398797032,0.446188726,6,0.336081594,0.407335707,58,8,0,0.046353705,0.953646295,0.410983171,0.598464718,0.25,0.25,0.25,0.25,5.115308062,0.785102604
Sst interneuron,Sst Crhr2 Efemp1,MGE interneuron,722795299,0.08580674,0.415441053,0.870323007,24.96526538,0.551405077,0.671688878,-821.8134335,-249.5858297,255.7471894,341.2002578,208.8687701,15,0.553352656,0.731650164,291,0.346288774,0.007293205,0.646418021,0,0.435192024,0.209841211,0.437560816,16.27279163,0.061267936,0.013898498,0.870624267,0.333971539,0.221804631,4,0.241181825,0.279967326,31,7,0,0,1,0.359894459,0.458047493,0.285714286,0.142857143,0.285714286,0.285714286,2.613915749,0.811090006
Sst interneuron,Sst Chrna2 Ptgdr,MGE interneuron,660050258,0.084688253,0.454177054,0.867088678,26.77306179,0.170420443,0.456640002,-288.902047,70.33907803,-275.1418738,-403.5946658,-386.5495759,14,0.456042175,0.524399702,99,0.773782772,0,0.226217228,0.031102022,0.138576779,0.001498127,0.360508856,3.666344387,0.035533238,0.047151835,0.84957398,0.265375311,0.129241702,9,0.213244032,0.300984157,48,4,0,0.518619934,0.481380066,0.306133625,0.531215772,0.25,0.25,0.25,0.25,2.595184821,0.618894444
Sst interneuron,Sst Tac1 Tacr3,MGE interneuron,823253200,0.084377596,0.061859381,0.880857566,3.039526243,0.642941535,0.273359672,920.6956857,731.7814156,728.6938267,-512.0826768,-64.05796307,19,0.373291591,0.633410005,313,0,0.003269269,0.996730731,0,0.481375074,0.22577769,0.087877874,14.83803631,0.004210135,0.015325672,0.84114783,0.30299046,0.245935203,5,0.186122918,0.235802942,45,7,0.012465914,0,0.987534086,0.432021815,0.369302688,0.428571429,0,0.142857143,0.428571429,3.300178698,0.179138899
Pvalb interneuron,Pvalb Tpbg,MGE interneuron,606098116,0.084350137,0.169501253,0.78347923,6.747894483,0.484569088,0.53569141,1681.147436,-519.6345497,945.2370962,-573.7186506,131.8768765,27,0.354014524,1.018576458,533,0,0.120688544,0.879311456,0.025998619,0.413126169,0.277287087,0.460397783,26.4544726,0.062845992,0.123017057,0.80117267,0.209423536,0.291201678,6,0.303252666,0.389082579,27,5,0.017871649,0,0.982128351,0.335499594,0.167343623,0.2,0,0.4,0.4,2.062251985,0.262547239
Sst interneuron,Sst Crhr2 Efemp1,MGE interneuron,718205473,0.083640881,0.07336592,0.846270553,12.82033055,0.470352117,0.237916481,-647.9765466,11.52347476,309.8459583,91.33327756,-480.1991339,12,0.313264278,0.565241942,111,0.211039734,0,0.788960266,0,0.393766357,0.306447775,0.070675565,6.521319616,0.208318441,0.160299644,0.908159515,0.233859994,0.276769208,4,0.370120795,0.437223235,20,6,0,0.301152738,0.698847262,0.046829971,0.813400576,0.5,0.166666667,0.166666667,0.166666667,2.559012826,0.865422124
Pvalb interneuron,Pvalb Gpr149 Islr,MGE interneuron,763378303,0.083507078,0.162383015,0.873502109,13.41585213,0.513564184,0.432622115,-307.8460347,-41.35740752,-715.7596291,-329.4651738,-172.2637481,18,0.44747822,0.612447626,239,0.004538578,0,0.995461422,0.008531794,0.42526475,0.066263238,0.056808917,10.07462368,0.080225397,0.101985032,0.877872777,0.349126351,0.461988672,6,0.297399975,0.364530585,46,6,0,0.015156507,0.984843493,0.365074135,0.33937397,0,0.333333333,0.5,0.166666667,4.315624124,0.60430662
Sst interneuron,Sst Esm1,MGE interneuron,766591236,0.082143551,0.54864843,0.847949457,57.506586,0.484452964,0.54864843,-289.5368591,58.0632739,-251.2084185,-399.1725701,-391.9871409,13,0.566805193,0.753053859,55,0.300527903,0,0.699472097,0.02488895,0.435897436,0,0.43845498,3.605835367,0.031530154,0.090247673,0.858065606,0.582748587,0.503298177,8,0.423166335,0.517757921,56,4,0,0.773780187,0.226219813,0.409807787,0.72178413,0.25,0.25,0.5,0,5.705068253,0.716513467
Sst interneuron,Sst Myh8 Etv1,MGE interneuron,639881631,0.082044627,0.172200948,0.818187981,16.61363277,0.410870251,0.655631421,-460.1522062,-31.26618401,-638.4446606,-674.0695378,223.8989894,24,0.415512542,0.714887552,379,0.512514742,0.011007732,0.476477526,0.007365529,0.420652601,0.186869349,0.322453771,11.82772329,0.009409779,0.087312859,0.820712799,0.282224182,0.25528084,6,0.203349304,0.262545378,44,6,0,0,1,0.496424315,0.585220501,0.166666667,0.333333333,0.333333333,0.166666667,2.417515086,0.63176058
Lamp5 interneuron,Lamp5 Fam19a1 Pax6,CGE interneuron,764341238,0.08196065,0.056653458,0.853787347,10.53310286,0.453341802,0.110158662,230.3184335,2005.225784,-306.2876507,729.8202995,12.31987468,18,0.325913837,0.778541,389,0.019075362,0,0.980924638,0,0.223078369,0.032418718,0.490131358,16.63022968,0.009884918,0.025346904,0.82142323,0.163142107,0.169362664,4,0.153553329,0.181623785,25,5,0,0.225423729,0.774576271,0.474576271,0.523728814,0.2,0.2,0.4,0.2,1.712699532,0.099758488
Sst interneuron,Sst Calb2 Pdlim5,MGE interneuron,808537562,0.081473364,0.14536805,0.860347698,32.55007324,0.461517097,0.788810512,260.7642437,-266.8007038,-743.7396534,-30.04281194,321.9125417,17,0.481730041,0.737928874,341,0.443767233,0.001886519,0.554346249,0,0.354665506,0.20301843,0.267276017,20.37148791,0.008800605,0.186819047,0.882040903,0.213064373,0.404258306,6,0.31630699,0.384553519,38,6,0,0,1,0.296034764,0.610537751,0.166666667,0,0.333333333,0.5,2.703597131,0.531146927
Vip interneuron,Vip Pygm C1ql1,CGE interneuron,715159651,0.081055609,0.241853316,0.86189731,14.37951227,0.35008172,0.493596223,501.2942364,-555.1141212,-267.1054316,280.959927,-305.903047,20,0.381697802,1.1000584,281,0,0.163225286,0.836774714,0.008940714,0.344791787,0.871726843,0.342943968,12.31161175,0.006273518,0.007436206,0.842339359,0.234744725,0.38258421,7,0.2590876,0.298611792,45,3,0.138297872,0,0.861702128,0.382978723,0.623404255,0.666666667,0,0,0.333333333,2.631392457,0.227180568
Pvalb interneuron,Pvalb Sema3e Kank4,MGE interneuron,698586385,0.079359906,0.183187006,0.889737406,3.794693751,0.654572056,0.336106183,-1257.745932,-229.870067,744.9427396,294.5452258,621.7383737,20,0.380890649,0.781942388,383,0.021909633,0.00400682,0.974083546,0,0.476044331,0.111167945,0.411687085,17.39356029,0.011144318,0.133323963,0.866251285,0.348910392,0.255874295,9,0.254129816,0.356670742,83,7,0,0,1,0.435241445,0.073872721,0.142857143,0.142857143,0.428571429,0.285714286,4.543880807,0.824154222
Sncg interneuron,Sncg Gpr50,CGE interneuron,993245688,0.079241519,0.251226369,0.844350261,16.01798962,0.866922883,0.551938489,2451.292099,-1182.725068,901.3110697,-122.8226174,459.1146978,19,0.556291097,1.155124808,415,0.000173408,0.163523649,0.836302944,0,0.402739845,0.581870204,0.876609382,34.06907797,0.016894268,0.041951719,0.84971662,0.316256106,0.257405947,6,0.236882978,0.289194411,55,5,0,0,1,0.463690873,0.228847435,0.2,0,0.4,0.4,4.241089015,0.227686434
Sst interneuron,Sst Myh8 Etv1,MGE interneuron,731733715,0.078507894,0.392633066,0.84122187,21.21415234,0.220034637,0.46836527,-323.3793651,51.64247428,-242.5108892,-408.9649767,-349.5969628,15,0.447107314,0.646448574,105,0.21425877,0,0.78574123,0,0.273858921,0.074311581,0.431678758,4.728892458,0.003760087,0.033395014,0.832105769,0.235953862,0.238601786,6,0.253127177,0.308544241,40,4,0,0.179886686,0.820113314,0.407932011,0.468130312,0.5,0,0.25,0.25,2.747136434,0.660402095
Sst interneuron,Sst Hpse Cbln4,MGE interneuron,739792780,0.078404584,0.287483137,0.866175452,37.44968959,0.478715643,0.669457807,109.050899,-213.1643196,-809.4388262,45.00454932,308.2377711,21,0.511213511,1.061703933,383,0.49761454,0,0.50238546,0,0.463915184,0.143051874,0.163503846,19.56946496,0.04626854,0.084804014,0.882594528,0.221173015,0.307927894,5,0.224491925,0.277278403,32,4,0,0.005529226,0.994470774,0.342022117,0.736966825,0.5,0.25,0.25,0,1.771657026,0.583378525
Sst interneuron,Sst Calb2 Pdlim5,MGE interneuron,809338969,0.076967982,0.001329276,0.857971068,15.66747553,0.488008361,0.730408013,1870.150262,-613.6094279,245.6978524,557.8348872,338.1658975,15,0.462958502,0.675504594,579,0.253706674,0.020271256,0.72602207,0,0.385202469,0.095231151,0.188203059,27.56303609,0.005987136,0.0262948,0.854621162,0.243022578,0.384173525,6,0.213338247,0.274634691,62,6,0,0,1,0.37803552,0.17723813,0.166666667,0,0.166666667,0.666666667,3.549048591,0.416049188
Vip interneuron,Vip Crispld2 Kcne4,CGE interneuron,797722932,0.07693358,0.272596375,0.830421011,21.60868749,0.447660026,0.726653452,35.24398629,16.05151802,-276.0615353,64.55046968,-267.9772796,18,0.541741472,0.771185499,201,0.032142323,0.251009119,0.716848557,0.023633551,0.25280311,0.630587532,0.817984214,8.799275631,0.013007729,0.034826839,0.831880828,0.181958357,0.390779828,6,0.224486199,0.30386534,56,4,0,0,1,0.277802792,0.386762719,0.75,0,0,0.25,2.739248088,0.284130339
Sst Chodl interneuron,Sst Chodl,MGE interneuron,659405868,0.076794983,0.259901165,0.851866186,9.962527017,0.539993711,0.474135246,461.2038738,-29.24891448,48.29786324,-97.13083963,-262.355633,17,0.435682104,1.033644381,163,0.000396301,0.028533686,0.971070013,0,0.277807133,0.719022457,0.801409496,9.837484475,0.056687833,0.180567417,0.817744033,0.562426859,0.390010669,7,0.350293871,0.526617509,83,7,0,0,1,0.432290691,0.670537554,0.571428571,0,0,0.428571429,6.982825094,0.168191132
Pvalb interneuron,Pvalb Reln Itm2a,MGE interneuron,764726542,0.07670546,0.285923984,0.878473186,33.80086796,0.465394471,0.679740731,151.3621296,-445.9602986,-1299.392914,920.8031059,232.5177879,19,0.533545303,1.017347202,567,0.258038692,0.002868579,0.739092728,0,0.375316878,0.108272181,0.481186915,21.87166853,0.004404265,0.037546416,0.863511946,0.231183666,0.349029494,7,0.199685554,0.277218095,54,4,0,0,1,0.431009264,0.618722574,0.5,0,0.25,0.25,2.78949261,0.603444596
Lamp5 interneuron,Lamp5 Ntn1 Npy2r,CGE interneuron,764902677,0.076280481,0.003975717,0.839964996,2.136865883,0.616261995,0.093471924,284.723406,2081.096518,-195.6493725,616.1325681,28.01224341,15,0.348248366,0.507247729,229,0.026663076,0,0.973336924,0,0.371397792,0.227174791,0.455830269,11.16750719,0.025833561,0.098588102,0.85566699,0.151343291,0.181880587,6,0.160639775,0.19262647,59,7,0,0.095824778,0.904175222,0.407255305,0.370294319,0.428571429,0.285714286,0.285714286,0,2.315508283,0.081268015
Sncg interneuron,Sncg Vip Nptx2,CGE interneuron,714755043,0.07608727,0.021593968,0.828949234,14.59690922,0.460521167,0.258803507,-704.7399319,-18.76169481,319.5698273,74.10294787,-301.4620801,17,0.286434408,0.817542983,133,0,0,1,0,0.311671655,0.825352715,0.604660275,6.699591121,0.096111373,0.014365239,0.834289376,0.283877369,0.359112074,5,0.217823696,0.300829943,39,3,0.135830073,0.025153717,0.83901621,0.275013974,0.419787591,0,0,0.333333333,0.666666667,2.522125769,0.723233521
Sncg interneuron,Sncg Gpr50,CGE interneuron,941846857,0.075138095,0.378434493,0.817920095,34.91941445,0.593207992,0.69726331,97.15438382,-291.2515535,-160.1849179,-133.0652244,-39.59118347,15,0.543702124,0.855742597,157,0,0.462085308,0.537914692,0,0.340780862,0.648837734,0.754081496,12.68112983,0.008181351,0.106700774,0.845162575,0.247435824,0.273557203,5,0.197045246,0.275732561,30,6,0.045051195,0,0.954948805,0.405460751,0.167918089,0.333333333,0,0.166666667,0.5,1.907186417,0.327709311
Pvalb interneuron,Pvalb Reln Itm2a,MGE interneuron,698086962,0.07476961,0.048888563,0.894642104,13.00712536,0.421848007,0.523639592,603.948524,-984.2747851,-1208.852006,1098.044229,167.9724605,19,0.339692834,0.498780357,667,0.141966882,0.046293549,0.811739569,0.019776971,0.449997032,0.137100125,0.519067826,24.523934,0.011437616,0.057508745,0.896996385,0.297551626,0.277521274,6,0.244303032,0.263639497,39,5,0,0,1,0.340876945,0.320367751,0.2,0.2,0.2,0.4,2.066018529,0.480964225
Sst interneuron,Sst Nr2f2 Necab1,MGE interneuron,821788449,0.074735858,0.391497548,0.8253547,31.33449643,0.542177813,0.694885877,-393.3142973,96.3662737,-478.1004116,-949.374666,1312.445167,32,0.543595596,1.275149896,509,0.538525322,0,0.461474678,0,0.465748182,0.091912234,0.404992438,22.71942553,0.022698965,0.122148196,0.876988421,0.22916575,0.263730685,6,0.211439032,0.247784894,51,5,0,0.035966602,0.964033398,0.449582531,0.518946692,0.2,0.2,0.4,0.2,2.410707775,0.682552999
Sst interneuron,Sst Hpse Cbln4,MGE interneuron,659413418,0.074423125,0.235623685,0.863771249,9.030246546,0.155720015,0.275626149,-184.156463,-70.69332947,-341.443486,36.78613127,-569.4219963,19,0.269867062,0.391270626,107,0.052063247,0,0.947936753,0.022247078,0.259930582,0.01889703,0.421277939,3.683699993,0.043212334,0.114306405,0.918612353,0.227443203,0.248970531,8,0.274211909,0.297993057,54,4,0,0.042003231,0.957996769,0.357565967,0.225632741,0.25,0,0.25,0.5,3.201346413,0.496830458
Pvalb interneuron,Pvalb Tpbg,MGE interneuron,639818525,0.073782022,0.297003578,0.853555796,12.29335651,0.319458213,0.468675014,696.4359463,-688.2952799,-488.1249095,451.8832187,-139.2954017,16,0.465444813,0.575549278,379,0.110804943,0.015614562,0.873580494,0,0.368570474,0.101452906,0.351602214,18.06094023,0.053059911,0.232300572,0.873381451,0.170707323,0.319786409,7,0.328954828,0.398756202,47,3,0,0,1,0.358778626,0.294186729,0,0.333333333,0.333333333,0.333333333,2.571516385,0.469148174
Sst interneuron,Sst Hpse Sema3c,MGE interneuron,780005520,0.073754178,0.233815248,0.815344584,21.83608967,0.226523203,0.452578608,-194.3801441,15.45569191,-270.6290864,-263.1076897,-428.2954279,17,0.358355215,0.518885821,99,0.488544692,0,0.511455308,0,0.371410132,0.479832204,0.152604603,4.203176322,0.075749206,0.152633144,0.861757192,0.270821997,0.174638151,5,0.310118697,0.366767756,45,5,0,0.084619478,0.915380522,0.204896221,0.913783928,0.8,0,0,0.2,2.798874877,0.479564164
Lamp5 interneuron,Lamp5 Plch2 Dock5,CGE interneuron,669523148,0.073662607,0.153984965,0.825236318,10.9441671,0.439128827,0.465286628,892.7512025,1784.465279,375.919166,120.1289538,174.0505069,18,0.370803718,0.559042069,425,0.049322448,0.053699184,0.896978369,0.017340691,0.240888814,0.134500463,0.121818014,19.09764396,0.003021099,0.045695137,0.897136891,0.143609077,0.209011101,9,0.141292836,0.163668154,82,4,0,0,1,0.437391806,0.453548759,0.5,0,0,0.5,2.347391014,0.190529963
Vip interneuron,Vip Crispld2 Kcne4,CGE interneuron,692777680,0.07346721,0.187867349,0.829098324,22.54300279,0.367606501,0.477958725,-16.78260596,63.64597644,-350.9198962,-43.4175328,-349.7085438,30,0.335051995,0.889692803,279,0.05912943,0.506355932,0.434514638,0.026923647,0.311248074,0.760015408,0.681249538,6.718438611,0.041258379,0.018447615,0.841449577,0.181380924,0.256112622,7,0.152810727,0.265235966,48,2,0,0,1,0.393592677,0.587528604,0.5,0,0,0.5,2.310710442,0.218646745
Sst interneuron,Sst Tac1 Tacr3,MGE interneuron,795563325,0.073221576,0.137618224,0.851857978,9.035258139,0.509724857,0.547946232,1156.845196,113.6373884,728.7155977,-493.6115914,-1.728229987,21,0.364779435,0.887239824,333,0.110159119,0.14630763,0.743533252,0,0.291717666,0.219420645,0.798642763,17.70268244,0.030070899,0.122078595,0.808870637,0.264713032,0.189973025,6,0.189952691,0.250740015,40,8,0,0,1,0.41319797,0.114213198,0.25,0.125,0.125,0.5,2.60016918,0.261772937
Pvalb interneuron,Pvalb Gabrg1,MGE interneuron,694437359,0.07315212,0.012270347,0.830404511,7.05333253,0.510150104,0.223449585,-768.2453584,-63.47898211,282.7498359,2.944701487,-13.49201131,13,0.367931516,0.570173108,181,0.243419789,0.012103746,0.744476465,0,0.256868396,0.238232469,0.42557235,8.569570974,0.072496225,0.03846223,0.807706035,0.342722601,0.129857265,3,0.213412007,0.268186663,22,6,0,0,1,0.463888889,0.488888889,0.166666667,0.333333333,0.333333333,0.166666667,1.494519648,0.755173225
Vip interneuron,Vip Lect1 Oxtr,CGE interneuron,696115308,0.072575369,0.126715106,0.821638531,12.30577782,0.379144428,0.410777987,458.8252034,-183.5381525,146.1008594,-131.2667524,-369.4870431,15,0.309572354,0.532352455,203,0,0.03923936,0.96076064,0,0.49517054,0.39450649,0.585203328,8.900484779,0.021499663,0.098643401,0.847374233,0.175195387,0.325246183,11,0.242101963,0.327727146,148,2,0.156666667,0,0.843333333,0.248787879,0.188181818,0,0,0.5,0.5,4.70932465,0.268742764
Sncg interneuron,Sncg Gpr50,CGE interneuron,913928092,0.072371597,0.115160453,0.835045712,11.88768333,0.737567401,0.644806495,-779.9437326,-193.7292307,83.28074631,78.24622333,283.5197175,14,0.419260872,0.830405596,153,0.14509886,0.056909719,0.797991422,0.023408351,0.472015901,0.578930851,0.492974353,14.20640394,0.027408747,0.012128724,0.840603232,0.273042476,0.296744372,7,0.253623328,0.295488836,52,4,0,0,1,0.433884298,0.376033058,0.25,0.25,0.25,0.25,3.393031052,0.665245118
Vip interneuron,Vip Lmo1 Myl1,CGE interneuron,744053590,0.071852812,0.222172509,0.834426522,13.86786148,0.194023709,0.313609805,-129.5543033,-99.39575376,-331.9349318,-66.60847659,-486.4502425,14,0.274999114,0.409514563,145,0,0,1,0,0.256861575,0.896778043,0.651535476,4.663797087,0.051505137,0.108193413,0.840425133,0.096741103,0.513222921,8,0.310992698,0.392594872,68,2,0.31925809,0.024467245,0.656274665,0.120757695,0.653906867,0.5,0,0,0.5,3.370377656,0.248568893
Vip interneuron,Vip Col15a1 Pde1a,CGE interneuron,760316107,0.071750806,0.380937094,0.82774756,17.29130039,0.319706633,0.482374801,198.7202827,135.2180516,197.7935771,-337.3340129,-432.7356792,16,0.439460839,0.687476841,161,0,0.265849635,0.734150365,0,0.278576479,0.829837379,0.472132965,6.067523112,0.060219785,0.015142367,0.852636553,0.208873881,0.203087399,6,0.16056857,0.207835566,51,3,0.264900662,0,0.735099338,0.417218543,0.398822664,0,0.333333333,0.333333333,0.333333333,2.030121472,0.117869102
Sst interneuron,Sst Calb2 Pdlim5,MGE interneuron,657999088,0.071122883,0.003833737,0.817529288,20.87747286,0.545364511,0.483763634,1358.155049,3305.461901,351.5107624,724.1906193,708.2010811,20,0.347460483,0.716864399,563,0.591863897,0,0.408136103,0.024853197,0.484809907,0.015797697,0.083125978,27.11198151,0.002485021,0.110137133,0.789721554,0.226038858,0.423993798,7,0.276186625,0.348196085,63,5,0,0.00952759,0.99047241,0.458118301,0.144501786,0.4,0,0,0.6,3.688682533,0.273387212
Sst Chodl interneuron,Sst Chodl,MGE interneuron,740875222,0.070983674,0.144291145,0.848323982,23.54018847,0.335211473,0.510244289,-475.5278479,-81.68323953,-394.1223534,-438.8827467,164.5119289,15,0.354868847,0.51226742,237,0.127103068,0.003817334,0.869079598,0,0.130354871,0.254488901,0.344935954,11.38151606,0.033999872,0.013437614,0.865967344,0.384932333,0.267860941,8,0.31421233,0.376147081,39,3,0,0,1,0.45276873,0.605320304,0,0.333333333,0.333333333,0.333333333,3.138571751,0.693690325
Vip interneuron,Vip Lmo1 Fam159b,CGE interneuron,744211669,0.070748318,0.001000104,0.820785334,8.680105516,0.263890012,0.381636201,-18.11652773,-111.4044751,-218.3242029,-204.6004095,-406.8190501,20,0.320580044,0.688262504,177,0,0.029534884,0.970465116,0.010672217,0.213023256,0.471860465,0.385960353,6.908010893,0.067463922,0.07782936,0.786183056,0.216316335,0.385625774,8,0.379834429,0.522467466,57,3,0.101995565,0,0.898004435,0.463414634,0.354767184,0,0.333333333,0.333333333,0.333333333,3.262548247,0.352016023
Vip interneuron,Vip Pygm C1ql1,CGE interneuron,709219898,0.070710755,0.072273113,0.830688244,5.032147043,0.263179709,0.229535374,-122.8698984,-133.9821762,-371.7423444,150.7854703,-560.8035161,19,0.330125915,0.682955096,123,0.027658267,0,0.972341733,0.010802038,0.45021512,0.138905962,0.20545172,5.146850987,0.051109222,0.029373802,0.845078337,0.199130326,0.213712485,7,0.219900822,0.310156515,38,4,0,0.016949153,0.983050847,0.326876513,0.376109766,0.25,0,0.25,0.5,1.905786221,0.418138961
Sst interneuron,Sst Esm1,MGE interneuron,863604233,0.070216408,0.480734996,0.819175335,49.80710254,0.546039228,0.764513051,-404.0759713,-109.2442809,-164.8117876,-418.5587955,837.6128237,19,0.649442046,1.069851915,239,0.563747188,0,0.436252812,0.027295047,0.287207024,0.052826355,0.44318285,21.09156317,0.033044027,0.016651178,0.819088919,0.388464323,0.289500941,7,0.267895272,0.358042479,50,4,0,0.01267089,0.98732911,0.432144048,0.623207736,0.25,0.25,0.25,0.25,4.110868843,0.787008551
Lamp5 interneuron,Lamp5 Lsp1,CGE interneuron,652300499,0.069466292,0.027846173,0.814201355,7.314604127,0.518751424,0.532433997,2018.074887,-1204.876241,328.0487939,477.2239219,179.1996561,31,0.346307826,0.931848692,573,0.203310525,0.166985309,0.629704166,0,0.471825317,0.427852687,0.552776236,29.90608074,0.006725512,0.005948499,0.878931457,0.1476481,0.186939577,6,0.147105989,0.167588132,68,8,0,0,1,0.41831972,0.410735123,0.25,0.25,0.25,0.25,2.801816961,0.288511476
Sncg interneuron,Sncg Slc17a8,CGE interneuron,941824942,0.068979043,0.109238891,0.832932525,3.9999099,0.578442657,0.481719773,-620.9795295,-12.57661289,151.1658583,-55.77734236,-267.8997759,18,0.36399637,1.026962706,63,0,0,1,0.046139658,0.465505542,0.669305587,0.484740437,6.292310395,0.025651317,0.116346241,0.873226421,0.478100009,0.521845343,8,0.35918395,0.457719919,93,5,0.00431566,0.031031648,0.964652692,0.487258529,0.583436087,0.2,0.2,0.4,0.2,7.378411592,0.715013769
Lamp5 interneuron,Lamp5 Plch2 Dock5,CGE interneuron,746086313,0.068908235,0.078909763,0.812721762,2.793615705,0.413438555,0.130414191,26.90211758,1252.293346,-196.355994,312.0356219,-258.2078046,28,0.242428509,0.473322256,301,0.001305483,0.002610966,0.996083551,0.007935241,0.373041775,0.831103133,0.72856772,8.262146609,0.042402492,0.064931011,0.869244043,0.159947988,0.11361763,6,0.102930881,0.113479393,46,6,0,0,1,0.428571429,0.606451613,0.166666667,0.166666667,0.333333333,0.333333333,1.374912438,0.030742171
Sst interneuron,Sst Myh8 Etv1,MGE interneuron,705570328,0.068678546,0.395151241,0.834357008,33.47061571,0.457455352,0.578151346,-266.17432,203.9277886,-436.8171967,-511.7945902,189.3675579,22,0.505683116,0.858191693,283,0.4836541,0,0.5163459,0,0.333640917,0.084761403,0.137835996,11.76625503,0.029421604,0.015524422,0.886533951,0.257824457,0.181323986,6,0.190490643,0.231664591,32,4,0,0.009337068,0.990662932,0.361344538,0.613445378,0.5,0,0.25,0.25,1.575208013,0.640913995
Sst interneuron,Sst Rxfp1 Prdm8,MGE interneuron,751991773,0.068381297,0.241165137,0.774064093,8.223600001,0.382374462,0.622334751,-684.5760361,-99.56073577,-216.4777197,-364.0705433,335.5768884,21,0.452644094,0.701716277,271,0.069344704,0.009313285,0.921342011,0,0.247868043,0.155969479,0.214150229,14.1587515,0.030007709,0.12467068,0.813750673,0.244828225,0.364948577,7,0.268234485,0.347013324,56,4,0,0,1,0.483193277,0.144607843,0.25,0.25,0.25,0.25,4.089814478,0.773257864
Pvalb interneuron,Pvalb Tpbg,MGE interneuron,682454193,0.068209832,0.223195821,0.862994224,8.363383762,0.387186675,0.580674724,942.148399,-132.5409868,765.6888611,-697.1056643,-146.4218594,17,0.442477367,0.615770563,385,0,0.086850477,0.913149523,0,0.259703075,0.146129374,0.716679954,14.45449723,0.044145601,0.186180789,0.896346752,0.234850261,0.288229963,4,0.282903266,0.335189025,33,7,0.044028619,0,0.955971381,0.400660429,0.217941662,0.142857143,0.142857143,0.285714286,0.428571429,2.72206026,0.262654942
Sst interneuron,Sst Crh 4930553C11Rik,MGE interneuron,718643723,0.068099819,0.239142277,0.849087615,14.74066329,0.711980856,0.558277697,-1047.285102,-225.452219,272.7082008,-19.71114758,690.6099157,22,0.448206134,0.868689764,373,0.16159589,0.011318937,0.827085173,0,0.444729871,0.300232801,0.410463622,20.70736398,0.046681456,0.025479479,0.891559693,0.280619069,0.252223079,5,0.304043944,0.327755116,40,6,0,0,1,0.354485777,0.55273523,0.166666667,0.166666667,0.5,0.166666667,3.809982393,0.751029881
Sst interneuron,Sst Hpse Cbln4,MGE interneuron,740780456,0.067989097,0.202600113,0.795773158,24.38199452,0.434570697,0.612525785,579.3167267,271.9136102,-1224.148127,871.2707592,452.9174656,41,0.447761885,1.029604922,783,0.337567253,0,0.662432747,0.019042596,0.342947474,0.13012369,0.309899763,28.11224303,0.01592972,0.053578559,0.828229358,0.326231207,0.375512064,7,0.236838812,0.315919387,62,4,0,0.003117693,0.996882307,0.446609509,0.298129384,0.25,0,0.25,0.5,3.809709178,0.499294779
Vip interneuron,Vip Crispld2 Kcne4,CGE interneuron,759751429,0.067916881,0.291676425,0.835980879,20.08995162,0.493029088,0.644035833,78.0805159,-104.8418101,-373.3293506,-11.9926188,-158.4430155,19,0.474025785,0.595077033,313,0.022756659,0.354538402,0.622704939,0,0.387768296,0.76131368,0.954822513,11.00956348,0.062198671,0.020449766,0.890364239,0.19780481,0.32023528,7,0.246262451,0.287852757,40,2,0,0,1,0.388604353,0.588988476,0.5,0,0,0.5,2.25082894,0.263240199
Vip interneuron,Vip Pygm C1ql1,CGE interneuron,761304075,0.067720923,0.044209736,0.873555378,4.761664613,0.450610963,0.520073185,97.26790788,-271.9480233,-351.2850434,95.97266076,-389.6687316,14,0.418922401,0.637213549,143,0.003968254,0.163906142,0.832125604,0.022796635,0.460835059,0.464285714,0.566360826,7.835915545,0.020675253,0.120067697,0.763376591,0.189670052,0.313962771,7,0.234888902,0.300021413,35,3,0,0,1,0.321967213,0.509508197,0.666666667,0,0,0.333333333,2.012742109,0.364110553
Sst interneuron,Sst Tac2 Myh4,MGE interneuron,639809582,0.067189557,0.146360299,0.833470251,2.8646941,0.322530096,0.469527983,-829.0771252,-47.8619316,507.3601912,243.7026056,-272.9912376,16,0.375367134,0.845318043,144,0.000487646,0,0.999512354,0.022879729,0.392880364,0.297301691,0.187145296,9.755296874,0.030880959,0.123644395,0.908615645,0.338940962,0.490737866,8,0.379159614,0.424411542,42,4,0,0.012292119,0.987707881,0.320679682,0.182935647,0.5,0,0,0.5,4.687207156,0.848965697
Vip interneuron,Vip Crispld2 Kcne4,CGE interneuron,736884821,0.067159359,0.139184524,0.805797867,20.93822549,0.297741254,0.552958902,-124.82802,-63.69827414,-371.4513527,-139.4469104,-281.2088576,23,0.378171988,0.631258375,203,0.005229735,0.415390362,0.579379903,0.014966852,0.398206948,0.798841987,0.774778617,7.134159772,0.000212132,0.021697511,0.87245109,0.166841712,0.373459823,7,0.206112204,0.291328533,61,3,0,0,1,0.409681228,0.696576151,0.666666667,0,0,0.333333333,2.283023531,0.291000006
Sst interneuron,Sst Hpse Sema3c,MGE interneuron,656901554,0.067010849,0.178845731,0.824634398,10.12454746,0.256775456,0.263275218,-294.6314661,-33.5781176,-686.6865657,-295.4010393,-247.9702337,26,0.281019101,0.758035854,241,0.049094643,0,0.950905357,0.014754798,0.380436812,0.075975359,0.298777659,9.415467104,0.025004044,0.033273771,0.886397012,0.257473313,0.248164049,6,0.246359661,0.281234708,46,4,0,0.191689008,0.808310992,0.282841823,0.460455764,0.25,0.25,0.25,0.25,2.643939244,0.544023496
Sst interneuron,Sst Tac1 Htr1d,MGE interneuron,623434306,0.066899633,0.09692933,0.847010944,11.14214785,0.57327605,0.589851514,797.3985656,632.8422704,478.9867983,-266.0899234,-79.99874289,15,0.365944961,0.661581062,239,0.164488695,0.064509438,0.771001867,0.016524219,0.326073429,0.124766646,0.416867708,12.51578685,0.002541115,0.070709599,0.818256722,0.292302452,0.242657995,5,0.190106403,0.235382102,36,6,0,0,1,0.441038961,0.24,0.333333333,0.166666667,0.166666667,0.333333333,2.444448269,0.243986795
Lamp5 interneuron,Lamp5 Plch2 Dock5,CGE interneuron,827447865,0.066711878,0.106763798,0.798974045,11.19560999,0.424800002,0.586675209,786.188159,-735.1068366,-962.950372,977.8098456,84.19736677,22,0.371944072,0.784289001,527,0.141938277,0.142185664,0.715876059,0,0.484074463,0.685138227,0.492452498,27.33824574,0.065073728,0.032776525,0.818800744,0.174757756,0.168936815,6,0.182925209,0.255125552,59,5,0,0,1,0.36485623,0.50798722,0.2,0,0.2,0.6,2.522022489,0.321378319
Vip interneuron,Vip Crispld2 Kcne4,CGE interneuron,643021973,0.066371794,0.381767833,0.812747094,36.66003482,0.270960467,0.564081206,-299.0771532,-102.9601365,-584.0762947,-157.1186205,-169.897746,19,0.482184454,0.629438833,231,0,0.236474991,0.763525009,0.028778174,0.284110242,0.972779857,0.928726894,9.106556179,0.036053089,0.113859751,0.82618832,0.197612137,0.553502903,10,0.371364011,0.488920066,70,2,0.375192012,0,0.624807988,0.442012289,0.581797235,0.5,0,0,0.5,4.00514939,0.325249918
Sst interneuron,Sst Tac1 Htr1d,MGE interneuron,745736817,0.066060386,0.054376501,0.868189483,32.17381541,0.378685392,0.56262247,503.5248089,952.2777645,-376.9836616,51.12419476,360.9072095,22,0.318552114,0.575584428,477,0.479642286,0.018758179,0.501599535,0,0.226043333,0.319397993,0.404099454,19.65991437,0.009719092,0.027334738,0.884054624,0.191304157,0.297655306,7,0.180363626,0.22602793,49,5,0,0,1,0.375449409,0.64663585,0,0.2,0.4,0.4,2.548745419,0.438607266
Lamp5 interneuron,Lamp5 Krt73,CGE interneuron,855275163,0.065684569,0.102841237,0.854196816,7.309384956,0.385433692,0.126215892,203.8721298,1327.072661,43.08264133,78.89908593,-205.5927752,19,0.256413891,0.599743759,215,0.013781698,0,0.986218302,0.023895963,0.145718486,0.030135979,0.499042985,8.233616587,0.031551352,0.009310522,0.854971962,0.233970648,0.188994179,7,0.202040159,0.245387768,40,2,0,0.128056628,0.871943372,0.338481338,0.258043758,0,0.5,0.5,0,2.246511787,0.162148741
Pvalb interneuron,Pvalb Gpr149 Islr,MGE interneuron,755625739,0.065648201,0.250039296,0.899054956,22.94860252,0.416749835,0.450483787,-353.9569424,-189.8079887,-603.6647668,-991.7962421,753.9375175,17,0.3661828,0.564044153,497,0.153471915,0,0.846528085,0,0.472180451,0.370101725,0.432143151,17.2146734,0.175454449,0.145891496,0.88472989,0.314228189,0.362720132,5,0.309773951,0.353155901,28,6,0,0.21728972,0.78271028,0.22021028,0.870327103,0.333333333,0.333333333,0.333333333,0,2.442463922,0.601230656
Sncg interneuron,Sncg Vip Itih5,CGE interneuron,716298521,0.065572278,0.155631473,0.830421646,21.65867768,0.64749911,0.506704979,1014.523358,-881.7948751,-389.826216,116.8068581,274.496959,26,0.44439505,0.948751433,495,0.002861666,0.326412567,0.670725767,0,0.431928885,0.630418899,0.647656803,23.12296576,0.067867426,0.067879963,0.854108895,0.228564763,0.223533466,6,0.163524856,0.230027096,41,3,0,0,1,0.454012888,0.200351494,0,0.333333333,0.333333333,0.333333333,2.329415422,0.280006647
Pvalb interneuron,Pvalb Reln Itm2a,MGE interneuron,670091720,0.065314172,0.124396733,0.832505587,4.046118375,0.346617725,0.406409342,749.2537104,-876.6909526,-457.5185045,786.4017554,-269.0651428,23,0.296050248,0.581749757,489,0,0.030444347,0.969555653,0.017894871,0.263264408,0.312362516,0.299076811,15.82215127,0.02283445,0.039470941,0.851417054,0.295860392,0.260098188,6,0.189935338,0.244541989,35,7,0.005325444,0,0.994674556,0.45147929,0.471005917,0.285714286,0,0.285714286,0.428571429,2.307946079,0.346136476
Sst interneuron,Sst Rxfp1 Eya1,MGE interneuron,740819727,0.065123344,0.506247778,0.878076739,38.97549237,0.554793024,0.740722194,-546.5916779,-345.1672819,-254.3844282,174.7296456,637.0910404,23,0.669206446,0.855202007,369,0.431644078,0.002651738,0.565704184,0,0.223703595,0.052961108,0.280748685,19.60348714,0.009530181,0.089653366,0.895321547,0.3083211,0.312497065,5,0.227988972,0.279025981,45,7,0,0,1,0.402770652,0.501795793,0.142857143,0.142857143,0.428571429,0.285714286,2.740161729,0.807970541
Sst interneuron,Sst Rxfp1 Eya1,MGE interneuron,668176228,0.064876958,0.196059305,0.845061081,9.288448108,0.457400444,0.64038501,-966.3669436,-282.7522902,246.2602035,205.5435644,577.3716075,21,0.457249608,0.755646803,439,0.176724828,0.075556267,0.747718905,0,0.475828398,0.325836401,0.417505409,18.71243371,0.062023429,0.092016708,0.876395329,0.288488793,0.325311294,7,0.237173006,0.304076405,70,4,0,0,1,0.448713877,0.267704033,0.25,0.25,0.25,0.25,4.379204653,0.761571762
Sst interneuron,Sst Hpse Cbln4,MGE interneuron,626153003,0.064835032,0.030976749,0.803850343,5.730434397,0.375755156,0.205704769,-587.3818915,-21.86258862,5.794766709,-269.8631895,-49.8004407,19,0.231335,0.416395204,187,0,0,1,0,0.393992056,0.2775571,0.493725741,5.7693529,0.042777662,0.00458673,0.88388232,0.316165052,0.397316867,6,0.23165472,0.263439848,56,6,0.037597058,0.138536984,0.823865958,0.426644871,0.557008582,0.333333333,0.333333333,0.333333333,0,3.334205746,0.702222968
Pvalb interneuron,Pvalb Akr1c18 Ntf3,MGE interneuron,872026690,0.064331533,0.22065742,0.868583875,20.09967103,0.524359165,0.579554691,-1118.84067,-95.02461409,946.1140436,624.9843793,-470.2128539,28,0.434179578,1.10331514,497,0.006804519,0.005483253,0.987712228,0,0.458148907,0.705357733,0.193457662,18.55214353,0.018499221,0.129838594,0.85600581,0.271553987,0.444845578,8,0.29163626,0.355017514,87,7,0,0,1,0.483152652,0.345150894,0.285714286,0.142857143,0.285714286,0.285714286,4.151970319,0.847509501
Sst interneuron,Sst Esm1,MGE interneuron,750706642,0.064001211,0.239572414,0.86134946,34.33707608,0.32782495,0.629756518,-497.1371057,-15.09125726,-183.034242,-420.1323511,-46.27813272,17,0.444298935,0.511895311,237,0.785385501,0,0.214614499,0,0.328922133,0.153241273,0.265077934,7.584791004,0.085219142,0.189435949,0.870730533,0.385022631,0.230744189,5,0.363305358,0.407925597,25,3,0,0.010918433,0.989081567,0.374438022,0.773924213,0.333333333,0,0.333333333,0.333333333,2.281186847,0.738450948
Vip interneuron,Vip Rspo4 Rxfp1 Chat,CGE interneuron,691511791,0.063929896,0.254029447,0.795651285,43.2612724,0.147976835,0.254029447,-332.5978019,70.01724566,-187.0049674,-277.4450867,-548.3136083,15,0.267753653,0.410659594,51,0,0.080176211,0.919823789,0.009282734,0.145374449,1,0.924729167,1.620894178,0.078039009,0.004865049,0.833527697,0.192095457,0.421288858,8,0.261240715,0.313817933,38,2,0.464477933,0,0.535522067,0.380516685,0.539289559,0.5,0,0,0.5,2.60691896,0.281280104
Sst interneuron,Sst Myh8 Etv1,MGE interneuron,673132928,0.063905679,0.211853121,0.86382195,25.41852259,0.4545607,0.293552705,-475.6885964,27.79834809,-106.6373337,-339.5554715,-241.9209659,15,0.364791809,0.67426102,97,0.48816568,0,0.51183432,0.022627573,0.254766601,0.037475345,0.264670011,4.305366499,0.162568857,0.12115952,0.864097555,0.328449331,0.330861742,8,0.274685389,0.388141597,71,3,0,0.39367378,0.60632622,0.169207317,0.599466463,0.666666667,0,0,0.333333333,3.857479124,0.777524565
Sncg interneuron,Sncg Vip Nptx2,CGE interneuron,799776604,0.063608832,0.215356587,0.80377658,34.50177993,0.173838742,0.324544337,-208.6941925,78.6437255,-180.616096,-242.8341287,-522.9522286,19,0.369914344,0.816579544,65,0,0.492176387,0.507823613,0,0.223328592,0.835467046,0.588903579,3.820512738,0.019246318,0.00987556,0.788035472,0.174280674,0.195181744,5,0.245470335,0.264355224,25,3,0.124039517,0,0.875960483,0.486278814,0.534577387,0.333333333,0,0.333333333,0.333333333,1.625568655,0.140399036
Pvalb interneuron,Pvalb Sema3e Kank4,MGE interneuron,718237581,0.063274567,0.014553333,0.874755415,25.56058931,0.474379119,0.295174816,-1112.259772,-131.523674,839.4946314,509.7601479,-39.42365935,16,0.33723032,0.56235966,325,0,0.031759475,0.968240525,0,0.393076434,0.523607876,0.256007114,15.86460477,0.024856179,0.221968477,0.80989114,0.267104663,0.424611579,5,0.381037677,0.50644137,41,5,0.42682475,0,0.57317525,0.39903668,0.142274917,0.2,0.2,0.2,0.4,4.195440979,0.789830174
Sst interneuron,Sst Calb2 Pdlim5,MGE interneuron,711770582,0.063268442,0.082600277,0.840319208,37.67462374,0.465280456,0.492493104,1953.531972,3210.629151,525.3570072,928.0314319,958.5394303,34,0.416821714,1.158496371,929,0.626450519,0,0.373549481,0.041357984,0.287061585,0.021861011,0.198613438,39.37618626,0.009215221,0.018895748,0.865141852,0.252088822,0.3949279,8,0.213477129,0.419349903,70,4,0,0.000736106,0.999263894,0.436878911,0.417372102,0.5,0,0.25,0.25,3.78396079,0.32243235
Lamp5 interneuron,Lamp5 Lsp1,CGE interneuron,761409397,0.063089156,0.066464413,0.843089604,6.905829222,0.573695436,0.214810265,1437.378781,795.143736,1176.34572,-807.954052,142.4977931,22,0.342866589,0.52156776,663,0,0,1,0,0.485442369,0.131617906,0.683520552,19.56626752,0.001828232,0.016478218,0.826833397,0.217521172,0.271371195,6,0.172690577,0.23714769,42,8,0.011368804,0.030923147,0.957708049,0.432924056,0.399727149,0.25,0,0.125,0.625,2.822843379,0.198122411
Vip interneuron,Vip Pygm C1ql1,CGE interneuron,739547189,0.062888493,0.073028674,0.833741275,33.11525768,0.194354047,0.327682054,-49.30012509,-134.0680652,-194.1287467,-12.56791956,-556.0363739,20,0.299667148,0.799850956,137,0,0.102623713,0.897376287,0,0.49850548,0.781800066,0.574484986,4.932264353,0.056461259,0.120144974,0.883007095,0.14059592,0.386309593,5,0.279067753,0.338730077,22,2,0.587286528,0,0.412713472,0.099620493,0.183111954,0.5,0,0,0.5,1.464326778,0.272627094
Vip interneuron,Vip Rspo4 Rxfp1 Chat,CGE interneuron,657184390,0.062886435,0.447981823,0.837657462,51.77979038,0.30359493,0.447981823,-654.9552462,-24.17185492,75.83328661,-177.6673237,-95.58954209,21,0.467150675,0.63211426,221,0,0.414493796,0.585506204,0.012691942,0.356230894,1,0.928259605,7.632400188,0.002796612,0.082251429,0.817052749,0.176284539,0.57776846,9,0.338279949,0.457396404,77,3,0.26765917,0,0.73234083,0.297751029,0.748178651,0.666666667,0,0,0.333333333,3.905986471,0.401575932
Sst interneuron,Sst Hpse Cbln4,MGE interneuron,679899997,0.062509596,0.170907871,0.826250734,21.23520432,0.386844203,0.479729445,1248.322124,11.10253734,136.3791175,416.0703284,80.29985374,29,0.397806453,0.901242846,563,0.38611188,0.001384658,0.612503462,0,0.406327887,0.058432567,0.428350002,21.57746618,0.029744756,0.024570944,0.883655653,0.234793313,0.30584401,6,0.188158318,0.217976679,79,5,0,0,1,0.425273865,0.194444444,0.2,0,0.4,0.4,3.460681932,0.42352288
Sst interneuron,Sst Crhr2 Efemp1,MGE interneuron,657661669,0.06246183,0.310673839,0.845248977,11.00518389,0.820640779,0.869638828,-1323.386929,-230.5298651,991.0919601,590.2136257,604.5643082,19,0.630264234,1.077466877,329,0.120444109,0.097948032,0.781607859,0,0.495611231,0.521246294,0.21958085,23.99522474,0.088023701,0.050122095,0.902859993,0.225351579,0.274097722,5,0.20520506,0.256809215,26,4,0,0,1,0.12352576,0.680943513,0.25,0,0.75,0,2.328560106,0.759480572
Vip interneuron,Vip Lect1 Oxtr,CGE interneuron,640280740,0.06171017,0.182718945,0.817146089,14.25266215,0.135817303,0.2957141,-115.9362547,-65.04143065,-105.9122777,-118.4173806,-605.6008608,18,0.242712972,0.535617148,93,0,0,1,0.047444129,0.092632719,0.788190683,0.859773428,3.006641079,0.012612763,0.025436303,0.858516054,0.211837862,0.503413622,13,0.266802916,0.436185743,93,3,0.371547484,0.00908059,0.619371926,0.331063186,0.422625804,0.333333333,0,0.333333333,0.333333333,3.702798388,0.258864774
Vip interneuron,Vip Pygm C1ql1,CGE interneuron,755592855,0.061666951,0.33703217,0.846604036,28.33461597,0.337276114,0.401420559,326.652068,-460.8880169,-204.5648912,228.0463722,-409.321416,18,0.369495934,0.569041984,277,0,0.220955316,0.779044684,0.020527918,0.463790447,0.992449923,0.742797622,9.021704266,0.051239665,0.059056581,0.837183861,0.151934946,0.326568478,8,0.212214944,0.326795036,54,2,0.51995089,0,0.48004911,0.206875384,0.427869859,0.5,0,0,0.5,2.147953206,0.210694394
Sst interneuron,Sst Tac1 Htr1d,MGE interneuron,872248529,0.061523598,0.036243653,0.907096026,2.392309864,0.925200495,0.256841789,690.0017719,571.946316,611.6925009,-532.1080426,-188.5983797,19,0.493774637,0.678610453,249,0.000240327,0.042778178,0.956981495,0.017144445,0.481614996,0.150684932,0.313631103,13.76148897,0.067147859,0.070837631,0.852353586,0.24793583,0.145603002,7,0.191688346,0.229040554,41,5,0,0,1,0.406494961,0.151175812,0.4,0,0.2,0.4,2.693675578,0.188191835
Pvalb interneuron,Pvalb Reln Itm2a,MGE interneuron,692824134,0.061067475,0.202590277,0.848099405,9.284830452,0.3761119,0.330729291,-374.3363254,-75.77786862,-1003.244455,-642.7629473,263.177904,21,0.292705212,0.414282253,425,0.016744383,0,0.983255617,0,0.37060195,0.099088597,0.522319633,14.17883898,0.014125711,0.081188414,0.88816658,0.31293345,0.293236855,8,0.204231909,0.28027059,53,5,0,0.055137845,0.944862155,0.432748538,0.355054302,0,0.2,0.4,0.4,3.375040337,0.602069489
Pvalb interneuron,Pvalb Reln Itm2a,MGE interneuron,614728680,0.060943604,0.127825357,0.836799841,14.85528452,0.531178159,0.671755366,-515.5461025,-445.4276994,-491.6515927,56.30779285,777.2282243,22,0.407878808,0.658146825,519,0.339539197,0.002282616,0.658178187,0,0.470646979,0.475283544,0.295873757,21.00676444,0.039214541,0.143956778,0.85475759,0.306569118,0.364222866,5,0.264933374,0.32692931,40,6,0,0,1,0.417882353,0.694588235,0.5,0,0.166666667,0.333333333,3.11159231,0.598660854
Sst interneuron,Sst Mme Fam114a1,MGE interneuron,667473785,0.06041991,0.199223079,0.844460716,17.57457227,0.341983468,0.268871326,101.6979817,-234.9080196,-133.2005567,49.53544278,-531.9931152,19,0.243543757,0.570256731,143,0.053917863,0,0.946082137,0.024146282,0.145880574,0.01335349,0.336312204,5.653570458,0.049919587,0.019321492,0.90637279,0.274349788,0.342545187,8,0.232623794,0.253082536,57,5,0,0.220064725,0.779935275,0.42394822,0.286003236,0.2,0,0.2,0.6,3.558649801,0.456209837
Sst interneuron,Sst Tac1 Htr1d,MGE interneuron,820754704,0.060267509,0.004215162,0.858804984,13.70466843,0.571827028,0.417399622,1859.509806,-121.0272895,1051.212673,-498.5549141,236.7482675,39,0.391668714,1.339358038,467,0,0.003159285,0.996840715,0.041977615,0.458728244,0.096559251,0.172058473,25.6231537,0.009424745,0.036563063,0.881524626,0.252047881,0.381954395,8,0.239568753,0.275237082,49,5,0.001148106,0,0.998851894,0.449674703,0.350554918,0.4,0,0.4,0.2,3.421747417,0.341951987
Vip interneuron,Vip Pygm C1ql1,CGE interneuron,836844418,0.060177075,0.06167649,0.795330097,8.778980318,0.241280077,0.319051068,330.9936218,-279.4732281,8.291464298,-11.35692518,-446.4855822,34,0.242458146,0.641706304,303,0,0.130952381,0.869047619,0.007939512,0.303571429,0.651154401,0.100996059,8.399407083,0.102903641,0.126515144,0.884663017,0.128415778,0.322031105,8,0.273798282,0.324260492,46,2,0.212648946,0,0.787351054,0.017415215,0.61228231,0.5,0,0,0.5,1.908110349,0.250315955
Sst interneuron,Sst Hpse Cbln4,MGE interneuron,652958762,0.060041867,0.285942031,0.820902969,11.61992315,0.349793888,0.614267619,155.0889836,-518.3225963,-1146.973635,705.4246487,-152.0310216,39,0.452976487,0.756115843,475,0.141217842,0.009716824,0.849065334,0,0.456783269,0.079863039,0.419267406,16.56220779,0.094928917,0.077078524,0.866259933,0.293786206,0.252010632,7,0.347068252,0.424564598,54,4,0,0,1,0.375354912,0.303804656,0.5,0,0.25,0.25,2.698557891,0.505231011
Pvalb interneuron,Pvalb Reln Itm2a,MGE interneuron,740164794,0.059740304,0.022017966,0.892404025,12.47521485,0.587079243,0.621437743,631.6329817,-1072.364948,-975.2854935,1214.758426,191.712206,21,0.383598837,0.574107511,619,0.077034295,0.037302643,0.885663062,0,0.411659245,0.176970678,0.400778064,24.00160203,0.024917831,0.01690463,0.885540484,0.319733333,0.420976742,8,0.322748605,0.365235591,69,5,0,0,1,0.486981678,0.334297653,0.4,0.2,0.2,0.2,4.223365002,0.485492
Lamp5 interneuron,Lamp5 Fam19a1 Pax6,CGE interneuron,993243528,0.059664688,0.295961647,0.788224649,18.29276271,0.321592041,0.443343324,145.5374473,101.5833048,132.5407811,-277.0854346,-467.0245705,19,0.391773922,0.615488308,107,0,0.459590793,0.540409207,0,0.270076726,0.65140665,0.570688721,5.473843014,0.073848056,0.064321047,0.82820532,0.263358788,0.143939286,5,0.222921347,0.309282803,47,5,0.054263566,0,0.945736434,0.395348837,0.129502964,0.4,0.2,0.2,0.2,3.264027546,0.143855838
Sst interneuron,Sst Esm1,MGE interneuron,731651186,0.058371931,0.237956247,0.852185149,35.26782165,0.383271001,0.823855594,-334.8445053,-9.515503353,-138.2696509,-379.855294,-204.9701248,21,0.531371931,0.932705687,133,0.406688242,0,0.593311758,0.022703971,0.477669903,0.227400216,0.263997676,6.17308377,0.117512795,0.186002775,0.900870493,0.478160799,0.422558441,7,0.33595503,0.409347623,58,6,0,0.00360036,0.99639964,0.393339334,0.728772877,0.5,0.166666667,0.166666667,0.166666667,4.859367718,0.686287084
Sst interneuron,Sst Rxfp1 Eya1,MGE interneuron,846902552,0.058095993,0.428372839,0.837230333,21.23373805,0.45974259,0.557827222,-802.9351555,-130.4883045,244.271833,216.5109147,-28.92913856,30,0.506888505,0.872986845,331,0.257226792,0,0.742773208,0.013972305,0.483666275,0.134312573,0.384557019,12.11433914,0.002020629,0.119874343,0.853065019,0.355422188,0.301961874,8,0.212274863,0.296930161,48,10,0,0.023394495,0.976605505,0.480733945,0.449082569,0.2,0.2,0.4,0.2,3.054549379,0.863324445
Sst interneuron,Sst Esm1,MGE interneuron,863631899,0.058084945,0.296372244,0.839200063,28.89086567,0.600230802,0.793746806,-490.4438293,-45.02054916,-371.739895,-563.4770247,477.4539171,17,0.558524379,0.718625948,275,0.334660968,0,0.665339032,0.022636448,0.359335535,0.240042743,0.32443306,15.25698708,0.012934781,0.178892343,0.81779261,0.394387535,0.369172385,6,0.301764063,0.398482069,37,5,0,0.009170806,0.990829194,0.457011846,0.679786015,0.2,0,0.2,0.6,3.637541181,0.655082181
Sst interneuron,Sst Calb2 Necab1,MGE interneuron,710784375,0.058015329,0.221638191,0.85894923,18.63324304,0.428090496,0.388974376,816.5589772,345.2307531,337.9016402,-29.37633099,-146.2550222,28,0.391528727,0.62725587,563,0.314931493,0.00160016,0.683468347,0.026501346,0.344734473,0.04040404,0.28460967,13.68893098,0.086758362,0.101589272,0.904879547,0.180436331,0.250533091,7,0.199078646,0.21920879,40,4,0,0,1,0.481632653,0.051020408,0.25,0,0,0.75,2.126519216,0.370032677
Pvalb interneuron,Pvalb Tpbg,MGE interneuron,809649556,0.057860452,0.203485474,0.87773395,2.944773175,0.545883359,0.47794562,2410.339401,-293.5645427,1833.259854,-1258.955269,388.7551653,18,0.344704372,0.534199108,691,0,0.052701665,0.947298335,0,0.367733675,0.223610755,0.46487422,26.08316372,0.018401635,0.053318849,0.879358265,0.25009756,0.254204415,8,0.171430173,0.244449416,71,7,0.018018018,0,0.981981982,0.432432432,0.214054054,0.142857143,0.285714286,0.285714286,0.285714286,3.586756074,0.216518364
Vip interneuron,Vip Chat Htr1f,CGE interneuron,755625849,0.057786437,0.243039443,0.716649788,17.27229329,0.354261355,0.538743441,-139.6764804,-155.5598911,-427.9292165,52.12221013,-380.945263,16,0.401771826,0.591622888,199,0,0.201592624,0.798407376,0.010072917,0.488893546,0.798826488,0.808222499,8.023786021,0.106970336,0.032670366,0.721687942,0.176148991,0.349907567,11,0.275005144,0.426325479,36,2,0.065348237,0,0.934651763,0.30094583,0.719690456,0.5,0,0,0.5,2.059829458,0.33426313
Sncg interneuron,Sncg Gpr50,CGE interneuron,941935110,0.057781452,0.517491212,0.829449918,20.82560734,0.535162605,0.639640472,264.5788695,-251.8861554,116.41472,-201.2570373,-417.7334821,14,0.584525375,0.84907999,101,0,0.25114977,0.74885023,0.021701426,0.49310138,0.886422715,0.969604265,8.069509607,0.038837833,0.025329032,0.806468299,0.315906297,0.236467997,5,0.211612406,0.302890235,56,6,0.160866203,0,0.839133797,0.458236659,0.437354988,0.333333333,0.166666667,0.166666667,0.333333333,3.63343773,0.184925573
Pvalb interneuron,Pvalb Vipr2,MGE interneuron,829170676,0.057568539,0.040515594,0.823146557,7.236942035,0.418437923,0.293925256,-1244.930061,-324.595691,283.1877783,-326.5092454,1499.479329,34,0.273529881,0.734711362,571,0,0.046147272,0.953852728,0,0.296610169,0.7476143,0.540354476,17.93424799,0.019389138,0.067756614,0.861067139,0.271991511,0.285337944,9,0.195314411,0.29354009,105,5,0.088967972,0,0.911032028,0.438485003,0.413065582,0.2,0.4,0.4,0,5.194165039,0.664358508
Sst interneuron,Sst Esm1,MGE interneuron,692565557,0.057463479,0.302950673,0.861406019,25.43834288,0.677466526,0.811727147,-693.1303844,80.35406946,214.9633811,29.89094672,202.9238173,20,0.584244189,0.914386767,251,0.304452952,0.044630264,0.650916784,0,0.450433206,0.324199073,0.392520994,14.01658096,0.064823138,0.031818072,0.867252866,0.314212076,0.300681385,5,0.248006469,0.32293513,39,5,0,0,1,0.416235781,0.497414685,0,0.2,0.6,0.2,2.656202054,0.759088874
Pvalb interneuron,Pvalb Akr1c18 Ntf3,MGE interneuron,645355846,0.057111748,0.194790021,0.824123669,10.76665008,0.338256434,0.353876603,-1077.594368,-130.5046836,753.2646322,413.605107,17.26109986,26,0.313827837,0.529612147,485,0,0.046351191,0.953648809,0,0.447666271,0.192519133,0.238234481,13.16878402,0.038828714,0.289477092,0.88642966,0.239193484,0.347185363,5,0.376151838,0.44008981,24,4,0.09854851,0,0.90145149,0.490450726,0.067226891,0.25,0,0.25,0.5,1.823484875,0.858683418
Vip interneuron,Vip Lmo1 Myl1,CGE interneuron,761820827,0.05693599,0.364072668,0.855893831,44.62682536,0.358373713,0.364072668,-520.9064553,4.076514955,-229.1877675,-543.6175396,48.93743382,16,0.37874152,0.499884143,181,0,0.142539875,0.857460125,0.015271219,0.354734504,1,0.72833433,6.612363518,0.035675482,0.121958388,0.831159394,0.233570942,0.608550952,11,0.375895206,0.499652055,92,2,0.504359313,0,0.495640687,0.262351387,0.504359313,0.5,0,0,0.5,5.016740702,0.444496323
Lamp5 interneuron,Lamp5 Plch2 Dock5,CGE interneuron,645169930,0.056910615,0.113954934,0.789825345,2.967733256,0.749786675,0.26111133,466.511389,2450.618152,-187.4667358,783.5192819,188.3770806,17,0.420558325,0.606059641,327,0.054853455,0.006274088,0.938872457,0,0.47109438,0.294971767,0.469718263,16.65674482,0.020242242,0.064597814,0.88025618,0.160043514,0.174179036,5,0.135083605,0.155745321,63,7,0,0,1,0.47463995,0.503443957,0.285714286,0.142857143,0.285714286,0.285714286,2.10379804,0.082994043
Sst interneuron,Sst Tac1 Htr1d,MGE interneuron,844757902,0.056640363,0.245224487,0.870800786,40.24457466,0.440341113,0.663757204,272.7931139,-474.3369257,7.971972955,-342.7637095,559.9479342,23,0.465597008,0.64090124,447,0.54178737,0.002462341,0.45575029,0.016604546,0.39571263,0.25528679,0.05944983,18.51314355,0.005615164,0.07659033,0.908527009,0.241791851,0.267736527,6,0.189495506,0.212777341,49,7,0,0,1,0.420892495,0.738843813,0.285714286,0.142857143,0.285714286,0.285714286,2.653402353,0.616790945
Sncg interneuron,Sncg Gpr50,CGE interneuron,858255768,0.056588256,0.254666813,0.799324942,9.309067498,0.633011855,0.499312743,601.2875767,102.1965552,402.2182833,-321.7238499,-288.7435226,28,0.385156154,1.114560693,175,0.001817419,0.206067384,0.792115196,0.018588496,0.473228016,0.558367119,0.583526587,12.23308636,0.020609519,0.041928885,0.825010865,0.218899343,0.192229464,6,0.250597166,0.299721245,37,5,0,0,1,0.497931748,0.26680455,0.2,0,0.2,0.6,2.979139616,0.179808118
Sst interneuron,Sst Myh8 Etv1,MGE interneuron,760011270,0.056586887,0.362891615,0.841188071,47.27357202,0.283155191,0.644295079,-316.476527,308.770306,-369.8962566,-392.7284634,47.80577125,18,0.531205108,0.920336441,239,0.67457949,0,0.32542051,0,0.250271297,0.187466088,0.440060186,11.03776374,0.088093227,0.11155267,0.84399286,0.25052423,0.181865676,6,0.2272974,0.288175318,56,4,0,0.005667182,0.994332818,0.476558475,0.897475528,0,0.25,0.25,0.5,2.741273718,0.613885834
Sst interneuron,Sst Calb2 Necab1,MGE interneuron,645057881,0.056281953,0.312515872,0.881892584,33.3984271,0.816077157,0.924612568,-325.1140994,-28.52139553,-121.2452517,-302.4751038,-20.84122904,15,0.635655086,0.917316911,91,0.475643856,0,0.524356144,0.0163983,0.48785872,0.289036056,0.293761071,9.199153933,0.081357656,0.228204375,0.875218682,0.444314942,0.448587627,6,0.357854827,0.440442951,42,4,0,0.041762276,0.958237724,0.497934832,0.689765948,0.25,0,0.25,0.5,2.856047115,0.672616673
Pvalb interneuron,Pvalb Vipr2,MGE interneuron,606271263,0.05624601,0.121212663,0.801848332,18.55366852,0.400422808,0.262186652,1904.406124,-1009.543772,1050.078768,-325.9780097,-3.314455274,25,0.280202753,1.076441137,665,0,0.2899106,0.7100894,0,0.488942663,0.744706594,0.570864461,19.32948561,8.91E-05,0.107430981,0.857461865,0.292894792,0.227944673,5,0.225411221,0.288405434,35,7,0.412314458,0,0.587685542,0.487080814,0.142385926,0.142857143,0.142857143,0.571428571,0.142857143,2.284998639,0.195019733
Sst interneuron,Sst Tac1 Htr1d,MGE interneuron,740872967,0.056238754,0.242699312,0.876574913,20.53996549,0.388435779,0.780288481,272.6590625,-368.4379287,-14.49698823,-60.36577208,-1.35986388,18,0.538106209,0.859461003,293,0.148253742,0.245697994,0.606048264,0,0.458303635,0.416963649,0.659055221,14.769537,0.06809467,0.051056976,0.884198492,0.221656206,0.281115855,4,0.180913016,0.21194667,34,6,0,0,1,0.404897494,0.23405467,0.333333333,0.166666667,0.166666667,0.333333333,2.514330798,0.400547796
Sst interneuron,Sst Tac1 Htr1d,MGE interneuron,710730520,0.054303728,0.058179569,0.898639839,25.67830784,0.414165333,0.622669879,1121.835496,-855.005295,95.35738118,-76.15981972,199.8845342,20,0.368152581,0.588188832,449,0.320578288,0.052258107,0.627163605,0,0.318058227,0.222295908,0.207490921,21.27157346,0.025569091,0.079939275,0.912309246,0.146019111,0.319296307,5,0.200253389,0.216244785,29,5,0,0,1,0.352323838,0.57946027,0.2,0,0.4,0.4,1.929600314,0.463075032
Sst interneuron,Sst Tac2 Tacstd2,MGE interneuron,661319074,0.054278904,0.543677791,0.81355191,38.8166106,0.181242972,0.543677791,-321.6724568,-135.7841174,-647.5774309,-231.6056885,32.24715414,22,0.566066073,0.927532356,255,0.427860697,0,0.572139303,0.015771864,0.278741428,0,0.316045454,11.65690766,0.000889589,0.051114589,0.822637425,0.279062079,0.432025097,6,0.295033905,0.405727842,50,8,0,0.375329622,0.624670378,0.484910636,0.339583944,0.25,0.125,0.375,0.25,4.873793167,0.766171004
Vip interneuron,Vip Ptprt Pkp2,CGE interneuron,693265371,0.054192872,0.108835529,0.832957902,20.00064403,0.141280027,0.290393848,-22.17815042,-121.4294761,-74.39249299,-98.29162052,-577.4821977,19,0.20187149,0.504528327,121,0,0.000395257,0.999604743,0,0.165612648,0.711857708,0.627909985,3.77012711,0.03527973,0.045591804,0.856155484,0.163162036,0.442966074,8,0.249973276,0.367482975,59,3,0.449459332,0,0.550540668,0.324400564,0.231781852,0,0.333333333,0.333333333,0.333333333,2.983292834,0.251961342
Pvalb interneuron,Pvalb Vipr2,MGE interneuron,606308411,0.054179995,0.217887736,0.788798562,23.23469005,0.361342262,0.27123539,1520.975344,-868.0147887,840.6883767,-286.0177449,-133.0384877,34,0.291947221,0.979989163,515,0,0.294587693,0.705412307,0,0.367987478,0.987725513,0.695583697,16.15194571,0.010944492,0.070227758,0.877532,0.184685711,0.287050636,5,0.199031986,0.277375481,37,7,0.566972477,0,0.433027523,0.455045872,0.277675841,0.428571429,0,0.142857143,0.428571429,2.220139688,0.140563223
Sncg interneuron,Sncg Gpr50,CGE interneuron,993283588,0.053883,0.002780433,0.805899176,2.451316728,0.410569932,0.228374283,423.3761441,535.348358,372.7414054,-346.6489574,-291.435359,22,0.372592375,0.99114324,261,0.055813183,0.014077509,0.930109308,0.013247044,0.369990063,0.388704869,0.296942543,9.630457251,0.032148115,0.001028324,0.916408365,0.139798927,0.183611367,5,0.257421946,0.30101484,44,4,0,0,1,0.414324569,0.240253853,0.5,0,0.25,0.25,1.895326187,0.16295712
Vip interneuron,Vip Crispld2 Kcne4,CGE interneuron,739570508,0.053679597,0.426008533,0.828478967,32.29179331,0.18295057,0.561750373,61.30212805,-189.9794261,-130.6735867,-89.40224706,-467.3222949,16,0.496162863,0.527559289,177,0,0.506773101,0.493226899,0.010306067,0.263183358,0.923560716,0.865835781,5.416820258,0.063376878,0.067503229,0.816239508,0.111770578,0.307193381,6,0.221091555,0.319932776,36,2,0.451382694,0,0.548617306,0.208742194,0.469223907,0.5,0,0,0.5,1.492106384,0.198018441
Vip interneuron,Vip Lect1 Oxtr,CGE interneuron,760437219,0.053621497,0.254048311,0.774801667,28.80632391,0.18354149,0.480255366,8.162349568,-112.2401968,-168.3356626,-57.07210022,-504.4377358,14,0.370933979,0.68386873,99,0,0.514945652,0.485054348,0.013097282,0.212771739,0.824728261,0.785620299,5.240529813,0.00091244,0.072434296,0.808912821,0.1196378,0.234361846,9,0.219480545,0.297055707,87,3,0.132743363,0,0.867256637,0.325570564,0.237540755,0.666666667,0,0,0.333333333,3.196183207,0.212923685
Sst interneuron,Sst Esm1,MGE interneuron,808882292,0.053454216,0.382636272,0.856638819,20.19236426,0.766235554,0.810597382,-717.4266419,-70.82784046,310.9227085,48.81306075,28.67502661,20,0.625253961,0.776113321,221,0.301630435,0.02132107,0.677048495,0.027805598,0.482650502,0.396948161,0.079125757,12.6262042,0.126925699,0.111467546,0.865736581,0.402720532,0.262383664,8,0.361752067,0.427374824,36,6,0,0,1,0.424598512,0.580885233,0.333333333,0.166666667,0.333333333,0.166666667,3.564046444,0.787502209
Lamp5 interneuron,Lamp5 Lsp1,CGE interneuron,707666779,0.053069761,0.045255378,0.815962459,15.17599479,0.393092824,0.38690973,-868.2484102,-236.2679906,-307.9181644,-244.6170727,817.0802447,24,0.382331787,0.919619195,407,0.000763417,0.408046416,0.591190167,0,0.48881594,0.584701122,0.696463735,21.77026878,0.006876071,0.100173717,0.858419881,0.155860101,0.224515635,7,0.201517178,0.381383069,120,6,0,0,1,0.454428755,0.200684638,0,0.166666667,0.333333333,0.5,3.75878622,0.577903217
Sst interneuron,Sst Calb2 Pdlim5,MGE interneuron,602231708,0.052813472,0.349817256,0.809972431,24.64011407,0.273554256,0.558686172,-314.1308811,-76.50512707,-416.6728378,-521.4616837,38.80203345,26,0.458525758,0.6613754,287,0.705321042,0,0.294678958,0,0.424551189,0.275432638,0.436720624,8.547918364,0.051582886,0.137404177,0.83327103,0.27945941,0.143147254,5,0.207581847,0.259330056,24,4,0,0.159045726,0.840954274,0.279324056,0.985089463,0.5,0.25,0.25,0,1.413937604,0.612720389
Vip interneuron,Vip Chat Htr1f,CGE interneuron,760890074,0.052731752,0.321022956,0.815145918,27.77025219,0.248112369,0.455650996,346.2316123,-336.9727941,-10.3418777,4.338786335,-417.8943949,22,0.390093552,0.80875898,293,0,0.212525321,0.787474679,0,0.295070898,0.917116813,0.619669896,10.78190293,0.034458546,0.02790811,0.834655827,0.25467497,0.277459072,6,0.209232221,0.274674852,57,3,0.37118948,0,0.62881052,0.435146444,0.256425583,0,0.333333333,0.333333333,0.333333333,2.657863034,0.180094635
Sst interneuron,Sst Crh 4930553C11Rik,MGE interneuron,661318431,0.052600429,0.059457851,0.837915952,8.786019846,0.549428163,0.670865634,-980.4615569,-123.4025494,464.5525257,156.5221416,139.5883961,24,0.427030045,1.120103143,275,0.123276881,0.043619535,0.833103584,0,0.451260339,0.488479716,0.558093006,14.30518845,0.016804348,0.039457388,0.844746364,0.378951405,0.32444886,6,0.259543503,0.297460789,44,8,0,0,1,0.408188083,0.734495338,0.375,0,0.25,0.375,3.736220261,0.764769263
Sst interneuron,Sst Hpse Cbln4,MGE interneuron,752027250,0.052269083,0.285509803,0.872985305,32.12700514,0.366838385,0.573553336,541.9741888,-641.7981949,-837.386322,523.3179667,52.62758692,20,0.46834563,0.659868344,453,0.433525169,0,0.566474831,0,0.32803963,0.036060319,0.340961473,19.13043852,0.064844046,0.074108396,0.861968393,0.237666937,0.367652455,11,0.224246175,0.290004572,60,6,0,0.035930736,0.964069264,0.476190476,0.287878788,0.333333333,0.166666667,0.166666667,0.333333333,3.235790484,0.566712885
Pvalb interneuron,Pvalb Reln Itm2a,MGE interneuron,714046701,0.052174154,0.022463415,0.86911786,6.041555909,0.300622803,0.358796465,2125.444212,-1294.251318,909.4767661,-45.44824651,75.52472147,25,0.253727207,0.591558108,759,0,0.029553784,0.970446216,0,0.375356333,0.207807319,0.555417638,26.57696028,0.019985066,0.117539323,0.888140277,0.265618434,0.316773873,5,0.239538696,0.279319081,44,6,0.02809633,0,0.97190367,0.468463303,0.495986239,0.5,0,0.333333333,0.166666667,2.756258546,0.291135682
Lamp5 interneuron,Lamp5 Lsp1,CGE interneuron,887156236,0.0518104,0.027040106,0.826689206,8.994867598,0.288529963,0.462513106,689.3721415,-684.7260065,-585.9075737,726.6962987,-192.1117485,25,0.257584222,0.785273537,491,0.129040341,0.297335672,0.573623987,0,0.406163869,0.652217489,0.664872773,17.56843683,0.014970704,0.017478967,0.873477979,0.166950267,0.174382589,7,0.144285235,0.165042234,92,6,0,0,1,0.453032105,0.657550535,0.333333333,0,0.166666667,0.5,2.585512658,0.306716371
Lamp5 interneuron,Lamp5 Plch2 Dock5,CGE interneuron,827347629,0.051326508,0.170934202,0.824379381,15.48556823,0.522593551,0.376620513,1015.376759,-690.2254583,-114.1141736,431.84102,-128.2775584,29,0.364373625,0.965462435,379,0,0.408627087,0.591372913,0.010230035,0.443336425,0.81377551,0.089550393,18.25405529,0.031849044,0.015687056,0.872819477,0.15813673,0.196236751,7,0.1260813,0.149887551,100,6,0.001110289,0,0.998889711,0.482975574,0.522205774,0.5,0,0.166666667,0.333333333,3.607340331,0.210392521
Sst interneuron,Sst Mme Fam114a1,MGE interneuron,718494231,0.05067951,0.0246562,0.844228653,11.99050476,0.249120662,0.156723489,-453.6060541,44.70494192,-29.62258842,-227.7293195,-406.986975,14,0.198529421,0.475992964,65,0,0,1,0.028481545,0.171125975,0.396878484,0.346299098,2.552975959,0.015841293,0.057434564,0.844077395,0.305844878,0.298201318,8,0.280724223,0.331093135,47,7,0.027485579,0.418391585,0.554122837,0.476077367,0.706141839,0.142857143,0.285714286,0.428571429,0.142857143,3.951206301,0.709724335
Sst interneuron,Sst Hpse Sema3c,MGE interneuron,643702874,0.050427973,0.408163036,0.812882389,10.64127515,0.224335824,0.582459029,-294.9947655,52.00629525,-369.9347831,-320.9331195,-434.9750571,13,0.50940584,0.574689538,105,0.122383824,0,0.877616176,0,0.098261795,0.074849237,0.622026433,3.835982947,0.019130071,0.065490864,0.870546931,0.306563612,0.312128859,8,0.192642001,0.226502579,58,4,0,0.062334918,0.937665082,0.444268357,0.399366086,0.25,0,0.5,0.25,2.453496161,0.532763315
Sst interneuron,Sst Crhr2 Efemp1,MGE interneuron,750776506,0.050125663,0.213410234,0.85436345,20.72178769,0.511632577,0.682980118,-364.0290905,-306.9336843,-544.993658,111.968428,214.8321786,25,0.470114578,0.70041362,317,0.473451752,0.035717715,0.490830533,0.018958091,0.447431589,0.297743639,0.393185477,14.61311213,0.037698267,0.0419393,0.870714691,0.235571792,0.254429467,6,0.210672854,0.236890084,68,8,0,0,1,0.457372116,0.588766299,0.5,0.125,0.125,0.25,2.79090937,0.621253216
Lamp5 interneuron,Lamp5 Plch2 Dock5,CGE interneuron,764897253,0.049950515,0.171809564,0.813059133,8.279414608,0.456166985,0.573981863,2065.032894,-976.6828769,-129.7533414,831.4141164,553.6582265,37,0.383458802,1.41020829,761,0.026456291,0.116304088,0.857239621,0.01726829,0.486492948,0.510439079,0.587547728,34.96202348,0.028756872,0.049797174,0.859694,0.157157613,0.263985438,7,0.170336342,0.201727064,106,6,0,0,1,0.452208306,0.513183916,0.5,0,0.333333333,0.166666667,3.88159268,0.299462124
Sst interneuron,Sst Tac1 Htr1d,MGE interneuron,741788179,0.049700513,0.08500801,0.803111905,14.52744369,0.488806338,0.652476171,2290.156362,-635.4380347,1336.198619,-521.3869517,317.6880773,24,0.397939641,0.913985639,605,0.204782653,0.028726315,0.766491033,0,0.412655791,0.082379167,0.206408807,30.23176527,0.012869437,0.03282195,0.835926876,0.194053567,0.300188402,5,0.170729232,0.224436112,54,6,0,0,1,0.495527728,0.19588551,0.166666667,0.166666667,0.333333333,0.333333333,3.170364562,0.344403505
Sst interneuron,Sst Hpse Cbln4,MGE interneuron,741785767,0.049574389,0.287231811,0.849639972,36.13975834,0.347162834,0.611940865,179.5237766,133.6988541,-468.953901,-486.8443915,383.3905656,21,0.48962321,0.839478618,361,0.546180065,0,0.453819935,0,0.471111481,0.085958933,0.19665578,19.51897049,0.039702834,0.09723479,0.857764023,0.189419327,0.261444394,7,0.204358153,0.270229326,62,4,0,0.018856806,0.981143194,0.383028874,0.374189747,0.25,0.25,0.25,0.25,2.651866946,0.596444409
Sst interneuron,Sst Crh 4930553C11Rik,MGE interneuron,640111844,0.049531242,0.001988022,0.810376698,3.277690498,0.697526692,0.401175555,-603.0790622,37.2661868,280.7888534,69.82031793,-634.7611968,19,0.377201502,1.325678169,129,0.007252947,0.003263826,0.989483228,0,0.492293744,0.402175884,0.479297965,8.574106754,0.102337804,0.002826996,0.902258146,0.522174842,0.374446774,6,0.402879693,0.43427724,36,6,0,0,1,0.421007686,0.57557643,0,0.166666667,0.666666667,0.166666667,3.731647917,0.923504018
Sst interneuron,Sst Calb2 Pdlim5,MGE interneuron,740380531,0.049229685,0.130472648,0.856231818,15.82676822,0.544276051,0.693153307,2238.209269,1644.261061,995.9033449,129.7872297,947.8810358,17,0.498886364,0.952488493,843,0.359144001,0.028465245,0.612390754,0,0.450420649,0.110185412,0.356407819,34.67138873,0.019474345,0.031069421,0.870935029,0.255374536,0.403784307,5,0.220120205,0.264962726,58,6,0,0,1,0.451008136,0.199151044,0.333333333,0.166666667,0.166666667,0.333333333,3.579023131,0.307185312
Sst interneuron,Sst Rxfp1 Eya1,MGE interneuron,657985196,0.04910137,0.314031874,0.844920806,8.611023052,0.49950735,0.73722336,-814.2330738,-462.272425,35.49427719,247.1336631,901.7428091,21,0.544401243,0.74020408,371,0.197018104,0.022928021,0.780053875,0.015575454,0.420159118,0.232600388,0.196378813,22.67160785,0.003149715,0.123148314,0.835436275,0.298505426,0.400695555,9,0.298713013,0.397895321,60,6,0,0,1,0.390422535,0.203661972,0.5,0,0,0.5,5.052301464,0.756315923
Sst interneuron,Sst Crhr2 Efemp1,MGE interneuron,711571947,0.048709969,0.159520274,0.895153789,12.79156485,0.495080989,0.488621944,-758.9230674,-23.1666637,409.1094304,155.168966,-367.8275872,21,0.352572366,0.483995968,195,0.231875374,0,0.768124626,0.012636987,0.395296585,0.290293589,0.066597616,9.521894761,0.068599376,0.089315894,0.899945461,0.371393679,0.293813728,5,0.24179313,0.274473701,37,5,0,0.022038567,0.977961433,0.468319559,0.647933884,0.4,0,0.2,0.4,2.629773738,0.882660359
Vip interneuron,Vip Pygm C1ql1,CGE interneuron,844870606,0.047679929,0.011260496,0.831165509,14.70623161,0.334791489,0.474289481,-229.3054123,-113.7136079,-351.4429241,-85.11504334,-324.929529,16,0.279123204,0.561134018,111,0,0.13228752,0.86771248,0.011309897,0.467571997,0.408101147,0.554915603,6.041184127,0.0281585,0.263969191,0.82231354,0.142625159,0.540675738,7,0.405277611,0.476425586,29,3,0.196078431,0,0.803921569,0.29638009,0.581447964,0.666666667,0,0,0.333333333,1.698783657,0.479039921
Sst interneuron,Sst Tac2 Tacstd2,MGE interneuron,705217315,0.047630388,0.330413348,0.773116516,19.86895123,0.268161658,0.330413348,-344.8726146,71.04146056,-229.2228837,-380.3207164,-454.5769667,13,0.343033291,0.393935845,51,0.358088659,0,0.641911341,0.012057026,0.446747265,0,0.262650901,2.391102735,0.028967969,0.050474216,0.849011559,0.335610169,0.310873771,9,0.194997285,0.274080369,75,5,0,0.551677852,0.448322148,0.422483221,0.437583893,0.2,0.2,0.2,0.4,4.050850624,0.659542389
Vip interneuron,Vip Pygm C1ql1,CGE interneuron,668464797,0.047050473,0.203093693,0.831205992,26.54303873,0.305865267,0.203093693,-9.899563772,-238.3524659,-396.047283,279.3092432,-535.5692623,15,0.308749576,0.486081763,173,0,0.198266028,0.801733972,0.018252182,0.377138946,1,0.893601828,7.525781442,0.011703842,0.078216079,0.827065606,0.206770828,0.307214932,6,0.233994895,0.44210081,39,3,0.560928433,0,0.439071567,0.396518375,0.446163765,0.333333333,0,0.333333333,0.333333333,2.416406476,0.252714697
Pvalb interneuron,Pvalb Th Sst,MGE interneuron,685707621,0.046471312,0.114988048,0.883215768,12.18625943,0.509979277,0.399546581,-658.3222415,18.86401497,319.3355461,79.34854892,-562.0754111,21,0.349885414,1.218544082,171,0,0.067158881,0.932841119,0,0.232003408,0.685929291,0.547136965,11.29565171,0.041114218,0.197984322,0.897808329,0.251386607,0.410491074,7,0.340162114,0.40465425,53,5,0.064842105,0,0.935157895,0.419368421,0.421052632,0.2,0.2,0.2,0.4,3.704511638,0.865395571
Sst interneuron,Sst Chrna2 Glra3,MGE interneuron,747028632,0.046331082,0.391667291,0.835197634,32.63256821,0.39742167,0.728472062,-276.8421073,35.17786999,-469.7359176,-277.3132532,-174.2491172,14,0.574641928,0.944356423,133,0.652461298,0.006261959,0.341276744,0.023437792,0.421812489,0.139850409,0.271328216,8.817622898,0.052263239,0.056188607,0.866669275,0.346561158,0.183996165,8,0.287058644,0.314326375,66,6,0,0,1,0.377245509,0.609780439,0.333333333,0.333333333,0.333333333,0,3.071172226,0.608976453
Sst interneuron,Sst Mme Fam114a1,MGE interneuron,639893239,0.046296981,0.283501537,0.866652901,31.16001952,0.666613455,0.71415879,-714.7624311,-110.9335592,-7.724503307,-167.627709,231.8749248,16,0.499787723,0.722720402,187,0.327653089,0,0.672346911,0,0.466749792,0.124134109,0.104913087,10.43912503,0.018526305,0.122278205,0.886236184,0.361426988,0.337257722,6,0.361983129,0.400369278,39,5,0,0.007502207,0.992497793,0.473080318,0.784642542,0.4,0.2,0.4,0,3.176919439,0.752566556
Pvalb interneuron,Pvalb Reln Tac1,MGE interneuron,817935092,0.046060804,0.24226754,0.861265091,17.74893905,0.469467328,0.566727997,-140.1944312,-62.10207563,-817.2901878,-717.327933,352.4165213,25,0.449699089,0.710985862,441,0.26637796,0.000829264,0.732792776,0.015365737,0.480235879,0.238459412,0.107254138,14.57508077,0.031020119,0.086567849,0.886019211,0.291889068,0.223420469,9,0.179618163,0.230219919,96,8,0,0,1,0.402738432,0.568932956,0.375,0,0.25,0.375,2.901251616,0.546853705
Sst Chodl interneuron,Sst Chodl,MGE interneuron,816434177,0.045494098,0.410181698,0.830820186,23.78548201,1.13283525,0.670985922,-1453.094994,-950.461079,323.118888,495.1908614,2749.410776,24,0.672768623,1.598187199,599,0.259520846,0.000715619,0.739763535,0.014968249,0.459614188,0.167983821,0.529435704,43.68271618,0.062960742,0.076954049,0.881250536,0.48452824,0.314657649,6,0.297907778,0.350777484,59,5,0,0,1,0.283645142,0.33977067,0.2,0.2,0.4,0.2,4.648592216,0.763525298
Pvalb interneuron,Pvalb Calb1 Sst,MGE interneuron,689030611,0.045194393,0.056366062,0.885771098,6.25872929,0.495384595,0.280105431,-902.6318655,-49.89758899,666.0452913,393.2672546,-398.7967475,21,0.271428171,0.461524933,287,0.047003525,0,0.952996475,0,0.483091787,0.320146233,0.219608199,10.89170141,0.000970676,0.021947125,0.877821002,0.343827093,0.25478644,5,0.191115833,0.227070961,41,5,0,0.013326752,0.986673248,0.404244817,0.564659427,0.4,0.2,0.2,0.2,2.623282886,0.869212482
Pvalb interneuron,Pvalb Vipr2,MGE interneuron,823702943,0.044771936,0.193126867,0.792785194,11.48279601,0.358180011,0.295918278,1238.455463,-468.7870991,969.5874182,-665.6785423,-184.7207896,20,0.247010311,0.557487732,359,0,0.190539032,0.809460968,0.016283942,0.42178459,0.934016851,0.651510968,13.50452119,0.012711577,0.006769792,0.851081751,0.17749915,0.201012237,6,0.165156645,0.301164728,63,7,0.181728395,0,0.818271605,0.459259259,0.368395062,0.571428571,0,0,0.428571429,3.075987288,0.156162956
Vip interneuron,Vip Crispld2 Htr2c,CGE interneuron,681793778,0.044402659,0.290354829,0.83360464,13.09072286,0.208228519,0.629779498,85.57362416,41.62048374,-74.12361392,-119.2417764,-428.3360866,18,0.461030241,0.665943777,133,0.023613277,0.288482958,0.687903765,0.018651174,0.180218311,0.733348184,0.874978282,6.242411093,0.005769847,0.043395472,0.828001703,0.174673328,0.317272315,7,0.206303178,0.297175847,52,2,0,0,1,0.412513843,0.700442968,0.5,0,0,0.5,2.441710191,0.167844408
Vip interneuron,Vip Lmo1 Myl1,CGE interneuron,898697809,0.044251617,0.26215814,0.83327358,44.85960265,0.242392674,0.485200883,-345.7592879,-64.40718065,-469.6866522,-235.729107,-174.3228792,15,0.430911917,0.547202281,217,0,0.468555241,0.531444759,0,0.289140699,0.845136922,0.73019174,7.97205763,0.071694048,0.26107261,0.865085223,0.162251417,0.43180352,7,0.358881652,0.431509164,48,2,0.497292419,0,0.502707581,0.369584838,0.340703971,0.5,0,0,0.5,3.129546373,0.403025205
Sst interneuron,Sst Rxfp1 Prdm8,MGE interneuron,718636190,0.04403071,0.23314229,0.750192663,15.39958003,0.258361422,0.23314229,-464.9015469,40.14043687,-40.24049927,-248.0070288,-365.2944711,22,0.252842429,0.673610034,91,0.005116279,0,0.994883721,0.031488884,0.473023256,0,0.326803791,4.27564767,0.042744163,0.123320213,0.793719104,0.397729006,0.343733159,8,0.34129763,0.474140589,77,5,0,0.423629434,0.576370566,0.433890355,0.406625623,0.2,0.2,0.2,0.4,6.055069876,0.807911026
Lamp5 interneuron,Lamp5 Lsp1,CGE interneuron,717675736,0.043989006,0.242693711,0.79499695,12.7951636,0.367298687,0.510472852,1035.986595,1049.072121,215.6053687,242.0808678,161.0299469,22,0.380270543,0.722512253,449,0.015208564,0.317312661,0.667478774,0,0.219490587,0.441712809,0.628406221,21.94090739,0.052585884,0.055067301,0.831065533,0.208872818,0.171393603,7,0.235824237,0.27683849,107,5,0,0,1,0.485965647,0.332216171,0.4,0.2,0.2,0.2,3.639771897,0.166889661
Sst Chodl interneuron,Sst Chodl,MGE interneuron,707179690,0.04377355,0.022739748,0.858861018,17.52919814,0.386719159,0.298306452,199.9251685,328.1014515,175.9050491,-245.5062821,-416.3213667,16,0.279577464,0.439301789,173,0.182070883,0,0.817929117,0,0.455640491,0.300671763,0.308324153,7.044490226,0.015299795,0.090380614,0.904258386,0.315255059,0.231198906,9,0.335028061,0.392271575,39,3,0,0.012547051,0.987452949,0.265997491,0.80489335,0.333333333,0.333333333,0.333333333,0,2.772899012,0.194542437
Sst interneuron,Sst Tac2 Tacstd2,MGE interneuron,810317285,0.043719771,0.545718142,0.842413406,41.91738132,0.414220984,0.580876987,-244.3075638,195.8012668,-448.4692265,-594.9013891,55.57515939,31,0.571817669,1.617426851,259,0.338741175,0,0.661258825,0.018032474,0.414150518,0.004206099,0.290395646,9.231372094,0.009930617,0.061439795,0.869152145,0.32686023,0.420549603,7,0.246881687,0.32537334,69,7,0,0.343351064,0.656648936,0.422074468,0.403457447,0.428571429,0,0.142857143,0.428571429,5.010030997,0.679314796
Sst interneuron,Sst Mme Fam114a1,MGE interneuron,645322005,0.043590049,0.174507923,0.859642137,26.37681865,0.52203624,0.781541261,-436.7958933,-368.7117371,-35.72192064,261.9960827,223.2064182,23,0.49809433,0.952676349,327,0.42390865,0,0.57609135,0,0.49343169,0.493835893,0.469230666,15.73520185,0.058083161,0.202843145,0.854900939,0.313544622,0.416054074,6,0.389172402,0.451450898,48,4,0,0.007444169,0.992555831,0.479321754,0.744416873,0.75,0,0.25,0,3.763043145,0.651776377
Lamp5 interneuron,Lamp5 Plch2 Dock5,CGE interneuron,825549510,0.043428996,0.062164885,0.820684142,1.166520121,0.546514383,0.197186816,754.8668818,2934.409896,25.70561797,722.4487436,377.0722237,23,0.307307571,0.747064518,493,0.009231016,0.008669128,0.982099856,0,0.37710708,0.55474394,0.509503344,20.13155753,0.011932823,0.033130489,0.856139005,0.128038076,0.139434616,8,0.104965463,0.131980348,73,5,0,0,1,0.445757997,0.425591099,0.2,0.2,0.4,0.2,1.974471873,0.081355495
Vip interneuron,Vip Lmo1 Myl1,CGE interneuron,692286150,0.043325573,0.071372767,0.835383217,15.09666777,0.230272809,0.41956259,56.90527221,-314.4482715,-532.9225495,294.1749672,-397.6014511,17,0.247160739,0.436111944,227,0,0,1,0.015205427,0.459512195,0.467804878,0.781347921,7.904649878,0.008842975,0.022147617,0.849349174,0.183779911,0.53213071,10,0.299839646,0.39687092,67,3,0.214020772,0.006305638,0.779673591,0.487388724,0.614614243,0.666666667,0,0,0.333333333,3.644021648,0.381730866
Vip interneuron,Vip Ptprt Pkp2,CGE interneuron,804977071,0.043090527,0.381577976,0.830821519,47.83310881,0.3604652,0.757659479,-105.4639394,-158.5713575,119.7439207,-105.7932858,-276.788098,19,0.570264634,0.750900273,205,0,0.457549657,0.542450343,0.020238535,0.294603621,0.734751274,0.960430441,8.025988451,0.061372268,0.037204506,0.830184648,0.199762612,0.418454588,8,0.26732111,0.349193899,55,3,0.144775248,0,0.855224752,0.415645067,0.279042615,0.666666667,0,0,0.333333333,2.369876178,0.266475199
Pvalb interneuron,Pvalb Reln Tac1,MGE interneuron,871782504,0.04290089,0.134388317,0.866301423,11.64285645,0.308192688,0.378408238,-393.698171,-63.59112399,-830.2959378,-654.6201408,246.0736046,21,0.311410548,0.558116709,369,0.121028037,0.005724299,0.873247664,0,0.446261682,0.117640187,0.168725647,12.43896774,0.007044002,0.036144612,0.860523628,0.194964802,0.214299382,5,0.192479845,0.215309315,45,5,0,0,1,0.437387657,0.345116836,0.4,0,0.2,0.4,2.237695216,0.617466223
Sst interneuron,Sst Calb2 Pdlim5,MGE interneuron,601803754,0.042650596,0.101365194,0.750487291,16.78773579,0.569871003,0.22499506,1124.662599,3502.386535,140.9554771,877.4367967,654.1735794,30,0.330553343,0.861607466,691,0.525452429,0,0.474547571,0.015924714,0.486982749,0.008360673,0.43765371,30.91312897,0.019051866,0.011737835,0.776152505,0.234991701,0.190828898,6,0.24956415,0.281814132,62,8,0,0.037279803,0.962720197,0.460057354,0.345759934,0.375,0.125,0.125,0.375,4.108235412,0.188471949
Sst interneuron,Sst Hpse Cbln4,MGE interneuron,601808698,0.042200019,0.341426444,0.84405817,10.02284803,0.42353634,0.58858417,333.7029366,-568.2532161,-1113.452584,997.6998786,-187.6977859,28,0.492171372,0.862056058,483,0.173927813,0.004755839,0.821316348,0,0.427855626,0.018259023,0.197053878,15.5653725,0.066103864,0.099781197,0.891588406,0.365984374,0.229937282,7,0.217113837,0.261844447,42,4,0,0,1,0.316377865,0.046953605,0.25,0.25,0.5,0,2.309168299,0.500846688
Sst interneuron,Sst Mme Fam114a1,MGE interneuron,745584401,0.042165492,0.236663498,0.817414516,29.83438913,0.261030382,0.51955829,881.8234513,-705.1409284,-308.8475294,463.9050713,-82.6482527,31,0.44163017,0.835560835,457,0.342801556,0.001400778,0.655797665,0.013550999,0.236342412,0.033929961,0.043036109,19.0756904,0.047525774,0.058596623,0.867939409,0.186292624,0.304771201,7,0.187027226,0.211683928,53,7,0,0,1,0.435305918,0.269307924,0.142857143,0.142857143,0.142857143,0.571428571,2.734211918,0.530313777
Vip interneuron,Vip Lmo1 Myl1,CGE interneuron,697799017,0.042112064,0.006717427,0.815962966,21.08719172,0.305896164,0.344069056,61.94986087,-194.9532106,-155.5650227,41.20325875,-535.438366,16,0.216170132,0.402305342,115,0,0.041348433,0.958651567,0.010456213,0.351066632,0.685014485,0.565311375,5.419450851,0.02662888,0.105408826,0.827198246,0.155243279,0.379727787,5,0.261559335,0.382683898,25,3,0.299329859,0,0.700670141,0.440059568,0.356664185,0.333333333,0,0.333333333,0.333333333,1.895094933,0.273269252
Vip interneuron,Vip Rspo1 Itga4,CGE interneuron,738041476,0.041773412,0.27273416,0.819940025,23.73383328,0.229822222,0.420617422,125.236102,-185.7532673,-46.20363562,-137.8234709,-474.047272,26,0.34876336,0.836917563,153,0,0.398197759,0.601802241,0.019956078,0.404773502,0.907696055,0.834659507,5.912971013,0.014858274,0.032290611,0.836289872,0.166679317,0.248704183,11,0.198894387,0.261049809,96,2,0.242718447,0,0.757281553,0.491504854,0.599919094,0.5,0,0,0.5,3.702023385,0.179065538
Vip interneuron,Vip Ptprt Pkp2,CGE interneuron,742784488,0.041289087,0.324453812,0.828611723,32.00271122,0.209029614,0.334116257,-289.866585,-56.94373933,-348.8972287,-106.0132847,-367.850496,16,0.340871885,0.487674801,169,0,0.38606881,0.61393119,0.028340487,0.484771574,0.996897913,0.935801099,4.779895013,0.012138718,0.037381815,0.842290088,0.173340135,0.403641225,11,0.231744384,0.311406227,74,2,0.269733875,0,0.730266125,0.425800631,0.724853406,0.5,0,0,0.5,2.915846535,0.297242013
Sst interneuron,Sst Nts,MGE interneuron,692044280,0.041145017,0.252003375,0.849758002,15.90977349,0.437159992,0.527417655,-592.3019134,10.61947416,189.033578,18.3352536,-456.171715,13,0.403432082,0.640418134,87,0.516349338,0.108236755,0.375413907,0.019569528,0.365687086,0.39942053,0.350075124,7.117685544,0.035939986,0.070548392,0.825390697,0.292585705,0.103398452,5,0.247109829,0.319823385,21,3,0,0,1,0.430157262,0.744680851,0.333333333,0,0,0.666666667,1.641779557,0.86327286
Sst interneuron,Sst Calb2 Pdlim5,MGE interneuron,741313892,0.04101953,0.181366383,0.859992737,22.48947847,0.300817515,0.610607487,546.7131185,-648.2068056,-1132.543954,992.5704634,132.0366578,56,0.404849043,1.41879713,695,0.227218036,0.010132354,0.762649611,0.008512909,0.37996327,0.093280983,0.173212294,25.81377053,0.019476253,0.004182553,0.884179671,0.262829757,0.322514241,7,0.233244545,0.285749638,48,6,0,0,1,0.425052411,0.388888889,0.333333333,0.166666667,0.166666667,0.333333333,3.076773527,0.518816511
Sst interneuron,Sst Calb2 Necab1,MGE interneuron,657857340,0.040562858,0.068725488,0.81554651,58.58372494,0.768547724,0.749567539,297.0683189,1252.582452,-599.8840474,227.1456005,426.2757848,20,0.552509748,1.024948506,435,0.708689459,0.010942761,0.28036778,0.01283529,0.340585341,0.245143745,0.274608874,24.39593265,0.017257861,0.208286789,0.772186264,0.264370945,0.238742481,5,0.224775586,0.349108135,27,3,0,0,1,0.386721992,0.847302905,0.333333333,0,0.333333333,0.333333333,1.963306226,0.49331195
Sst interneuron,Sst Hpse Cbln4,MGE interneuron,713442456,0.039822236,0.192952486,0.86201532,14.38558519,0.289316045,0.483666045,1132.900205,-704.7535386,-85.60283149,576.1142339,-113.3865272,20,0.342119811,0.619215882,493,0.072247282,0,0.927752718,0,0.339125934,0.090808253,0.351769903,19.79060056,0.007633881,0.036244131,0.893473543,0.27380814,0.439507111,6,0.239559783,0.269966455,67,5,0,0.026642336,0.973357664,0.390875912,0.399270073,0.2,0,0.2,0.6,3.816597679,0.397132311
Sst interneuron,Sst Hpse Cbln4,MGE interneuron,669088423,0.039767436,0.135154124,0.868450254,25.89794694,0.41377795,0.612713674,299.8184141,-434.066317,-376.6983403,193.5640733,-268.0041215,21,0.43157379,0.580799082,243,0.191510365,0.007033564,0.801456071,0.02104431,0.481120434,0.083168806,0.204895314,10.61896616,0.04302703,0.042416014,0.87031922,0.219843139,0.378510463,6,0.225652629,0.257721182,56,6,0,0,1,0.491093259,0.473279776,0.166666667,0,0,0.833333333,3.592528445,0.521573938
Lamp5 interneuron,Lamp5 Lhx6,CGE interneuron,870661094,0.039701058,0.037303235,0.858177026,8.405043587,0.432093064,0.407696302,-802.8629616,-77.49114842,274.8307873,-52.04610971,74.80410581,21,0.279984204,0.650188616,237,0.011048931,0.220691634,0.768259435,0.013181433,0.480843737,0.643994834,0.522379808,9.795541359,0.010063105,0.012379847,0.869816473,0.137180159,0.210307112,6,0.136504507,0.202733923,68,6,0,0,1,0.422211584,0.531833413,0.333333333,0.166666667,0.166666667,0.333333333,2.894241632,0.69602723
Sst interneuron,Sst Crh 4930553C11Rik,MGE interneuron,711212623,0.039037981,0.496416097,0.846271557,21.54610302,0.508602404,0.617932539,-967.8585424,-123.8068012,583.6241319,274.6348663,14.98445996,15,0.560082178,0.662146058,233,0.338912134,0,0.661087866,0.01486784,0.293988108,0.073441973,0.108387934,12.38194154,0.043356509,0.049119845,0.814823113,0.276292494,0.177480502,7,0.163309241,0.202422158,43,5,0,0.008279125,0.991720875,0.397989355,0.422235364,0,0.2,0.4,0.4,2.340163191,0.89651877
Sst interneuron,Sst Hpse Sema3c,MGE interneuron,759955697,0.038970673,0.397984935,0.8183415,29.03681212,0.363012248,0.666863664,-393.9378203,53.2825059,-345.4377415,-314.0329629,-38.59321304,20,0.550872516,1.00992108,187,0.425961041,0.00379245,0.570246509,0.013941982,0.321841062,0.111187726,0.332820075,8.720942699,0.016899041,0.0152981,0.851487732,0.311168302,0.25361904,7,0.234378144,0.2871967,65,7,0,0,1,0.467718795,0.43507891,0.428571429,0,0.142857143,0.428571429,3.788503588,0.708993207
Sst interneuron,Sst Chrna2 Glra3,MGE interneuron,760294832,0.038938975,0.465719366,0.818788311,53.72777932,0.573056065,0.72195078,-180.4247826,189.871526,-98.66728988,-168.5411497,59.17536483,21,0.646210463,0.882825983,149,0.714709204,0.003246753,0.282044043,0.032762563,0.399632976,0.049830604,0.166396583,9.576834301,0.008929025,0.039368907,0.860987498,0.448205182,0.167077089,7,0.23099156,0.283988202,63,5,0,0,1,0.337231969,0.420662768,0,0.4,0.4,0.2,3.529371448,0.734362826
Lamp5 interneuron,Lamp5 Lsp1,CGE interneuron,828803869,0.038789649,0.179297886,0.794814542,7.007169359,0.352843224,0.275758438,646.7777719,1426.721872,330.3871329,-5.061653556,-15.06379976,37,0.245813413,0.699346039,347,0.009956854,0.302356455,0.687686691,0.051307638,0.392521297,0.940922668,0.61065824,13.84864586,0.014588743,0.049918907,0.868090575,0.132293352,0.087746635,8,0.168711591,0.198905923,72,6,0,0,1,0.438004402,0.884812913,0.666666667,0.166666667,0.166666667,0,1.931381746,0.064474839
Sncg interneuron,Sncg Vip Nptx2,CGE interneuron,643536919,0.038515067,0.161780823,0.813588875,29.47888882,0.434324426,0.398398569,-615.3419451,8.905686928,187.4485799,-45.46888282,-349.4169605,10,0.391893301,0.55461739,95,0,0.08905524,0.91094476,0,0.330665978,0.828084667,0.576064776,5.72309245,0.037118684,0.276750644,0.82443731,0.339417807,0.694842003,6,0.487278883,0.550309129,55,3,0.132762313,0,0.867237687,0.409605384,0.261853778,0,0,0.333333333,0.666666667,4.460409044,0.663539983
Sst interneuron,Sst Calb2 Necab1,MGE interneuron,713132614,0.038095991,0.201549303,0.873456251,17.93500975,0.56830521,0.413214431,884.4547314,167.3352532,238.7820816,102.2371033,-118.5050132,27,0.408953268,0.879116786,331,0.18769671,0,0.81230329,0.045112392,0.298998569,0.067715784,0.222260038,16.24391888,0.016957309,0.029795706,0.85557442,0.221490758,0.408822064,8,0.249179938,0.299182262,41,5,0,0.071129707,0.928870293,0.389121339,0.29916318,0.6,0,0,0.4,2.660647875,0.360022341
Pvalb interneuron,Pvalb Sema3e Kank4,MGE interneuron,701140434,0.037838174,0.149734179,0.841585269,18.3103233,0.753751579,0.510623033,-1638.089552,-249.5667451,1530.015683,1063.50131,110.3143917,23,0.457667725,1.077220575,541,0,0.244280686,0.755719314,0,0.279256489,0.659370875,0.368401108,25.78064379,0.022751627,0.266978639,0.851322569,0.326252403,0.409310886,9,0.341057833,0.492442048,66,4,0.003990688,0,0.996009312,0.481210509,0.333555038,0.25,0.25,0.5,0,4.395674578,0.809332719
Sst interneuron,Sst Nts,MGE interneuron,718195284,0.036819524,0.003489148,0.881618191,11.47604271,0.703026048,0.58221907,-665.9451028,-41.39402229,-39.43674838,-353.553443,126.6950342,19,0.43309031,0.866871317,171,0.065194212,0,0.934805788,0.029339458,0.489108911,0.332673267,0.218318873,10.88379607,0.05837843,0.164602594,0.880970679,0.358017403,0.480870552,7,0.373007081,0.469563747,52,6,0,0.034305994,0.965694006,0.316246057,0.648264984,0.333333333,0.166666667,0.166666667,0.333333333,3.909197236,0.694668719
Pvalb interneuron,Pvalb Reln Tac1,MGE interneuron,682332013,0.036256001,0.027283204,0.829127379,5.542387304,0.572934367,0.196023558,-452.0733406,49.48184149,-608.7933077,-860.1370641,159.9656259,18,0.333718338,0.665009159,263,0.009699475,0,0.990300525,0.0152216,0.403402767,0.124026077,0.446711351,10.8932443,0.023487869,0.008882337,0.863829916,0.26978462,0.180764874,6,0.251655915,0.276421485,34,6,0,0.002056203,0.997943797,0.498971899,0.308430432,0,0.166666667,0.333333333,0.5,2.341006516,0.605265065
Sst interneuron,Sst Chrna2 Glra3,MGE interneuron,746732672,0.036166346,0.255900434,0.871354542,63.69699639,0.321703542,0.582581906,-153.3027502,686.3981146,-321.8660939,-108.6915555,-162.548957,19,0.470575127,0.802154767,253,0.727289016,0.005733739,0.266977244,0.02163219,0.131876008,0.095860957,0.405913871,8.694453957,0.068389751,0.087837854,0.883695369,0.242178019,0.171599544,9,0.19098347,0.237852936,75,5,0,0,1,0.360090447,0.709440362,0.4,0.2,0.2,0.2,2.660097982,0.581621887
Vip interneuron,Vip Ptprt Pkp2,CGE interneuron,648139266,0.036011927,0.430544785,0.872018798,41.53454646,0.155252938,0.615452753,-246.3196492,-37.32065703,-44.43000268,-146.2941341,-512.6131536,13,0.534351318,0.601706982,89,0,0.432087511,0.567912489,0.038647018,0.458523245,0.75159526,0.716763952,2.828237284,0.009089462,0.032032604,0.862370246,0.182608866,0.482889264,10,0.265647697,0.385831974,52,2,0.363373295,0,0.636626705,0.322447292,0.413393964,0.5,0,0,0.5,3.010058347,0.275459054
Vip interneuron,Vip Lmo1 Myl1,CGE interneuron,694734857,0.035935427,0.138999452,0.841092779,16.00331691,0.195269993,0.417038319,-256.5089209,-92.05433226,-540.3535395,-120.5623864,-267.6365825,18,0.30019129,0.449674344,221,0,0.06225601,0.93774399,0.013214995,0.318471338,0.785288679,0.851041998,6.881699653,0.02548532,0.073003242,0.838912268,0.195101934,0.490350635,10,0.284547484,0.381022865,75,3,0.144126739,0,0.855873261,0.370556414,0.591962906,0.333333333,0,0.333333333,0.333333333,3.487520763,0.40354998
Sncg interneuron,Sncg Gpr50,CGE interneuron,830434392,0.035696641,0.110899659,0.833897537,11.73644047,0.823353111,0.746845272,-15.26771339,-102.3813321,-389.0838355,-201.8140548,141.1695455,15,0.555186641,1.216092706,169,0.104321608,0.078090452,0.81758794,0.017568004,0.410351759,0.398592965,0.81004443,15.09451013,0.032699537,0.160975356,0.834026451,0.323075447,0.480717258,7,0.325638758,0.428955748,69,7,0,0,1,0.397548161,0.314068885,0.428571429,0.142857143,0.142857143,0.285714286,4.817104525,0.509366891
Sst interneuron,Sst Crhr2 Efemp1,MGE interneuron,760832993,0.035550455,0.436442592,0.853355077,26.90946895,0.929159403,0.712505432,-1154.538894,-328.9965014,889.0613985,655.8885795,385.4500337,24,0.619839809,0.851611775,379,0.479583617,0.004089473,0.51632691,0,0.339426235,0.252927691,0.185712662,22.83371949,0.017695577,0.043517611,0.910210594,0.370363515,0.167867115,7,0.268260783,0.28638121,50,6,0,0,1,0.462936394,0.738880918,0.5,0.166666667,0.333333333,0,3.044572131,0.851713751
Sst interneuron,Sst Hpse Sema3c,MGE interneuron,693085460,0.034441204,0.321974367,0.811332255,30.88154063,0.25666301,0.572910217,-129.2702664,165.3934803,-583.9046552,-149.2678666,-188.6942813,20,0.455832435,0.632742694,239,0.329158936,0,0.670841064,0.014090666,0.356060606,0.030457638,0.23829302,9.340163929,0.00255107,0.025925516,0.872158392,0.25194922,0.274654332,8,0.194647236,0.250438697,56,4,0,0.023929471,0.976070529,0.498320739,0.438287154,0.25,0.25,0.25,0.25,3.31475591,0.562625038
Vip interneuron,Vip Crispld2 Kcne4,CGE interneuron,697810838,0.034323926,0.246173591,0.791466134,20.41980076,0.294165404,0.623476558,230.3514592,-173.6841335,-315.8777875,13.12555341,-153.8051356,33,0.450112205,0.958003329,353,0.011341929,0.380850048,0.607808023,0.017683705,0.472063037,0.741404011,0.713747267,11.95536661,0.008547701,0.031047649,0.775704457,0.284569956,0.32237977,9,0.194076853,0.286515937,56,4,0,0,1,0.471966912,0.467830882,0.25,0.25,0.25,0.25,3.089614172,0.253435418
Pvalb interneuron,Pvalb Tpbg,MGE interneuron,652299236,0.034303744,0.146557843,0.86470856,17.28884779,0.242358139,0.516674734,63.14583221,-212.0956292,-239.2194208,-95.17455444,-369.7639887,20,0.33246373,0.470350592,169,0,0.1613654,0.8386346,0,0.236035687,0.585143522,0.713871706,6.596273268,0.009811115,0.074099349,0.866830905,0.296575531,0.418375921,5,0.251480564,0.303488187,30,4,0.036691542,0,0.963308458,0.241293532,0.20460199,0,0,0.25,0.75,2.108025579,0.317150075
Sst interneuron,Sst Tac2 Tacstd2,MGE interneuron,731765828,0.033442148,0.422846017,0.860381101,17.17413883,0.395881355,0.821736028,-481.9446356,19.45000629,-305.8403655,-575.8901883,149.9643474,21,0.661561049,0.904377835,237,0.126623377,0,0.873376623,0.012886086,0.489521842,0.113636364,0.374012135,11.03786298,0.0520811,0.071919231,0.875838877,0.27110454,0.444851356,7,0.313336922,0.373511628,64,6,0,0.026215022,0.973784978,0.485419735,0.227982327,0.333333333,0,0.333333333,0.333333333,5.309237145,0.73333313
Vip interneuron,Vip Ptprt Pkp2,CGE interneuron,661422439,0.033317255,0.305115165,0.818695726,39.29844383,0.345048143,0.376040578,-484.387414,24.20341531,-285.767394,-496.2189077,-77.84317433,19,0.402419764,0.626089968,177,0,0.198874702,0.801125298,0.036304504,0.461588401,0.980307293,0.175663544,6.80471019,0.086859598,0.186742633,0.895081426,0.197738928,0.600272542,8,0.414796907,0.490079936,75,3,0.410633088,0,0.589366912,0.437565582,0.580622595,0.333333333,0,0.333333333,0.333333333,3.891231053,0.422880617
Pvalb interneuron,Pvalb Tpbg,MGE interneuron,666141992,0.032896645,0.258421409,0.869403561,7.828218009,0.489899771,0.730302187,2071.929304,-1115.428339,1028.954614,-292.8217789,366.4269135,41,0.496065479,1.222819618,683,0.005472097,0.10118218,0.893345723,0,0.423519694,0.309173507,0.473075602,28.8563053,0.065048556,0.015953927,0.832429822,0.277330018,0.344244898,7,0.203130044,0.28814663,61,5,0,0,1,0.40849387,0.412434326,0.4,0,0.2,0.4,3.08648873,0.28619189
Sst interneuron,Sst Hpse Cbln4,MGE interneuron,770216620,0.032685606,0.151566068,0.848010552,31.58436066,0.491645358,0.757723145,967.749346,154.8489518,-1026.82977,1471.450943,321.2097665,33,0.507300108,0.963896376,707,0.371948718,0.004307692,0.62374359,0.015571915,0.441333333,0.078102564,0.240981427,25.76202765,0.00535481,0.005369561,0.888792712,0.284593924,0.414307443,8,0.229426498,0.258977487,53,5,0,0,1,0.331151832,0.35034904,0.4,0.2,0.2,0.2,3.032841565,0.467659073
Vip interneuron,Vip Ptprt Pkp2,CGE interneuron,694689662,0.032586733,0.36219721,0.832459149,37.0497511,0.278022745,0.595029158,-138.0568041,-220.9650528,-225.5711752,144.4715998,-354.2216377,21,0.513096064,0.721685144,217,0,0.283816425,0.716183575,0.017014826,0.380636071,0.861714976,0.84964732,7.309362409,0.041521385,0.004032107,0.845708772,0.250931708,0.481426252,8,0.29966375,0.40697472,64,4,0.371283784,0,0.628716216,0.358445946,0.451013514,0.5,0,0.25,0.25,4.313158394,0.295430054
Vip interneuron,Vip Crispld2 Kcne4,CGE interneuron,738859085,0.032543049,0.270742804,0.740572232,14.54036012,0.282420118,0.362374489,-86.57424418,-121.2611564,-200.0489559,-68.35230387,-524.1458751,14,0.325827164,0.626339599,91,0,0.148805461,0.851194539,0.007182108,0.362116041,0.895221843,0.307211942,4.501890132,0.096325031,0.098479563,0.805927328,0.1593711,0.251983831,8,0.188885199,0.263569113,29,3,0.100367197,0,0.899632803,0.279069767,0.432068543,0.333333333,0,0,0.666666667,1.233120688,0.254334552
Pvalb interneuron,Pvalb Reln Itm2a,MGE interneuron,786228558,0.032336792,0.246254687,0.861180795,4.208702994,0.381459811,0.547512567,1687.318548,-1211.967237,464.4189057,121.0089723,116.8341471,22,0.427072242,0.662662707,693,0.000368482,0.087146103,0.912485414,0.017766276,0.439906651,0.395381686,0.557504154,23.537285,0.008004003,0.012392758,0.847591868,0.25040104,0.305420237,7,0.197475236,0.237461817,56,6,0,0,1,0.383632923,0.363292337,0.333333333,0,0.166666667,0.5,3.049889303,0.282093972
Sst interneuron,Sst Tac2 Tacstd2,MGE interneuron,740732467,0.031051348,0.399886559,0.867863031,48.14422933,0.325261774,0.709088152,187.0098023,382.5360412,-1056.287541,-445.0984084,1062.704336,38,0.582803421,0.993592238,717,0.734536219,0,0.265463781,0.017053762,0.476850627,0.040689984,0.108565481,28.36405541,0.049607419,0.050675622,0.871572384,0.310085184,0.296493971,6,0.211167689,0.241582334,55,9,0,0.007358637,0.992641363,0.465917893,0.586754454,0.333333333,0.111111111,0.333333333,0.222222222,3.525371451,0.667366876
Pvalb interneuron,Pvalb Reln Tac1,MGE interneuron,820897104,0.030886871,0.044293509,0.834689417,22.0244868,0.489038125,0.435819826,-412.9161089,-91.75916001,-713.9679706,-350.7316109,73.1248112,14,0.403632344,0.575292304,257,0.125,0,0.875,0,0.437875752,0.110596192,0.329010854,12.18862882,0.033503412,0.191150389,0.906779953,0.252539749,0.489430483,5,0.440208906,0.500387809,41,7,0,0.085054081,0.914945919,0.487708948,0.415437561,0.428571429,0,0.142857143,0.428571429,3.147726794,0.664523559
Sst interneuron,Sst Hpse Cbln4,MGE interneuron,657661984,0.030806933,0.230301149,0.853150154,22.56514814,0.291932682,0.466181853,305.2035183,-154.2476496,-760.4162211,657.0958709,-192.6434768,29,0.359210467,0.617624867,511,0.310224439,0.001097257,0.688678304,0,0.464339152,0.050972569,0.206706348,12.55821397,0.046387833,0.011039731,0.91477772,0.250940345,0.226597001,5,0.1504382,0.172085271,24,4,0,0,1,0.381818182,0.221390374,0.25,0,0.25,0.5,1.2014018,0.492098224
Pvalb interneuron,Pvalb Sema3e Kank4,MGE interneuron,692846027,0.030668117,0.102876341,0.865434799,16.35715116,0.582425808,0.269651512,-1351.225644,-200.6411551,1137.416974,752.3648129,144.7971134,25,0.31327028,0.792362202,455,0,0.038326946,0.961673054,0,0.327695384,0.210298284,0.324329779,17.65954738,0.125455506,0.293905656,0.807417866,0.328343295,0.385153715,5,0.443049845,0.515196217,42,4,0.352734571,0,0.647265429,0.464124436,0.113396889,0.25,0,0.25,0.5,2.845960972,0.841624111
Sst interneuron,Sst Crhr2 Efemp1,MGE interneuron,659405820,0.030474548,0.207338808,0.907924868,17.75094999,0.328906353,0.550607818,-491.0774523,-121.8299817,-177.0141133,-57.20053268,-63.62628784,15,0.402219599,0.577216678,185,0.348095083,0.004721589,0.647183328,0.017774325,0.408336047,0.285249105,0.204750453,8.182407362,0.039327817,0.004193541,0.904731879,0.277789367,0.301188363,7,0.218367801,0.273081491,46,4,0,0,1,0.406378601,0.314300412,0.25,0,0.25,0.5,2.672617165,0.71687714
Sst interneuron,Sst Crhr2 Efemp1,MGE interneuron,768763533,0.030325391,0.305041763,0.803428687,32.6754378,0.643704235,0.763740878,-718.6799267,-274.2957206,-23.05023834,157.7671643,413.4262213,15,0.580747077,0.695130327,219,0.416094771,0.016094771,0.567810458,0.019417988,0.421895425,0.158823529,0.220645623,17.09569268,0.036635059,0.016768292,0.808883974,0.356453851,0.312946003,7,0.249346344,0.297484231,58,4,0,0,1,0.437867888,0.443427077,0.25,0,0.5,0.25,4.009724742,0.803144248
Vip interneuron,Vip Pygm C1ql1,CGE interneuron,744975652,0.030237867,0.254892404,0.799014372,20.16647243,0.215444422,0.423456972,201.2444865,-332.3520664,-199.9733415,128.6522674,-461.4275575,22,0.396402019,0.854246753,195,0,0.3837054,0.6162946,0,0.263117726,0.947338294,0.695781571,7.367705589,0.012615836,0.047392854,0.85188862,0.236510339,0.238155588,6,0.187275231,0.26036988,38,2,0.138680033,0,0.861319967,0.4160401,0.532163743,0.5,0,0,0.5,1.651494736,0.219490547
Sst interneuron,Sst Esm1,MGE interneuron,718202813,0.030182473,0.072636099,0.832795506,16.72087256,0.339043106,0.330943986,-573.3013938,7.968338657,101.3600501,-132.5741256,-301.0393706,17,0.298755368,0.67094602,111,0.112761276,0,0.887238724,0.040126476,0.272827283,0.268151815,0.200950295,5.895531186,0.061160115,0.111141019,0.863934755,0.519025988,0.384950137,8,0.361267243,0.538954796,43,5,0,0.175057208,0.824942792,0.48245614,0.694889397,0.4,0,0.2,0.4,3.872022538,0.820976203
Pvalb interneuron,Pvalb Reln Tac1,MGE interneuron,714228701,0.029737481,0.301708667,0.884031368,9.356320067,0.558392318,0.466763825,-324.6610598,-105.6206123,-1271.157776,-744.3746728,550.0864055,32,0.409077256,0.984790004,499,0.043344387,0.000631612,0.956024001,0,0.481604295,0.133901784,0.164268315,21.16240255,0.006004075,0.089469891,0.885302883,0.299964795,0.240623179,6,0.293085948,0.3503055,40,8,0,0,1,0.409422322,0.381379697,0.375,0.125,0.25,0.25,3.116843242,0.571032779
Lamp5 interneuron,Lamp5 Plch2 Dock5,CGE interneuron,827573535,0.029319261,0.207835328,0.867896551,5.155770885,0.34883577,0.365154154,444.8569438,1532.31395,-1.443669932,344.8589055,-34.20127357,20,0.286535592,0.646419642,363,0.001379152,0.099758648,0.8988622,0.013272446,0.453970808,0.310998736,0.860670573,12.28794005,0.013149106,0.019493494,0.870228628,0.177994856,0.172054025,6,0.152735166,0.186214619,45,7,0,0,1,0.409847434,0.404299584,0.428571429,0,0.428571429,0.142857143,1.837455923,0.109799548
Pvalb interneuron,Pvalb Sema3e Kank4,MGE interneuron,697787349,0.028988195,0.434911389,0.898263775,12.19016004,0.702658287,0.543940375,-1075.634664,-202.1883308,514.4088116,172.9295424,506.4756631,13,0.493322376,0.667075354,247,0.037059235,0,0.962940765,0,0.480071921,0.057436819,0.334899138,13.69388696,0.117712765,0.16421891,0.887114357,0.393266121,0.374858131,7,0.387167455,0.527128267,64,6,0,0.055112125,0.944887875,0.389585709,0.341315089,0.166666667,0.333333333,0.333333333,0.166666667,3.728110162,0.824961244
Pvalb interneuron,Pvalb Reln Itm2a,MGE interneuron,808475329,0.028962239,0.172948067,0.886989832,19.45362387,0.643938136,0.648639257,978.4923673,-1110.712692,-889.9693133,1054.134675,270.9922003,18,0.506694444,0.671490704,633,0.266883389,0.009018456,0.724098154,0,0.398227768,0.09375,0.387067497,26.67595353,0.031706697,0.032493442,0.881786029,0.319469496,0.360348806,6,0.264194417,0.296198629,58,4,0,0,1,0.444313725,0.251372549,0.25,0,0.25,0.5,3.603946419,0.539236106
Sst interneuron,Sst Tac1 Htr1d,MGE interneuron,639962984,0.028839997,0.020789723,0.841233148,5.838517618,0.457943087,0.505800829,1167.544921,-706.3195366,493.9537014,-88.09151648,-210.6505543,28,0.341964264,0.829442114,391,0.05391791,0.060261194,0.885820896,0.021789636,0.388619403,0.08983209,0.180739195,17.99527086,0.071640308,0.175260511,0.903981241,0.25424178,0.224551855,6,0.281038317,0.302803614,33,5,0,0,1,0.375504711,0.043068641,0.2,0.2,0.4,0.2,2.673503792,0.33000642
Sst interneuron,Sst Nts,MGE interneuron,679457550,0.028830552,0.105395927,0.868729824,4.111499421,0.383695675,0.472326436,-791.4816513,-66.92880945,299.152512,0.714493977,9.025790515,20,0.352063914,0.515723875,223,0.097266477,0.016602381,0.886131142,0.029000289,0.449102801,0.35519034,0.130128298,8.506476861,0.007700092,0.029415688,0.892827654,0.317501558,0.25659811,7,0.250686383,0.292669405,34,4,0,0,1,0.41236413,0.357336957,0.25,0,0.25,0.5,2.00692115,0.768548691
Pvalb interneuron,Pvalb Reln Itm2a,MGE interneuron,646852171,0.028664281,0.021349926,0.853972531,3.024985495,0.318935593,0.42440154,-79.44078538,-356.2559017,-1150.192438,516.0395865,-173.7400524,18,0.243196699,0.59842043,439,0.031744276,0.139254507,0.829001217,0,0.476385356,0.136821148,0.680429416,13.41959802,0.029385714,0.150088256,0.871147248,0.189926843,0.150088256,3,0.155184401,0.192188563,18,4,0,0,1,0.300813008,0,0,0.25,0.25,0.5,1.30322145,0.503709397
Sst interneuron,Sst Chrna2 Glra3,MGE interneuron,821771315,0.028298425,0.386455818,0.873483054,40.36594431,0.521554718,0.674496423,-295.79592,341.1338286,-442.647184,-540.0732329,582.0653921,17,0.560842952,0.815593462,303,0.530903328,0.008188061,0.460908611,0.018172482,0.472970593,0.153900335,0.283825956,16.33511019,0.022524426,0.027350203,0.891739378,0.285796972,0.187761347,7,0.23033151,0.268112353,54,4,0,0,1,0.494130799,0.628283958,0.25,0.25,0.5,0,2.657022293,0.646764521
Sst interneuron,Sst Myh8 Etv1,MGE interneuron,740695122,0.028002632,0.276948756,0.844872905,22.64356846,0.389558427,0.727858371,-430.4506526,-99.34657681,-473.535261,-595.0824981,296.6789686,24,0.503059058,0.825848426,257,0.676889376,0.014968967,0.308141658,0.031422171,0.492758914,0.085797736,0.321624731,12.45574643,0.014323862,0.035104262,0.861437149,0.298298815,0.176136662,8,0.244778337,0.302486444,38,6,0,0,1,0.460275772,0.3335522,0.333333333,0.166666667,0.333333333,0.166666667,2.373572083,0.690491865
Pvalb interneuron,Pvalb Akr1c18 Ntf3,MGE interneuron,714601733,0.027795151,0.061465725,0.877252158,17.10394069,0.354711602,0.358544277,-1138.121912,-156.9053293,744.4311059,368.4957173,186.6894715,14,0.262260202,0.471534638,371,0.001406206,0.313115215,0.685478579,0,0.430205306,0.601199963,0.398501221,15.12792235,0.070368806,0.147374263,0.856560884,0.190856578,0.25784153,8,0.258317038,0.340827641,29,5,0,0,1,0.30099728,0.344514959,0.2,0.2,0.4,0.2,1.522690719,0.754839416
Sst interneuron,Sst Mme Fam114a1,MGE interneuron,741940660,0.027292392,0.395458881,0.898911903,36.18446105,0.499163959,0.614126005,-224.7751632,-439.4150167,-188.968283,85.32690791,373.8253651,14,0.518102763,0.806752719,251,0.495179257,0,0.504820743,0,0.49227745,0.116165871,0.23008377,15.78713648,0.029131282,0.079185591,0.864188935,0.259908977,0.255742694,5,0.226403613,0.317457108,21,5,0,0.096986817,0.903013183,0.20527307,0.497175141,0.4,0,0.2,0.4,1.612431272,0.705149582
Pvalb interneuron,Pvalb Tpbg,MGE interneuron,740890186,0.027051603,0.315884781,0.850810561,12.60531746,0.616241036,0.718643833,1805.200704,-775.5180517,1012.529959,-468.7794608,465.3492885,22,0.538714664,0.893079367,669,0,0.161835874,0.838164126,0.015527985,0.460113441,0.279388042,0.740356508,31.81145413,0.035780631,0.055306057,0.820845032,0.271389118,0.406457331,5,0.267684935,0.319079137,30,4,0.022300469,0,0.977699531,0.351525822,0.164906103,0.25,0,0,0.75,2.393960433,0.294404636
Sst interneuron,Sst Crhr2 Efemp1,MGE interneuron,795572082,0.026926492,0.245576155,0.848091049,11.13226719,0.593492934,0.449814818,-811.3173606,-50.3887698,453.2614444,239.4880909,-315.3278764,19,0.356274941,0.557177221,253,0.079878805,0,0.920121195,0,0.307808842,0.258366616,0.289367614,11.38592573,0.023890287,0.034808532,0.889674209,0.362587772,0.305820107,6,0.307028921,0.343336771,48,4,0,0.018790101,0.981209899,0.435380385,0.468377635,0.25,0.25,0.25,0.25,3.406490324,0.884387226
Sst interneuron,Sst Calb2 Pdlim5,MGE interneuron,689656936,0.026875536,0.150007851,0.848231918,10.46939685,0.3156555,0.214565751,165.9010189,1221.764542,-2.391179184,110.4279924,-232.0009755,19,0.322003261,0.637303587,247,0.254625389,0.00146547,0.743909141,0.03714583,0.484520975,0.013189229,0.326204766,9.390988906,0.005017665,0.106001345,0.884510878,0.299144346,0.156158945,12,0.338419414,0.373591041,94,4,0,0,1,0.490580848,0.104788069,0.25,0,0.25,0.5,4.429641735,0.202634818
Lamp5 interneuron,Lamp5 Plch2 Dock5,CGE interneuron,691665864,0.026477545,0.015404262,0.781983048,9.854626938,0.27572859,0.385324374,290.1270037,-126.9169658,-388.1641578,321.5214788,-310.8632808,22,0.254958755,0.826099188,297,0.158234383,0.1757873,0.665978317,0.014280453,0.49535364,0.614868353,0.447863014,14.34455168,0.019790913,0.021523782,0.838153349,0.167410887,0.165740234,7,0.157125131,0.208535965,89,7,0,0,1,0.312326228,0.617238184,0.428571429,0,0,0.571428571,3.597178941,0.298092223
Sst interneuron,Sst Hpse Cbln4,MGE interneuron,688958418,0.02621486,0.269476616,0.834943465,22.39423883,0.227774279,0.467745817,207.3654852,-177.5290267,-782.6682652,564.4244787,-228.4735934,22,0.373971318,0.580202829,415,0.309466812,0,0.690533188,0.01803174,0.388248096,0.039499456,0.063124303,12.73134689,0.011731368,0.034133656,0.87823691,0.157654883,0.291349503,6,0.191986914,0.223123045,29,5,0,0.087561375,0.912438625,0.470540098,0.338788871,0.2,0.2,0.4,0.2,2.06146171,0.49604449
Sst interneuron,Sst Rxfp1 Prdm8,MGE interneuron,746917764,0.025952714,0.34225323,0.858105316,25.47715326,0.580326488,0.763999061,-918.9335291,25.65734186,294.7793882,-100.4262408,1087.708878,26,0.612097015,1.074462994,641,0.169163847,0,0.830836153,0.031938253,0.423731271,0.218463026,0.414657534,29.4114167,0.051387733,0.003878385,0.864742942,0.405731127,0.41939602,9,0.289824472,0.346564546,87,9,0,0.00043802,0.99956198,0.465177398,0.480070083,0.333333333,0.111111111,0.333333333,0.222222222,6.295416965,0.828089093
Sst interneuron,Sst Tac2 Myh4,MGE interneuron,601790961,0.025481124,0.434285966,0.864694178,37.61438413,0.43695146,0.718216367,-263.1182963,-175.0347659,-324.1213237,-207.7064852,240.6835545,28,0.583322151,1.053977984,289,0.468815845,0,0.531184155,0.023363826,0.475136957,0.080488833,0.413557174,14.77734854,0.036594662,0.045419016,0.851931779,0.313066203,0.407626732,8,0.272892253,0.322548544,42,6,0,0.087323944,0.912676056,0.480985915,0.462676056,0.166666667,0.166666667,0.166666667,0.5,4.256093901,0.720191094
Sst interneuron,Sst Crh 4930553C11Rik,MGE interneuron,720207494,0.025263712,0.026857088,0.885909127,8.990437109,0.485075998,0.335472607,-662.5782756,-3.090805925,285.016114,60.59051511,-364.977271,15,0.263752269,0.429545603,127,0.039026863,0.016979219,0.943993918,0,0.458692347,0.182970096,0.42378337,6.047370554,0.089918296,0.005316991,0.875559529,0.207194259,0.20936463,5,0.192707966,0.210931224,33,5,0,0,1,0.246445498,0.457345972,0.2,0,0.4,0.4,1.869889652,0.84177957
Sncg interneuron,Sncg Vip Nptx2,CGE interneuron,855357345,0.025127322,0.292107693,0.896918819,8.045595038,0.486753901,0.387269731,82.66473528,519.2577755,109.5334768,-226.9878858,-420.7582081,13,0.401865467,0.783973306,99,0,0.215090385,0.784909615,0,0.272727273,0.883416296,0.55843937,6.528998146,0.071109494,0.018781018,0.850376378,0.291272794,0.135509508,5,0.214861292,0.245899998,25,5,0.020932445,0,0.979067555,0.468125595,0.677450048,0.2,0.2,0.4,0.2,1.715281328,0.082283589
Lamp5 interneuron,Lamp5 Plch2 Dock5,CGE interneuron,764391439,0.025107541,0.043142919,0.839934134,1.039750956,0.359180389,0.057922308,8.899640476,1124.444312,-108.4678361,146.2340043,-311.1238169,23,0.193441501,0.690981581,153,0,0,1,0,0.376298269,0.913448735,0.431756071,4.712603144,0.008223785,0.126565285,0.798737242,0.158845965,0.143425044,9,0.138153877,0.180934943,102,6,0.004054054,0.095045045,0.900900901,0.454504505,0.90990991,0.666666667,0,0.333333333,0,2.684644845,0.059556952
Sst interneuron,Sst Hpse Cbln4,MGE interneuron,707403326,0.025072775,0.17170174,0.866504938,18.4472164,0.370568198,0.629387054,1349.61907,-682.7810759,-1103.044459,1639.430724,329.5534363,26,0.418816575,0.842032583,829,0.210036753,0.000589863,0.789373384,0.027644552,0.438949136,0.080675167,0.172062275,32.88572351,0.034557823,0.014085745,0.899534142,0.283594377,0.418689993,9,0.240130005,0.29792985,59,7,0,0,1,0.326307866,0.296951449,0.142857143,0.285714286,0.428571429,0.142857143,3.839230625,0.461220179
Sst interneuron,Sst Esm1,MGE interneuron,740675145,0.024885356,0.308315728,0.850809731,31.59135148,0.353006504,0.734367784,-360.0744134,-85.84693765,-736.6439619,-529.0892024,237.940119,18,0.531151569,0.660499551,331,0.697588529,0.016293721,0.286117749,0.019221553,0.293504236,0.09124484,0.376151356,13.57845869,0.01156476,0.046661319,0.89860745,0.468270972,0.221505132,5,0.28620793,0.326922286,27,5,0,0,1,0.327004219,0.652953586,0.4,0,0.2,0.4,2.57840743,0.666657886
Sst interneuron,Sst Myh8 Etv1,MGE interneuron,645012440,0.024745042,0.568371103,0.856301079,28.54665545,0.407896471,0.660015109,-416.5986196,-12.71055132,-280.0664327,-445.4988123,-68.25688575,13,0.616597189,0.677668134,123,0.696158826,0,0.303841174,0,0.403539059,0.064738886,0.329537399,8.056808094,0.055582627,0.10056843,0.830610725,0.320633519,0.20888586,5,0.304533926,0.35649066,22,4,0,0.411985019,0.588014981,0.441198502,0.659925094,0.25,0,0.5,0.25,2.435629118,0.702139241
Sst interneuron,Sst Hpse Sema3c,MGE interneuron,720318238,0.024441537,0.172217729,0.839915115,16.77434084,0.353947655,0.636791266,-246.6912816,212.5909117,-593.1220258,-386.0166529,63.69920587,19,0.441705722,0.612383543,321,0.289673913,0.014130435,0.696195652,0.020386519,0.496875,0.466440217,0.439620496,12.84014237,0.009360576,0.126750939,0.857901261,0.211721783,0.218416141,7,0.267130698,0.308478989,32,4,0,0,1,0.256243214,0.706840391,0.25,0,0.25,0.5,1.658408234,0.514840452
Sst interneuron,Sst Hpse Cbln4,MGE interneuron,627881581,0.024193657,0.361863055,0.78294964,16.19643508,0.441226116,0.499685568,1114.871339,-480.6107051,-198.1180767,757.3908787,-78.15065466,23,0.454639077,0.775777802,493,0.231651538,0,0.768348462,0.021559923,0.412145521,0.044331856,0.28825907,20.92868724,0.062107091,0.137174553,0.808400507,0.238924253,0.324187313,6,0.250763211,0.348517217,43,7,0,0.026386404,0.973613596,0.492397138,0.240608229,0.285714286,0,0.142857143,0.571428571,3.389655409,0.418704407
Sst interneuron,Sst Hpse Cbln4,MGE interneuron,639862877,0.024075003,0.367104502,0.842836687,17.51124871,0.322355546,0.656739513,564.1136984,-549.9247122,-858.9267036,807.4964369,-98.97405349,27,0.519611584,0.654931909,489,0.15921357,0,0.84078643,0.032661081,0.496222051,0.023747109,0.131536463,18.5373448,0.121215135,0.004632695,0.863400802,0.330937307,0.57523825,8,0.294902327,0.341594548,51,5,0,0.046221323,0.953778677,0.34851552,0.244939271,0.6,0,0.2,0.2,3.994841035,0.506897016
Sst interneuron,Sst Crhr2 Efemp1,MGE interneuron,673395815,0.022741604,0.187511104,0.877681374,18.72992334,0.343232087,0.364033647,-454.9129446,20.57324227,-205.247745,-439.5280567,-151.8843083,17,0.288716314,0.519264852,125,0.166435121,0,0.833564879,0,0.457071409,0.114754098,0.404444216,5.873486318,0.007095468,0.075061651,0.908258635,0.200574974,0.264832159,5,0.32570377,0.351689114,31,5,0,0.158082976,0.841917024,0.47925608,0.666666667,0.4,0,0.4,0.2,2.753157652,0.681927154
Pvalb interneuron,Pvalb Gabrg1,MGE interneuron,689211404,0.022727861,0.165567689,0.876940258,15.716536,0.591232119,0.276374952,-469.489537,23.86682798,-194.6024012,-480.3540123,-114.9051378,11,0.388106941,0.561734157,111,0.337794433,0,0.662205567,0,0.266059957,0.055674518,0.351727254,5.963366183,0.01196648,0.008944105,0.896016575,0.321416611,0.235558196,4,0.265215717,0.294749349,37,5,0,0.057377049,0.942622951,0.399077869,0.484631148,0.2,0.2,0.4,0.2,3.052506302,0.722047618
Sst interneuron,Sst Nr2f2 Necab1,MGE interneuron,809113087,0.022624481,0.376860676,0.787642475,41.92673978,0.458381058,0.63568927,95.89867712,12.94001171,-568.1213627,-651.9111064,531.0586505,32,0.519976596,0.800431484,441,0.538449392,0,0.461550608,0.017139823,0.491867993,0.038291489,0.107943267,19.55895619,0.069078023,0.029139248,0.824671882,0.290818639,0.240028885,6,0.263152709,0.308784731,68,6,0,0.001812908,0.998187092,0.413343002,0.62617839,0.333333333,0.166666667,0.333333333,0.166666667,4.334775154,0.642937403
Lamp5 interneuron,Lamp5 Ntn1 Npy2r,CGE interneuron,827524052,0.02252205,0.006277053,0.841210999,3.959117964,0.647674088,0.123539491,189.5813194,1261.220005,69.6956846,10.81199996,-238.7966995,23,0.337256399,0.532866986,237,0.001453224,0,0.998546776,0,0.486648501,0.302997275,0.525877212,8.384404946,0.048805019,0.042659314,0.856594179,0.185965592,0.15509724,7,0.121793776,0.160932992,47,3,0,0.10885459,0.89114541,0.354995938,0.630381803,0,0.333333333,0.666666667,0,1.784610802,0.107660053
Sst interneuron,Sst Hpse Cbln4,MGE interneuron,653699672,0.021757547,0.283494826,0.84522164,19.48037764,0.313860588,0.539207592,-33.75189755,-249.2671763,-898.3297495,213.0350796,-171.9816923,18,0.41614063,0.730698213,313,0.327968276,0,0.672031724,0.026083865,0.46664334,0.035572662,0.396421522,12.80541388,0.075713692,0.024665861,0.90854013,0.250327711,0.262257778,8,0.213586971,0.232517826,67,5,0,0.008644222,0.991355778,0.32211101,0.282529572,0.4,0,0.2,0.4,3.479748334,0.557893708
Sst interneuron,Sst Mme Fam114a1,MGE interneuron,745633800,0.021545558,0.392536755,0.865149302,70.75999967,0.423653677,0.779925117,354.5121248,375.6545395,118.2428224,-192.2149236,451.3166056,20,0.65756354,1.034298808,389,0.756432376,0,0.243567624,0,0.295401695,0.090765884,0.366922583,19.55612082,0.029810413,0.138202389,0.844679966,0.262205918,0.305094861,7,0.273849265,0.327316408,60,6,0,0.020394737,0.979605263,0.479934211,0.676644737,0.166666667,0.166666667,0.5,0.166666667,4.468266666,0.697918977
Vip interneuron,Vip Lmo1 Myl1,CGE interneuron,758263126,0.021436442,0.235353264,0.843851936,41.62599144,0.34177364,0.434801879,33.24270207,-392.5056966,-813.3278957,393.9788226,-205.4568903,20,0.360826797,0.563804517,373,0,0.482984446,0.517015554,0.015641062,0.446731376,0.869839785,0.851140744,10.88679775,0.022102747,0.175685351,0.834555361,0.099872115,0.336291048,5,0.257864165,0.346052822,22,2,0.639495798,0,0.360504202,0.368907563,0.161344538,0.5,0,0,0.5,1.37361089,0.322472988
Sst interneuron,Sst Mme Fam114a1,MGE interneuron,751947558,0.020856662,0.393500631,0.892056824,75.2865603,0.540184848,0.754809801,302.9303982,61.36740887,237.2696557,18.13702437,10.99180179,18,0.617757976,0.949240396,221,0.773773677,0.004468188,0.221758135,0,0.328897523,0.128994658,0.927092578,14.16800609,0.032569784,0.049827461,0.901127774,0.489842958,0.265240087,6,0.28793606,0.323317725,46,6,0,0,1,0.496703297,0.603663004,0.166666667,0,0.333333333,0.5,3.687175581,0.750266189
Vip interneuron,Vip Lmo1 Myl1,CGE interneuron,691719142,0.020840533,0.219417953,0.82514806,8.27393966,0.187028311,0.347587881,-98.65960009,-134.7674291,-331.9384462,45.90045672,-522.3345198,17,0.288253887,0.594429459,145,0,0.036015103,0.963984897,0.02687343,0.343305257,0.871042695,0.65078992,4.967185142,0.055498602,0.005491437,0.843609802,0.203719262,0.406459106,10,0.21897751,0.313737521,105,3,0.187625418,0,0.812374582,0.356187291,0.785284281,0.666666667,0,0,0.333333333,4.068302833,0.277494179
Vip interneuron,Vip Lmo1 Fam159b,CGE interneuron,639674270,0.020809813,0.205899686,0.83542353,34.7870982,0.535158811,0.255613544,-545.4679135,47.96500394,193.9154231,-3.294841004,-622.2109351,11,0.356130258,0.703752706,105,0,0.077409562,0.922590438,0.01660439,0.420946117,0.974196813,0.673089279,5.491835248,0.216014105,0.074871984,0.90167658,0.544459214,0.472038571,6,0.382521507,0.417228855,35,3,0.499610288,0,0.500389712,0.499610288,0.468043648,0.666666667,0,0,0.333333333,3.326962535,0.737284721
Vip interneuron,Vip Lmo1 Myl1,CGE interneuron,831988252,0.020769027,0.268341435,0.850389702,16.95676922,0.257683347,0.527680822,-123.3023121,-338.338842,-584.4050716,106.2823419,1.19708499,21,0.418350394,0.543652297,345,0,0.115710779,0.884289221,0.015986728,0.493416648,0.827493863,0.627367265,12.88041152,0.013137547,0.036098156,0.836731243,0.24497576,0.571779258,10,0.328346595,0.431144437,97,3,0.191043084,0,0.808956916,0.45946712,0.712301587,0.666666667,0,0,0.333333333,4.856026193,0.333978846
Sst interneuron,Sst Tac1 Htr1d,MGE interneuron,746257405,0.020740423,0.124978989,0.885122655,49.12558703,0.529535132,0.694105863,146.5581033,60.67375457,-87.7095988,-285.5516287,-87.65829517,13,0.445713752,0.673927171,177,0.606200952,0.004502766,0.389296282,0,0.361250482,0.154380548,0.277165565,10.28638188,0.019431664,0.153803865,0.865127476,0.330938195,0.348922541,5,0.266337427,0.344724716,41,5,0,0,1,0.361254095,0.704258306,0.2,0,0.4,0.4,2.901870641,0.576105817
Sst interneuron,Sst Calb2 Pdlim5,MGE interneuron,704047023,0.020646887,0.249416909,0.860982398,31.11270276,0.233113742,0.584311298,-160.810077,-50.91101843,-281.1455859,-465.3744642,-202.04082,20,0.420162177,0.551424842,209,0.783822331,0.012428688,0.203748981,0,0.320497148,0.089445803,0.31023811,7.335210884,0.010143105,0.07938818,0.911330747,0.229175488,0.120150738,5,0.194283766,0.220028541,36,6,0,0,1,0.407831901,0.769818529,0.5,0.166666667,0.333333333,0,1.582714959,0.592714818
Sst interneuron,Sst Calb2 Necab1,MGE interneuron,841834394,0.020463687,0.081794636,0.85344775,8.962485709,0.606012525,0.199472484,608.8413678,2130.205908,51.96299314,474.5120926,158.2257284,25,0.325740047,0.640553262,425,0.357742613,0.028499919,0.613757468,0.028582883,0.488777652,0.069271758,0.492809101,19.39009597,0.053379441,0.068632591,0.879438388,0.295006427,0.114449161,8,0.229612951,0.251612174,73,5,0,0,1,0.459134615,0.068910256,0,0.2,0.4,0.4,3.770281386,0.164583768
Sst interneuron,Sst Rxfp1 Eya1,MGE interneuron,718644056,0.020256909,0.526712838,0.868612364,40.79605301,0.330703079,0.760316972,-115.2003414,-302.4845628,-630.9754733,248.3065548,450.0759751,32,0.655839874,1.152600231,429,0.514096186,0,0.485903814,0.017747478,0.229432547,0.03504218,0.146181373,23.42992568,0.013731714,0.12397551,0.865772355,0.29050792,0.371721132,6,0.259769404,0.318199338,73,7,0,0.002093301,0.997906699,0.499102871,0.228169856,0.142857143,0,0.142857143,0.714285714,4.898662391,0.784838214
Sst interneuron,Sst Hpse Cbln4,MGE interneuron,639841063,0.020111009,0.263285113,0.788172071,18.28961043,0.500372069,0.529695976,1098.967258,-412.4351873,-801.8027254,1317.335524,99.66913092,27,0.437135076,1.077806725,671,0.24339726,0,0.75660274,0.022030548,0.49890411,0.189260274,0.396840314,28.7223204,0.043269753,0.023331047,0.822036221,0.307646117,0.379698715,7,0.221567513,0.265907066,45,5,0,0.017865118,0.982134882,0.451094238,0.401965163,0.2,0,0.4,0.4,3.480854889,0.41026436
Sst interneuron,Sst Calb2 Pdlim5,MGE interneuron,847083836,0.020053443,0.284441542,0.869083416,44.10618355,0.458552679,0.542469059,97.78740101,555.2099963,-351.496416,-264.6308132,27.14121645,23,0.44326677,0.764584559,303,0.545868347,0.0017507,0.452380952,0.01226577,0.315826331,0.132586368,0.143857444,13.00451877,0.072747718,0.030030015,0.829792918,0.201899606,0.211862147,6,0.249283164,0.322336761,53,7,0,0,1,0.336189516,0.592237903,0.285714286,0.142857143,0.285714286,0.285714286,2.933985821,0.53926651
Sst interneuron,Sst Hpse Cbln4,MGE interneuron,851016910,0.019760365,0.255943322,0.859557221,19.58955138,0.268836209,0.460533443,584.3449927,153.0466536,147.4695296,8.443286196,-245.927453,20,0.367912508,0.547766084,363,0.197451471,0.000476361,0.802072169,0.018129882,0.457544361,0.148862689,0.235366415,11.57729542,0.026857295,0.144970137,0.895143239,0.208779467,0.341123573,10,0.248977407,0.28361986,56,4,0,0,1,0.273626374,0.387912088,0.75,0,0,0.25,2.606425954,0.352166103
Sst interneuron,Sst Calb2 Pdlim5,MGE interneuron,740155221,0.01917485,0.19284994,0.867750215,53.77294938,0.475124066,0.654348083,795.7710775,997.4679436,-88.3039433,2.536499166,445.2489221,46,0.485334164,1.631077471,527,0.767434011,0,0.232565989,0,0.249375549,0.220482009,0.174818301,20.09933211,0.024059476,0.232709947,0.843318919,0.297859882,0.250508094,6,0.25382594,0.312158425,40,4,0,0.011706716,0.988293284,0.436229205,0.945779421,0.25,0,0.25,0.5,2.217342779,0.47789638
Sst interneuron,Sst Tac2 Tacstd2,MGE interneuron,759939473,0.019151434,0.337026009,0.824108297,35.68641085,0.214049988,0.43250684,-483.714549,20.69963581,-105.8729011,-273.1812921,-274.9944425,18,0.385335914,0.452476036,129,0.709106985,0,0.290893015,0.012166393,0.492189803,0.055997642,0.395688029,4.45223181,0.011728415,0.08356363,0.819641907,0.241293454,0.250464622,8,0.204833861,0.289232206,89,9,0,0.367176233,0.632823767,0.490049034,0.644361119,0.222222222,0.222222222,0.444444444,0.111111111,4.630421265,0.815386294
Vip interneuron,Vip Ptprt Pkp2,CGE interneuron,694146546,0.019147934,0.324518661,0.869131247,47.51216648,0.456241609,0.324518661,-447.1898577,31.68967791,-174.4597321,-380.7755546,-239.5691468,14,0.372681692,0.601209065,117,0,0.033656958,0.966343042,0.008955462,0.332038835,1,0.863347941,4.340330774,0.005510363,0.048564914,0.893062235,0.158839251,0.644729711,9,0.35918544,0.459710812,69,3,0.481095679,0,0.518904321,0.168981481,0.526234568,0.333333333,0,0.333333333,0.333333333,3.49912323,0.375565992
Sst Chodl interneuron,Sst Chodl,MGE interneuron,656705176,0.018939214,0.241769598,0.859459433,12.05691394,0.756852373,0.471993903,1064.821098,-217.3529868,534.9944555,-279.84067,-127.3905954,17,0.402774631,0.748251548,285,0,0.012360374,0.987639626,0,0.434993591,0.728254898,0.475543683,14.88063029,0.120091454,0.190941812,0.883599571,0.651397879,0.424933287,8,0.408064891,0.484727951,53,3,0.002349782,0,0.997650218,0.379657603,0.421282309,0.666666667,0,0,0.333333333,4.058123858,0.160409104
Vip interneuron,Vip Pygm C1ql1,CGE interneuron,778327002,0.018918534,0.029776993,0.849262046,7.869161389,0.477389002,0.533000408,-182.0144386,-183.9842819,-622.2745415,101.2257241,-274.328225,15,0.299458837,0.63390982,141,0.070683272,0.170481319,0.758835409,0.025268706,0.490575564,0.526926961,0.487337923,8.136717793,0.03081914,0.014450411,0.84895598,0.207670623,0.186449334,7,0.228657333,0.2535682,45,3,0,0,1,0.416845111,0.605995717,0,0.333333333,0.333333333,0.333333333,2.169488658,0.436251647
Vip interneuron,Vip Lmo1 Myl1,CGE interneuron,829185764,0.018591775,0.202513623,0.829210852,19.29544153,0.322512597,0.468101063,-521.138142,-153.982561,-469.9823031,-212.7026386,235.2544488,24,0.348848414,0.760196168,359,0,0.022242397,0.977757603,0.022346662,0.396504766,0.612119837,0.906633387,11.73252283,0.077965752,0.192828392,0.812252869,0.324397216,0.721074409,9,0.463698793,0.590253216,78,2,0.255523256,0,0.744476744,0.440116279,0.692151163,0.5,0,0,0.5,4.418703887,0.534736216
Pvalb interneuron,Pvalb Reln Itm2a,MGE interneuron,698570301,0.018435609,0.227375955,0.878474475,34.91161396,0.499728295,0.534349398,241.2338718,-773.2578129,-559.6400732,368.1078047,471.8099087,18,0.422154477,0.728123671,575,0.616952355,0,0.383047645,0.007604113,0.372722365,0.157106222,0.312255481,22.6674772,0.004878493,0.070343513,0.869817726,0.260878863,0.344623342,4,0.253436703,0.276853261,30,6,0,0.040973111,0.959026889,0.419974392,0.419334187,0.166666667,0.166666667,0.5,0.166666667,2.404894542,0.646695576
Vip interneuron,Vip Lect1 Oxtr,CGE interneuron,763952780,0.018421501,0.44522553,0.816078392,26.01896149,0.203300212,0.666737455,200.3022981,-133.2665838,32.63136491,-276.0380696,-239.2612016,17,0.556693589,0.669000249,165,0,0.316653258,0.683346742,0.024899461,0.489621883,0.820756235,0.680060994,8.290461051,0.032676084,0.024902732,0.811884427,0.144819785,0.389284784,12,0.220080032,0.31939249,74,2,0.19466248,0,0.80533752,0.189429618,0.565149137,0.5,0,0,0.5,2.490863884,0.169389963
Sst interneuron,Sst Myh8 Etv1,MGE interneuron,657858349,0.01801417,0.386008933,0.836417275,27.95131938,0.19723458,0.493310665,-346.1419804,35.13484958,-271.3238691,-389.0894363,-336.3423189,14,0.440638396,0.512296083,105,0.727207977,0,0.272792023,0.019393928,0.488603989,0.030270655,0.373409272,4.145770881,0.059582378,0.059374612,0.835914968,0.278181288,0.171826643,5,0.200913984,0.293127697,42,6,0,0.142517815,0.857482185,0.463974663,0.68962787,0.333333333,0,0.166666667,0.5,1.977516,0.678928214
Vip interneuron,Vip Chat Htr1f,CGE interneuron,755552030,0.017925016,0.023166742,0.809024868,8.76462568,0.357896697,0.214192628,487.5560732,-525.9491088,-30.82085979,191.4631037,-437.6684278,32,0.321425091,0.856183264,307,0,0.015158405,0.984841595,0.011222159,0.490980749,0.555100803,0.587796457,10.19701638,0.031376,0.108265185,0.855900097,0.20210974,0.294281849,8,0.203596919,0.2823804,43,3,0.187142857,0,0.812857143,0.316428571,0.446428571,0,0.333333333,0.666666667,0,1.953979161,0.275403788
Lamp5 interneuron,Lamp5 Lsp1,CGE interneuron,652305423,0.017888922,0.131381091,0.831134082,7.640661129,0.521633621,0.386606134,-1262.296494,-143.0219743,1125.067057,759.0833715,-230.9920245,25,0.39107239,0.807464407,673,0.061943564,0.014184397,0.923872039,0,0.46989588,0.357552437,0.520804546,22.70959398,0.042009431,0.02877493,0.813776385,0.161424085,0.206310424,7,0.124816933,0.164093626,51,5,0,0,1,0.276791182,0.641151255,0.4,0.2,0.2,0.2,2.253137165,0.875324543
Sst interneuron,Sst Hpse Cbln4,MGE interneuron,760981484,0.017299525,0.350427783,0.84759532,47.26163879,0.571310725,0.770939542,679.2459136,-713.9490852,-486.9874837,326.0012274,912.6689511,30,0.574368849,0.889565434,655,0.641113088,0,0.358886912,0.01229288,0.445778964,0.181148675,0.172510764,29.18429386,0.003944322,0.115703087,0.864699009,0.232727416,0.386354924,6,0.261446105,0.325105487,39,3,0,0.032541322,0.967458678,0.472623967,0.644628099,0.333333333,0,0.333333333,0.333333333,2.924574984,0.623652678
Sst interneuron,Sst Calb2 Pdlim5,MGE interneuron,842844583,0.01728307,0.262374995,0.867181031,20.06783733,0.424568009,0.417183222,1926.29311,-95.0274123,407.6085767,590.9169328,303.7959993,29,0.358722543,0.856662386,735,0.215267411,0,0.784732589,0.012598043,0.491944201,0.012611314,0.326334088,27.58097007,0.074225944,0.110234375,0.893070545,0.228656436,0.384570447,10,0.279673018,0.338190623,79,5,0,0.069112628,0.930887372,0.249431172,0.193970421,0.4,0,0.4,0.2,4.693981426,0.455697736
Lamp5 interneuron,Lamp5 Lhx6,CGE interneuron,711483278,0.016635059,0.074751012,0.814944889,3.190432823,0.460889292,0.412086924,-1528.374029,-243.3133994,1353.428827,910.6197785,195.5103134,41,0.4074679,1.432008876,465,0.015201465,0.192368742,0.792429792,0,0.49035409,0.603052503,0.429445043,27.27206271,0.016886078,0.005961915,0.893179111,0.146801195,0.216149862,3,0.120588166,0.193425254,21,7,0,0,1,0.3069874,0.520045819,0.285714286,0.142857143,0.571428571,0,1.232425741,0.79794438
Sncg interneuron,Sncg Vip Itih5,CGE interneuron,992386952,0.016561526,0.122361019,0.795226162,25.04307892,0.493898397,0.272659836,452.3668524,-53.37412055,79.46721003,17.78990772,-358.3897553,19,0.331029723,0.755937056,215,0,0.440174672,0.559825328,0.025889468,0.306113537,0.816011645,0.448371465,11.76158547,0.102313817,0.055121517,0.772103281,0.192886308,0.171940548,6,0.282358554,0.316795149,27,3,0.060213415,0,0.939786585,0.242378049,0.211890244,0.333333333,0.333333333,0.333333333,0,2.307122538,0.111925986
Pvalb interneuron,Pvalb Reln Itm2a,MGE interneuron,886335606,0.016226058,0.034686165,0.860020909,11.99907759,0.376263212,0.473541145,981.9189533,-657.6741872,326.812631,-12.95108203,-228.0440681,20,0.287679363,0.551903345,363,0.0015851,0.006538538,0.991876362,0.012978329,0.408163265,0.07390529,0.078234759,14.63754929,0.016870345,0.022705125,0.84596239,0.25179971,0.410630493,5,0.251018007,0.268920468,39,7,0,0,1,0.446236559,0.314722911,0.285714286,0,0.142857143,0.571428571,3.296399719,0.379328091
Sncg interneuron,Sncg Vip Itih5,CGE interneuron,859655391,0.016058344,0.265397817,0.791741632,7.195088703,0.599072671,0.585303421,1872.488907,-768.7034541,768.5019928,-47.03928027,130.6997538,29,0.430693417,1.236195068,509,0,0.108575462,0.891424538,0.020769013,0.45835784,0.626926244,0.557352942,25.43032702,0.018345723,0.068194303,0.819119022,0.323461323,0.319014768,6,0.22330057,0.284743809,35,5,0.021494871,0,0.978505129,0.303370787,0.43185149,0.2,0,0.6,0.2,2.982798014,0.219873114
Pvalb interneuron,Pvalb Tpbg,MGE interneuron,744454952,0.015985371,0.012937022,0.85683416,8.038972723,0.296732651,0.408767729,1267.259363,-761.762684,424.6713327,-58.03313874,-120.4391894,21,0.365806838,0.803099288,509,0.048838157,0.015409702,0.93575214,0,0.492784346,0.178638402,0.623738119,19.85831702,0.010696131,0.033009377,0.859361224,0.191872855,0.290342667,5,0.264895301,0.287312182,45,5,0,0,1,0.410723861,0.164075067,0.2,0,0.4,0.4,3.011530219,0.350262087
Lamp5 interneuron,Lamp5 Ntn1 Npy2r,CGE interneuron,889183564,0.015853048,0.0357186,0.836286227,4.084287359,0.414559755,0.077114058,182.28897,1679.805506,-160.6486801,431.6547859,-108.836436,21,0.256176248,0.779362835,259,0,0,1,0.007971478,0.338210639,0.835543362,0.647854336,10.0792691,0.004074014,0.119863428,0.869499363,0.162821209,0.169232354,7,0.146422079,0.201208615,59,7,0.013083049,0.162684869,0.824232082,0.456769056,0.771331058,0.285714286,0.285714286,0.428571429,0,2.491949386,0.052499752
Vip interneuron,Vip Ptprt Pkp2,CGE interneuron,700390241,0.015815158,0.205703554,0.862453467,17.80976953,0.133234107,0.587413919,-196.9473891,52.16088002,-93.56658541,-222.5390811,-553.2794012,24,0.398360594,0.472603363,87,0,0.169113329,0.830886671,0.023354202,0.454492073,0.583088667,0.852748633,2.386743522,0.027814498,0.014686208,0.844282719,0.165863524,0.47444617,8,0.287141887,0.472342326,52,2,0.09805579,0,0.90194421,0.381656805,0.435756551,0.5,0,0,0.5,3.004035279,0.262763455
Pvalb interneuron,Pvalb Tpbg,MGE interneuron,639797308,0.015219808,0.154854921,0.818381673,7.314373127,0.491902658,0.503677027,1398.899662,-796.3124259,750.8649181,-282.0237507,-145.5061226,18,0.329442761,0.620040091,427,0,0.023830007,0.976169993,0,0.407432897,0.234342739,0.601186593,18.7155561,0.036131517,0.09935042,0.859621199,0.146178819,0.312980805,7,0.251771656,0.32641874,45,5,0.021815623,0,0.978184377,0.232230823,0.569317382,0.6,0,0.2,0.2,2.422184103,0.274520192
Sst interneuron,Sst Nr2f2 Necab1,MGE interneuron,770238836,0.015066078,0.4285981,0.861214206,36.04052171,0.321932173,0.554538222,-98.11022476,-56.24290486,-324.7523649,-506.038567,-63.06210947,24,0.4998064,0.818083149,179,0.506542056,0,0.493457944,0.037758619,0.253582555,0.041900312,0.406893717,9.853835492,0.039124178,0.031938958,0.850708006,0.309723551,0.209193658,7,0.178763157,0.223900817,58,6,0,0.043231441,0.956768559,0.376855895,0.568122271,0.333333333,0.166666667,0.333333333,0.166666667,3.411614431,0.631886927
Pvalb interneuron,Pvalb Akr1c18 Ntf3,MGE interneuron,887048277,0.014842374,0.056051933,0.873919721,3.10613975,0.336643956,0.471546622,-846.2853328,-52.85190249,512.2636542,245.0116993,-242.4304872,24,0.298729765,0.609465734,223,0.007881615,0.036191089,0.955927296,0,0.423677015,0.543670581,0.363486553,9.539326146,0.063950669,0.088981669,0.873453413,0.246028307,0.356532682,5,0.289363746,0.345642713,32,8,0,0,1,0.28314746,0.392193309,0.25,0,0.25,0.5,2.299579367,0.799911106
Sst interneuron,Sst Calb2 Pdlim5,MGE interneuron,752063316,0.014598943,0.148568907,0.865181778,12.97598263,0.508718493,0.538358132,994.9767946,2329.389744,314.6043075,347.9467073,358.5898202,29,0.366964482,0.958458386,425,0.272204657,0.046636965,0.681158379,0.023890094,0.355058925,0.074877838,0.171449656,20.62855134,0.011222523,0.090789684,0.846577778,0.21446662,0.160310308,8,0.172888926,0.198921942,55,7,0,0,1,0.360352015,0.141732283,0.428571429,0.142857143,0.142857143,0.285714286,2.956089463,0.218914292
Lamp5 interneuron,Lamp5 Plch2 Dock5,CGE interneuron,652812484,0.014414097,0.285757706,0.831185887,16.7769037,0.257443346,0.361604799,154.0900685,-258.8666375,-62.24943569,-0.13646044,-525.721458,16,0.335975339,0.571006712,141,0,0.59310869,0.40689131,0,0.335191285,0.982011654,0.598797649,6.403284831,0.002028604,0.022029415,0.86621714,0.184108287,0.23868175,6,0.22493949,0.237267465,77,7,0.148373102,0,0.851626898,0.467245119,0.606941432,0.285714286,0,0.428571429,0.285714286,4.063507932,0.189863336
Sst interneuron,Sst Nts,MGE interneuron,795844214,0.014049122,0.066279566,0.829780404,10.66553092,0.948791815,0.715550357,-630.9638726,13.42957943,266.8397446,59.28917588,-487.3599503,15,0.549156491,1.167205083,101,0.170561506,0.1468679,0.682570594,0.015730048,0.410418695,0.493184031,0.385411557,9.541097354,0.033132864,0.056019813,0.707842004,0.347205721,0.224841244,5,0.285940615,0.382704401,21,3,0,0,1,0.342166797,0.620420889,0.333333333,0,0,0.666666667,1.834018764,0.869387888
Lamp5 interneuron,Lamp5 Lsp1,CGE interneuron,642124659,0.013940721,0.042554347,0.713836695,9.077607188,0.157015905,0.289822556,145.3066845,-117.2882548,113.6221577,-226.4016743,-525.1528142,16,0.208267196,0.627774654,157,0.028545399,0,0.971454601,0,0.410264197,0.243546918,0.493238304,7.856152516,0.020092254,0.009767925,0.76434863,0.159347703,0.297399517,5,0.248348237,0.290470509,54,6,0,0.019343494,0.980656506,0.283704572,0.603165299,0.333333333,0,0.333333333,0.333333333,3.186395857,0.272542233
Lamp5 interneuron,Lamp5 Lsp1,CGE interneuron,659697295,0.013904654,0.148562372,0.806129873,9.68170959,0.459235768,0.325193206,2551.695506,-1358.041794,1110.776459,-6.381809963,223.5055955,43,0.267116349,1.06380799,667,0.005349655,0.303388115,0.69126223,0.008014025,0.43457516,0.738927177,0.314053353,31.14162536,0.032580469,0.019233254,0.878867712,0.147661484,0.136024441,8,0.09996743,0.125452746,111,7,0,0,1,0.474377057,0.382228491,0,0.428571429,0.428571429,0.142857143,3.181447762,0.202029665
Vip interneuron,Vip Crispld2 Htr2c,CGE interneuron,796636728,0.013879147,0.093203807,0.848747139,19.38319762,0.325058585,0.288057949,-57.0168439,-189.8732243,-392.5877554,210.8336919,-535.3551678,16,0.240845329,0.407821915,157,0,0.190307925,0.809692075,0.025486101,0.364462393,0.893992933,0.702138803,4.925964945,0.020216594,0.125367472,0.833349046,0.096581132,0.32165496,8,0.228130375,0.26940191,52,4,0.25177305,0,0.74822695,0.421985816,0.439007092,0.25,0,0.25,0.5,1.693320961,0.300074756
Pvalb interneuron,Pvalb Reln Itm2a,MGE interneuron,892547707,0.013781549,0.060292542,0.831614243,14.18686907,0.43463585,0.501325131,1268.964313,-1214.756683,-212.2250241,757.9157268,88.62373223,21,0.324497817,0.770861365,639,0.017438364,0,0.982561636,0.010420072,0.418881539,0.141310884,0.389222511,24.03882457,0.0019432,0.081188383,0.829929263,0.273807155,0.488286987,7,0.28885765,0.383482282,70,6,0,0.064260842,0.935739158,0.468819247,0.233301678,0.166666667,0.166666667,0.166666667,0.5,4.327680991,0.447755892
Pvalb interneuron,Pvalb Akr1c18 Ntf3,MGE interneuron,904023586,0.01377845,0.066239394,0.871973768,7.114756661,0.420359214,0.382335036,-802.6105518,-16.20828752,518.9416249,254.3310106,-513.0268743,19,0.260532041,0.641631062,285,0.012273902,0.213501292,0.774224806,0.023405827,0.425710594,0.682385874,0.391154034,14.87556055,0.086508912,0.035496967,0.797070883,0.251646019,0.197566675,4,0.206213462,0.262501992,30,6,0,0,1,0.304381245,0.455803228,0.333333333,0,0.333333333,0.333333333,2.028845005,0.852939783
Sst interneuron,Sst Tac2 Tacstd2,MGE interneuron,674495385,0.013741273,0.446919284,0.868675826,40.88074043,0.410508095,0.720682946,-242.8370576,-135.4359022,-490.8470792,-326.0157393,133.9299419,18,0.588045203,0.692362725,253,0.461669922,0,0.538330078,0.012067534,0.447265625,0.060180664,0.220626145,11.50353734,0.042845751,0.065204549,0.903807636,0.247332163,0.423459555,6,0.258530319,0.324877794,59,5,0,0.177658143,0.822341857,0.364401077,0.620457604,0.2,0.2,0.2,0.4,4.046031329,0.69576439
Sst interneuron,Sst Hpse Sema3c,MGE interneuron,657442490,0.013644397,0.106545333,0.796246278,4.946270675,0.241456086,0.288564161,-322.8526026,58.20153989,-291.0293545,-287.1571035,-509.4650132,13,0.341106454,0.488369688,59,0.138843868,0.015667207,0.845488925,0.015042718,0.380875203,0.256077796,0.194773899,3.056631877,0.01494518,0.004109419,0.850667274,0.217825313,0.148341959,8,0.329706038,0.357317687,45,5,0,0,1,0.4,0.37106383,0.4,0.2,0.2,0.2,2.132605228,0.541112767
Pvalb interneuron,Pvalb Reln Itm2a,MGE interneuron,837594867,0.013615315,0.197075636,0.825910605,15.2743391,0.414786694,0.662551403,490.9169393,-761.7926665,-450.2867388,366.8299241,266.6750753,23,0.504101647,0.616167432,551,0.096189369,0.223643703,0.680166929,0,0.496203051,0.520421427,0.84431112,23.26713299,0.060633096,0.033874663,0.826622218,0.259739108,0.32598305,5,0.198443906,0.276646881,49,5,0,0,1,0.469527363,0.538557214,0.4,0,0.2,0.4,2.642662702,0.381192595
Sst interneuron,Sst Hpse Cbln4,MGE interneuron,689098357,0.01353608,0.25145173,0.833725819,7.760366334,0.200918426,0.304826295,-179.0209868,-126.8046918,-575.92635,154.3865624,-482.772586,23,0.279000077,0.413636304,227,0.126126126,0,0.873873874,0.018033809,0.400535671,0.034575116,0.073284822,6.351353281,0.006704725,0.009456449,0.803227747,0.302107682,0.250094731,6,0.177436505,0.258780747,52,6,0,0.09184197,0.90815803,0.396613648,0.120574654,0.166666667,0.166666667,0.166666667,0.5,2.875775641,0.507231235
Lamp5 interneuron,Lamp5 Plch2 Dock5,CGE interneuron,825522397,0.01285109,0.197090995,0.843822194,7.582769786,0.289570666,0.467329989,249.8520175,-150.8080791,-1064.963863,696.3981982,-56.6360591,24,0.351739318,0.973683699,485,0.00608365,0.001351922,0.992564428,0.016655804,0.44469793,0.31964512,0.370938356,17.27982669,0.063183404,0.197685061,0.888638625,0.202565377,0.435055445,5,0.324325739,0.384451992,71,11,0,0,1,0.470538364,0.510809665,0.272727273,0,0.454545455,0.272727273,3.280110808,0.449280406
Pvalb interneuron,Pvalb Reln Itm2a,MGE interneuron,762757594,0.01259987,0.008460967,0.874703599,5.607233833,0.328325623,0.33309927,860.4823843,-786.7339963,-225.6457429,377.655945,-176.4616271,15,0.266880212,0.476243434,411,0,0,1,0.016842967,0.413545408,0.37754404,0.569844607,18.40284319,0.019292354,0.032641524,0.83825193,0.239145447,0.420010478,7,0.272926134,0.359660368,39,9,0.085151007,0.018456376,0.896392617,0.454697987,0.452181208,0.333333333,0,0.111111111,0.555555556,3.418276353,0.339315808
Vip interneuron,Vip Crispld2 Kcne4,CGE interneuron,738401019,0.01212662,0.282050078,0.816291757,11.65501455,0.211391687,0.547617079,103.7147109,103.0635975,-26.68812754,-117.6904886,-445.3800611,17,0.441181395,0.617325298,139,0.040206913,0.15588996,0.803903127,0,0.44227604,0.687044439,0.746529789,6.284728778,0.047212629,0.095761315,0.877772978,0.126641678,0.304575964,7,0.271085429,0.289077345,42,2,0,0,1,0.171961326,0.533149171,0.5,0,0,0.5,2.285488832,0.166483918
Pvalb interneuron,Pvalb Th Sst,MGE interneuron,688145929,0.012125038,0.126546929,0.853597467,5.26382014,0.733514497,0.354094239,-793.1408626,-14.2877288,495.2147526,225.8470439,-521.9617117,25,0.477491094,1.146998289,217,0,0.005790693,0.994209307,0.043600239,0.415455885,0.572436302,0.243620625,14.13706428,0.002527403,0.184434839,0.839157443,0.527620874,0.396241587,6,0.342957149,0.495652699,48,6,0.0254948,0,0.9745052,0.436430728,0.479033881,0.166666667,0.166666667,0.666666667,0,4.042562625,0.901956356
Sst interneuron,Sst Tac1 Tacr3,MGE interneuron,623326230,0.01201457,0.14318887,0.850760042,10.757437,0.279252688,0.353472159,1732.974144,-526.1938952,1205.641926,-668.6823022,7.577108809,33,0.284573463,0.810350494,671,0.10087624,0.01904555,0.88007821,0.012522855,0.42885075,0.060974727,0.136694968,17.90473775,0.007076005,0.134787919,0.873163316,0.251654833,0.229622316,6,0.187516144,0.22734459,60,8,0,0,1,0.496754486,0.211149294,0.125,0.125,0.375,0.375,3.357392042,0.300384264
Sncg interneuron,Sncg Gpr50,CGE interneuron,935032340,0.011808386,0.169363067,0.845793816,9.450106094,0.706049547,0.711143806,-798.2690401,-101.3351561,361.5910327,44.47344325,102.8034128,15,0.512652906,1.093512588,127,0.067348789,0,0.932651211,0.016157261,0.461857272,0.664810258,0.660621592,11.74130183,0.039050637,0.159725395,0.875182696,0.202106343,0.455552389,5,0.317430583,0.38582147,33,5,0,0.025658807,0.974341193,0.441054092,0.490984743,0.2,0.2,0.2,0.4,2.09960121,0.691319543
Sst interneuron,Sst Calb2 Pdlim5,MGE interneuron,805584825,0.011768773,0.020255313,0.841990975,53.21140722,0.384478801,0.787352204,155.5282474,613.0323615,-261.9303334,196.2512458,-37.85186306,21,0.440205253,0.724049342,271,0.744637844,0.045929253,0.209432903,0.00997404,0.47332959,0.226838855,0.132086414,11.84359215,0.028083794,0.20566951,0.806874172,0.260783578,0.246642004,6,0.259712566,0.338308387,39,5,0,0,1,0.378117914,0.962018141,0.4,0,0.2,0.4,2.395002477,0.504581753
Pvalb interneuron,Pvalb Calb1 Sst,MGE interneuron,662580082,0.011549056,0.06417776,0.838698477,6.44392173,0.594432747,0.289058575,-1063.090598,-109.3265145,802.2668797,484.553673,-151.1365947,19,0.343090799,0.716963074,245,0,0.000856164,0.999143836,0,0.474208048,0.320633562,0.135771884,13.28111272,0.081425871,0.074495045,0.877777323,0.293795706,0.283794593,4,0.208670004,0.246406512,30,6,0.002197802,0,0.997802198,0.360989011,0.547802198,0.166666667,0.166666667,0.166666667,0.5,2.359618796,0.855604456
Sst interneuron,Sst Tac2 Tacstd2,MGE interneuron,669165397,0.01130657,0.441764678,0.829495282,35.08356198,0.29993089,0.441764678,-365.0888611,42.73215168,-434.270609,-590.0934396,-160.7789662,18,0.455292053,0.518969661,161,0.09992896,0,0.90007104,0.019305844,0.416054937,0,0.400328994,7.222124509,0.037032209,0.144452054,0.840378371,0.3539745,0.493394575,6,0.404005623,0.50966455,81,9,0,0.558723516,0.441276484,0.458278839,0.509024326,0.111111111,0.222222222,0.333333333,0.333333333,5.961655138,0.706844765
Vip interneuron,Vip Crispld2 Htr2c,CGE interneuron,809688289,0.011122046,0.337492664,0.768230578,6.244756363,0.53582927,0.598261333,364.6611063,363.5768582,208.1225675,-206.1761871,-280.4986241,23,0.475675783,0.86726018,259,0,0.136274829,0.863725171,0.012825524,0.421523934,0.492673396,0.972370315,9.401530816,0.026666707,0.003207921,0.794417171,0.191849482,0.27297676,7,0.242680796,0.340419381,46,2,0.006080708,0,0.993919292,0.442233278,0.532338308,0.5,0,0,0.5,2.845632151,0.175802564
Vip interneuron,Vip Crispld2 Htr2c,CGE interneuron,742033571,0.010452161,0.390598944,0.815752075,17.95222123,0.178651268,0.674784131,33.74644889,-27.71627691,-38.93105337,-196.6687259,-402.1204949,19,0.534122048,0.672663552,133,0.007215007,0.335978836,0.656806157,0.026222164,0.45959596,0.733766234,0.840067085,6.077273962,0.020729702,0.02174725,0.877146748,0.115170582,0.275344439,8,0.205730735,0.237231854,44,2,0,0,1,0.377428999,0.651718984,0.5,0,0,0.5,2.169413,0.20985968
Sst interneuron,Sst Calb2 Necab1,MGE interneuron,760834631,0.010276872,0.336113258,0.81673678,16.85318412,0.247278914,0.338132352,708.2574135,-209.5683053,419.0076372,-248.3180722,-319.3977208,17,0.340958454,0.444652336,347,0.229810298,0,0.770189702,0.029893015,0.351626016,0.000406504,0.146652815,10.51123418,0.000357172,0.110414861,0.866786541,0.24256055,0.278683599,7,0.19516657,0.237546371,54,6,0,0.121435595,0.878564405,0.431170108,0.1273353,0.166666667,0.166666667,0.333333333,0.333333333,2.930746353,0.361772135
Vip interneuron,Vip Lmo1 Myl1,CGE interneuron,761344650,0.010180172,0.009109648,0.842631368,11.70967802,0.381862769,0.432605668,-114.5395201,-166.2784654,-541.5953625,41.96663409,-368.2936014,16,0.339089102,0.723436922,187,0,0,1,0.016742039,0.259745272,0.789849479,0.403256075,8.893277605,0.053646615,0.006261441,0.842512457,0.230395947,0.503218734,9,0.269155817,0.363076931,48,2,0.077986726,0.015486726,0.906526549,0.252212389,0.698561947,0.5,0,0,0.5,2.699551968,0.348397117
Pvalb interneuron,Pvalb Reln Itm2a,MGE interneuron,718872930,0.009487897,0.243143618,0.888977763,8.942737793,0.339137937,0.490656992,-157.2121863,-109.1590969,-544.2122052,-100.9109538,-353.5288261,15,0.369748822,0.598446394,189,0.178437191,0.012660732,0.808902077,0,0.496933729,0.178832839,0.365809029,8.203701078,0.007414889,0.038172491,0.921469038,0.296648745,0.200719705,5,0.181353851,0.205410022,46,6,0,0,1,0.412617839,0.260333575,0.333333333,0.166666667,0.166666667,0.333333333,2.358978546,0.501990207
Sst interneuron,Sst Rxfp1 Eya1,MGE interneuron,816012073,0.009427787,0.293163665,0.861584777,15.82402098,0.368356971,0.423119359,-733.9817817,-56.51720666,182.7215802,-119.3552299,26.86122867,23,0.397042291,0.613584858,193,0.363636364,0.034616031,0.601747605,0.026615095,0.278944715,0.091581247,0.099696831,8.510976476,0.006523282,0.10012905,0.894552743,0.297836495,0.16509439,7,0.216468922,0.265421596,60,8,0,0,1,0.366370999,0.121866564,0.25,0.25,0.25,0.25,3.778758629,0.834871165
Vip interneuron,Vip Lect1 Oxtr,CGE interneuron,680027413,0.008854586,0.259627685,0.832020855,18.21169403,0.259298183,0.464361853,190.2478178,-360.9678904,-257.6324928,203.1793046,-437.3080877,19,0.383348069,0.625952634,211,0,0.111423057,0.888576943,0.022178528,0.222670644,0.749956133,0.937790395,7.325297212,0.021805654,0.087106027,0.86222546,0.139752119,0.364396556,7,0.235398741,0.303092214,55,3,0.341169725,0,0.658830275,0.392775229,0.537844037,0.666666667,0,0,0.333333333,2.292883637,0.279850748
Sst interneuron,Sst Rxfp1 Prdm8,MGE interneuron,759948010,0.008605423,0.175605764,0.884222427,10.75967128,0.726838691,0.636893396,-1234.054014,-167.6553352,783.8215155,347.5055311,214.5326212,22,0.490921149,0.843044397,445,0.0412,0.062342857,0.896457143,0.020736481,0.4232,0.385714286,0.353409919,24.03436501,0.003889337,0.159035286,0.856330669,0.363705032,0.443667992,6,0.305631517,0.402468827,53,9,0,0,1,0.490451652,0.581085177,0.222222222,0.222222222,0.222222222,0.333333333,4.702824986,0.884393879
Sst interneuron,Sst Calb2 Pdlim5,MGE interneuron,602535278,0.008377786,0.193940801,0.852960294,10.79812974,0.315413986,0.445978599,868.469931,-308.8966665,250.5947139,80.52613134,-239.9486587,17,0.342258549,0.579073718,349,0.153902644,0.008812421,0.837284935,0.018527099,0.453734788,0.070289551,0.264119007,13.29693854,0.026593254,0.130772816,0.906317526,0.262524394,0.283662337,6,0.209175144,0.233466507,58,6,0,0,1,0.422918384,0.18219291,0.333333333,0.166666667,0.166666667,0.333333333,3.332705884,0.351873137
Lamp5 interneuron,Lamp5 Plch2 Dock5,CGE interneuron,889235347,0.007841765,0.248150727,0.854473943,18.09255412,0.29409542,0.374427209,380.2240458,-117.9837007,86.48569694,-141.962454,-368.1440144,15,0.351042853,0.555337317,223,0,0.272580385,0.727419615,0,0.494425594,0.740830506,0.597975723,11.1069713,0.051754476,0.009446221,0.918405111,0.180617887,0.157356736,6,0.154901495,0.172462647,75,5,0.012784091,0,0.987215909,0.454545455,0.323863636,0.4,0,0.4,0.2,2.441578199,0.176941527
Lamp5 interneuron,Lamp5 Ntn1 Npy2r,CGE interneuron,888108541,0.007829913,0.089420159,0.858434,6.949854719,0.378539304,0.3933962,445.0371616,-31.04829218,-507.4363402,740.6460573,-246.0598185,19,0.366347586,0.582242466,397,0.024089307,0.009694477,0.966216216,0,0.394437916,0.490403447,0.484952086,17.59146725,0.017213934,0.087230066,0.903662503,0.223734076,0.324398573,7,0.245470722,0.300411944,69,5,0,0,1,0.475306203,0.549980245,0.2,0.4,0.4,0,3.767032564,0.315946107
Sst interneuron,Sst Esm1,MGE interneuron,720186469,0.007751848,0.349949453,0.837436982,28.48592658,0.494191837,0.649238942,-435.1099972,7.899627184,-108.3874608,-330.3804243,-210.2559341,18,0.499935106,0.647463692,107,0.5423294,0,0.4576706,0.015317161,0.430990251,0.287070292,0.207770151,5.153662143,0.01075829,0.213362266,0.870186767,0.367888815,0.29009435,4,0.292521278,0.386079307,38,6,0,0.126034063,0.873965937,0.479805353,0.668126521,0.333333333,0.166666667,0.333333333,0.166666667,2.79731367,0.692910742
Pvalb interneuron,Pvalb Calb1 Sst,MGE interneuron,674126167,0.00770408,0.009089519,0.827439434,6.560445149,0.620251657,0.437090142,-989.0114128,-119.9179583,576.2343659,237.136558,95.73942228,28,0.409211558,0.853333548,183,0.060153994,0.074951877,0.864894129,0.01519487,0.389316651,0.319177093,0.690713237,12.20440803,0.001128963,0.064443983,0.907617688,0.216267094,0.256462129,5,0.195388576,0.218158892,26,4,0,0,1,0.497850387,0.369733448,0.25,0,0,0.75,1.589304632,0.816919682
Sst interneuron,Sst Tac2 Tacstd2,MGE interneuron,661189529,0.0072495,0.279504348,0.848457839,28.40582801,0.239716291,0.279504348,-262.8612669,-115.3262573,-857.7047518,-215.0707016,-97.29872656,29,0.329405846,0.508984441,439,0.191928865,0,0.808071135,0.016008888,0.440082079,0,0.147892345,9.884863417,0.043133658,0.024974262,0.879009923,0.233975812,0.424358633,8,0.268061173,0.317045287,66,6,0,0.497620666,0.502379334,0.447654657,0.436777702,0.333333333,0,0.166666667,0.5,3.77791359,0.654010745
Vip interneuron,Vip Ptprt Pkp2,CGE interneuron,695316536,0.007201631,0.189137227,0.8462007,20.55570704,0.223162085,0.619137285,-176.7014315,18.90714945,-258.6470715,-270.0372741,-365.3004637,12,0.422323859,0.552655229,117,0,0.132715232,0.867284768,0,0.31602649,0.755496689,0.697091145,4.949407831,0.006997238,0.023398866,0.853799223,0.185637378,0.54234911,9,0.284813377,0.334805802,65,3,0.115684093,0,0.884315907,0.338895069,0.627363737,0.666666667,0,0,0.333333333,3.566156237,0.279352825
Lamp5 interneuron,Lamp5 Ntn1 Npy2r,CGE interneuron,764896381,0.007063492,0.261372345,0.846948692,4.340394699,0.568763116,0.361497107,522.4185861,2238.886859,-8.924517675,509.1986412,130.7481078,40,0.327386001,1.150181472,421,0,0.030867427,0.969132573,0.035668648,0.493983468,0.259704928,0.562872609,14.61531081,0.027070023,0.069688669,0.905432186,0.211242398,0.17015055,8,0.170956491,0.195339743,82,8,0.000447427,0,0.999552573,0.488590604,0.542729306,0.25,0.125,0.5,0.125,3.36837148,0.102971167
Sst interneuron,Sst Nr2f2 Necab1,MGE interneuron,705817510,0.007024485,0.399392778,0.853380312,34.13167737,0.606130387,0.65237679,83.29432282,-501.7577441,-287.9060428,-963.3041716,1143.528984,22,0.562126302,0.905296098,547,0.527881041,0.001036017,0.471082942,0.013722235,0.343348163,0.051130477,0.455354706,25.65883327,0.08331105,0.025338337,0.871478251,0.318337622,0.210992623,7,0.263714144,0.306435248,53,7,0,0,1,0.240641711,0.440412529,0.142857143,0.285714286,0.571428571,0,4.303955149,0.682058602
Sst interneuron,Sst Calb2 Pdlim5,MGE interneuron,740135032,0.006052826,0.294898781,0.846527037,51.01673986,0.424577756,0.587297479,679.3935469,624.5171211,-300.6734458,167.7168903,339.3050048,24,0.504958401,0.873823345,475,0.575496547,0,0.424503453,0.031378119,0.386915356,0.184665765,0.496962141,21.008494,0.10581978,0.006928549,0.873123249,0.259031312,0.346915981,9,0.222008513,0.285074621,44,4,0,0.043431635,0.956568365,0.317962466,0.775871314,0.5,0,0.25,0.25,2.571254395,0.505298824
Sst interneuron,Sst Hpse Cbln4,MGE interneuron,779708399,0.005747687,0.388323983,0.840156013,39.58101646,0.495131852,0.59022936,-287.4174399,-362.4274542,-999.4760972,69.5980164,496.2337079,23,0.502776283,1.167228774,437,0.621373816,0,0.378626184,0,0.394558846,0.100255524,0.345841733,21.2917073,0.067833613,0.088610349,0.851598336,0.335858567,0.335314027,6,0.254428966,0.315348503,61,5,0,0.177595628,0.822404372,0.393442623,0.650956284,0.4,0,0.2,0.4,4.343782859,0.697678029
Sst interneuron,Sst Esm1,MGE interneuron,601811091,0.00565369,0.459158632,0.850263057,41.43089286,0.686436629,1.020017153,-485.9135411,-135.0699013,45.26203047,-150.5935711,299.0896074,21,0.819759019,1.297407487,181,0.381768065,0.024118921,0.594113014,0.038019691,0.374975389,0.10435125,0.23137959,13.72233118,0.034097436,0.124546161,0.908830672,0.540244215,0.454052312,7,0.345870006,0.39134216,38,4,0,0,1,0.244280443,0.431365314,0.25,0,0.25,0.5,3.468153958,0.82457594
Pvalb interneuron,Pvalb Reln Itm2a,MGE interneuron,669838950,0.005609876,0.147746364,0.851119616,13.17186786,0.238553937,0.291988409,-239.6928438,-85.93026047,-618.7661713,-22.58947687,-381.256599,22,0.222399268,0.49325575,237,0.089791438,0,0.910208562,0,0.40856202,0.031174533,0.436594417,7.160053826,0.062405032,0.006768958,0.858966709,0.091008178,0.300181352,6,0.173013602,0.208949262,43,7,0,0.09310987,0.90689013,0.04283054,0.310986965,0.142857143,0,0.571428571,0.285714286,2.33908927,0.570398185
Sncg interneuron,Sncg Vip Itih5,CGE interneuron,857296784,0.005524214,0.027517596,0.848538381,5.042663781,0.522772415,0.478220279,296.062388,-353.0838629,-240.3676324,-158.3113623,-138.9469903,23,0.334286554,0.899948508,257,0,0.015898058,0.984101942,0,0.317354369,0.318203883,0.85887779,10.5378327,0.073907604,0.104409801,0.862538945,0.277319537,0.477091814,5,0.340435903,0.45628951,39,5,0.061157796,0,0.938842204,0.421101774,0.241830065,0.2,0.2,0.2,0.4,2.639669283,0.443109613
Sst interneuron,Sst Hpse Cbln4,MGE interneuron,657454163,0.005505806,0.178943105,0.841684034,2.167232746,0.195012831,0.47446761,89.06333416,-469.6752242,-1142.317165,742.2167495,-210.5205381,24,0.329153751,0.591133404,609,0.021785174,0.063035804,0.915179022,0,0.451033787,0.080484115,0.072998922,13.98266266,0.002150281,0.181121896,0.868484472,0.212622193,0.202184395,6,0.217656131,0.283965036,39,3,0,0,1,0.393681043,0.064694082,0,0,0.333333333,0.666666667,2.616838156,0.487794471
Sst interneuron,Sst Myh8 Etv1,MGE interneuron,741796557,0.005423697,0.466696421,0.856802476,32.75739998,0.25460905,0.579449964,-312.6193442,-38.46115524,-327.0144054,-483.5381772,1.294108122,18,0.524068776,1.048117334,141,0.723360303,0,0.276639697,0.034170167,0.46875538,0.056808401,0.16944864,8.347967102,0.027060727,0.002937399,0.843874971,0.268008274,0.145817949,6,0.19108659,0.244899104,55,5,0,0.033802817,0.966197183,0.426478873,0.636056338,0,0.4,0.4,0.2,2.589226843,0.695558814
Pvalb interneuron,Pvalb Tpbg,MGE interneuron,656706125,0.005313937,0.104948326,0.846005523,8.397581277,0.538880689,0.494926399,2032.784019,-1130.739371,858.4058492,-126.2361124,155.0934844,31,0.312378856,1.191496756,731,0.078420278,0.034513975,0.887065746,0,0.40754781,0.199615254,0.592713061,25.74170632,0.017697748,0.015565434,0.870221529,0.303686549,0.281603411,5,0.200360582,0.271232226,32,4,0,0,1,0.360810811,0.35472973,0.25,0,0.25,0.5,2.123413079,0.303801125
Sst interneuron,Sst Calb2 Pdlim5,MGE interneuron,841718359,0.005001176,0.129910582,0.801600906,17.91791312,0.207069645,0.780999742,169.1526218,-240.2539113,-331.3599522,154.6607843,-129.5749801,19,0.45802558,0.786322786,319,0.226478495,0.061827957,0.711693548,0.014623047,0.286066308,0.337925627,0.38005151,12.60400115,0.029216615,0.047189329,0.831068569,0.252252382,0.319734458,6,0.193416906,0.239325125,54,4,0,0,1,0.441363636,0.536818182,0.5,0,0,0.5,2.969180305,0.447350439
Vip interneuron,Vip Chat Htr1f,CGE interneuron,796666943,0.004980681,0.172285533,0.817517985,28.86869531,0.183507073,0.30186522,12.75525139,-145.7575162,-59.87770997,-91.97377883,-568.8619575,13,0.261784939,0.500563884,127,0,0.896399706,0.103600294,0,0.4808964,0.963997061,0.743139091,4.144244317,0.027251928,0.13368212,0.849937125,0.191695575,0.169020188,6,0.185529787,0.254493118,29,3,0.522703273,0,0.477296727,0.446673706,0.048574446,0,0,0.666666667,0.333333333,1.343310223,0.206340924
Sst interneuron,Sst Hpse Cbln4,MGE interneuron,656156755,0.004892391,0.256250163,0.823302207,27.59986552,0.378335176,0.520197063,138.3550405,-485.6929048,-1035.285878,680.9591029,-227.9930127,15,0.394536832,0.555423546,319,0.107627374,0,0.892372626,0.012274144,0.355743141,0.023615717,0.209841234,15.90751982,0.010610913,0.121510406,0.778100052,0.268613433,0.481662807,7,0.308445509,0.472387078,44,6,0,0.244423351,0.755576649,0.378737542,0.361177029,0.166666667,0,0.166666667,0.666666667,3.377067211,0.521355585
Vip interneuron,Vip Chat Htr1f,CGE interneuron,797664123,0.004460472,0.110752983,0.806143763,20.65665858,0.225630652,0.146223174,-53.27797644,-168.4918705,-256.4771869,113.5035353,-576.0705762,19,0.279862446,0.694109193,177,0,0.003111388,0.996888612,0.014802514,0.376789048,0.964841319,0.644967812,5.254535821,0.058333212,0.091291965,0.823616069,0.12914633,0.326939228,9,0.216321816,0.413569357,44,2,0.518929504,0,0.481070496,0.270887728,0.419712794,0.5,0,0,0.5,2.250642067,0.270061426
Lamp5 interneuron,Lamp5 Lsp1,CGE interneuron,644994103,0.004200732,0.003851413,0.831222308,11.23728461,0.359112492,0.477418393,-774.1661883,-98.20652051,-117.1861457,-419.4496543,476.5865134,25,0.307006407,0.7369223,353,0.091773226,0.385085436,0.523141338,0,0.381577458,0.604730112,0.536797263,14.74686689,0.026631809,0.029086993,0.900025223,0.1692581,0.165328358,12,0.261336865,0.295618657,87,5,0,0,1,0.303512623,0.293084523,0.2,0.2,0.2,0.4,3.045791847,0.621962891
Sst interneuron,Sst Nts,MGE interneuron,743049614,0.004147989,0.009525699,0.835344598,0.97617266,0.642206633,0.572667372,-539.9728298,52.76299974,187.2496215,-12.02334644,-655.6141478,26,0.49229844,1.141125372,333,0.014295556,0.06760248,0.918101963,0,0.266706855,0.376937651,0.507325201,17.43900416,0.058414421,0.108474847,0.831774716,0.299463027,0.287204855,5,0.28065708,0.366367429,32,4,0,0,1,0.495986239,0.286697248,0,0,0.5,0.5,2.59318788,0.981326943
Vip interneuron,Vip Crispld2 Htr2c,CGE interneuron,761822060,0.004064672,0.22444091,0.867367938,6.872934733,0.215891267,0.43771643,179.3674585,504.5376528,18.37354507,-33.45841019,-362.3029369,16,0.344265521,0.450221739,201,0.020147616,0.176341512,0.803510872,0,0.258328346,0.507680032,0.591933415,6.275019255,0.026234747,0.033519904,0.887424148,0.143461105,0.223975958,8,0.167073002,0.207241239,35,3,0,0,1,0.219611849,0.547497446,0.333333333,0,0,0.666666667,1.332427301,0.132964304
Sst interneuron,Sst Mme Fam114a1,MGE interneuron,746754997,0.00372319,0.266646135,0.841942349,47.44244373,0.300599326,0.597679845,667.6653365,378.7116158,65.42693001,-385.6022318,330.4051066,23,0.488224256,1.032693422,381,0.621500225,0,0.378499775,0.009839509,0.367345411,0.180865399,0.727843082,19.40438763,0.0298281,0.043510174,0.846390455,0.289631661,0.360710459,9,0.360742668,0.414815662,54,6,0,0.0168447,0.9831553,0.370994248,0.647493837,0.333333333,0,0.166666667,0.5,3.239220489,0.530056062
Vip interneuron,Vip Crispld2 Htr2c,CGE interneuron,743468218,0.003569273,0.533578937,0.826560176,13.21845194,0.30971291,0.750207793,305.0538375,755.307091,138.5304299,-56.45826393,-182.0997485,20,0.643608493,0.718976458,267,0,0.216691729,0.783308271,0,0.423308271,0.432781955,0.616020542,8.646024876,0.008467063,0.007362689,0.770578546,0.192790475,0.212123088,5,0.134179102,0.229488327,54,4,0.000906618,0,0.999093382,0.394378966,0.378513146,0.5,0,0,0.5,2.818657913,0.144008487
Sst interneuron,Sst Rxfp1 Eya1,MGE interneuron,808285808,0.003494734,0.602684972,0.850880711,17.27196734,0.566208785,0.938886072,-1241.009546,-451.4705014,480.5307764,290.5540851,1528.229938,26,0.776499732,1.406584611,585,0.141691226,0.02131036,0.836998413,0,0.497302199,0.172160508,0.39603921,31.90277057,0.030442953,0.234241708,0.894553539,0.32101625,0.449597498,4,0.356569267,0.403780468,62,8,0,0,1,0.363345765,0.357218966,0.25,0.25,0.25,0.25,5.134105276,0.797477502
Lamp5 interneuron,Lamp5 Plch2 Dock5,CGE interneuron,866267921,0.003330763,0.361757783,0.833857794,24.8289535,0.522623777,0.618837669,2085.354675,-1579.206094,-1339.787353,1980.901964,662.3729371,70,0.492442924,2.740023588,941,0,0.519944525,0.480055475,0.031668655,0.498183859,0.875280676,0.464736418,42.35055677,0.039029891,0.016147905,0.889177871,0.207370763,0.26095392,7,0.18303391,0.218031716,81,7,0.005992245,0,0.994007755,0.482199507,0.590059922,0.428571429,0,0.142857143,0.428571429,3.936935041,0.201441229
Vip interneuron,Vip Ptprt Pkp2,CGE interneuron,730796336,0.003099743,0.187287559,0.764706712,14.60723873,0.147375703,0.354227845,-142.4767757,-43.87165009,-131.8652427,-114.2394611,-604.428814,11,0.277066352,0.588681954,57,0,0.057986871,0.942013129,0.038993404,0.475929978,0.893873085,0.777772871,2.692217642,0.005099783,0.068825284,0.844819073,0.102398671,0.311575539,9,0.19119988,0.242839823,56,2,0.07032967,0,0.92967033,0.140659341,0.5003663,0.5,0,0,0.5,2.013308315,0.222576426
Vip interneuron,Vip Chat Htr1f,CGE interneuron,887288382,0.002760761,0.064808844,0.821436481,8.670519893,0.439576984,0.568232556,-447.4587819,-158.0259218,-252.760137,-73.41863358,9.21481327,16,0.341856763,0.523715254,237,0,0.238912316,0.761087684,0.028619796,0.402210266,0.61829286,0.906917711,9.005074141,0.032215663,0.171427323,0.856507082,0.194437611,0.464391935,8,0.321159352,0.377476074,45,3,0.041031653,0,0.958968347,0.195779601,0.607854631,0.333333333,0,0.333333333,0.333333333,2.149152623,0.521693644
Pvalb interneuron,Pvalb Tpbg,MGE interneuron,679932490,0.002758896,0.144199878,0.889530215,23.95312879,0.415855621,0.516048297,1657.793137,-408.9189509,555.0897613,-283.0229688,267.4753655,28,0.381158584,0.919066097,633,0.008788415,0.011552067,0.979659518,0.016516513,0.368837055,0.144925934,0.069369956,26.36670204,0.016808157,0.184307241,0.875548844,0.176477546,0.420531589,5,0.311992762,0.35724161,39,7,0,0,1,0.424522846,0.518796992,0.285714286,0.142857143,0.285714286,0.285714286,2.363906522,0.432341295
Sncg interneuron,Sncg Vip Itih5,CGE interneuron,861765455,0.002673055,0.167511074,0.755746092,11.77656646,0.551931005,0.486007222,237.7413259,-333.097415,-260.5021693,46.31080822,-291.8881181,20,0.383423879,1.208856032,189,0,0.133838042,0.866161958,0.02540384,0.32472624,0.560091929,0.770860621,12.75542386,0.03996556,0.067969257,0.756334182,0.258531673,0.30793847,6,0.255708092,0.428188797,44,4,0.024567789,0,0.975432211,0.388535032,0.41355778,0.5,0,0,0.5,3.75774798,0.320154675
Sst interneuron,Sst Nr2f2 Necab1,MGE interneuron,683899155,0.002603471,0.119976626,0.81244711,24.05129555,0.283984736,0.512693501,-208.7145406,77.84252666,-278.4882528,-295.0740583,-348.4868771,19,0.332840035,0.531400207,107,0.362873623,0.028316728,0.608809649,0.025975483,0.411641321,0.293130572,0.39914983,5.820280464,0.073753764,0.093652488,0.801573873,0.384292762,0.205419629,9,0.277858115,0.403973845,42,2,0,0,1,0.45852187,0.560583208,0,0.5,0.5,0,3.120558258,0.51723964
Vip interneuron,Vip Crispld2 Kcne4,CGE interneuron,738043822,0.002525434,0.241296936,0.854966527,13.60539923,0.121812191,0.405516743,-94.55830678,-5.718276409,-47.74840517,-220.1172394,-566.9273896,13,0.346763554,0.470091267,81,0,0.205018939,0.794981061,0.017059032,0.402935606,0.789772727,0.915832276,3.176456508,0.052885802,0.047680665,0.818311125,0.173273386,0.276442703,6,0.249659834,0.316686787,53,3,0.025193798,0,0.974806202,0.439437984,0.632267442,0.666666667,0,0,0.333333333,2.897004323,0.178094836
Pvalb interneuron,Pvalb Sema3e Kank4,MGE interneuron,709153201,0.002418834,0.05144769,0.876526208,30.753401,0.44600041,0.313806105,-1280.876906,-163.5771895,1089.706438,714.9415181,-64.42833124,16,0.379054082,0.656573178,463,0,0.084735154,0.915264846,0,0.343791566,0.619748064,0.403847397,19.22416557,0.019763101,0.227229766,0.791027325,0.222561695,0.401418803,8,0.31953146,0.469219246,42,4,0.327069351,0,0.672930649,0.235794183,0.235346756,0,0.25,0.75,0,3.262524327,0.799828584
Sst interneuron,Sst Tac1 Htr1d,MGE interneuron,759970262,0.002342067,0.138057592,0.867578231,25.17471554,0.510689984,0.538017099,1657.281383,-351.8315713,529.2808576,4.653264988,195.6546056,29,0.467466418,1.034828915,455,0.395652174,0.00693302,0.597414806,0,0.469271445,0.09706228,0.436211475,24.07579864,0.01623285,0.046542221,0.838029142,0.2726595,0.321061519,6,0.196307749,0.233524465,51,5,0,0,1,0.479457364,0.337596899,0.2,0.2,0.2,0.4,3.477834089,0.405945519
Sst interneuron,Sst Crh 4930553C11Rik,MGE interneuron,740094065,0.00207931,0.017263623,0.852971739,5.897770083,0.518444557,0.240019463,-813.8660443,-56.10893538,432.2756039,163.2089422,-170.7804485,15,0.375744573,0.94343709,211,0.192522711,0.05695318,0.750524109,0,0.311146052,0.377707897,0.406324871,8.757988123,0.072656423,0.033162675,0.901849236,0.295475438,0.12211325,5,0.214870703,0.249342949,31,5,0,0,1,0.47968885,0.651685393,0.2,0.4,0.4,0,1.685702372,0.780564238
Sst Chodl interneuron,Sst Chodl,MGE interneuron,711528753,0.001767187,0.18281251,0.838789335,7.720865197,0.71305865,0.42376046,-1198.120415,-137.8871577,930.058302,544.088793,-127.9084902,21,0.428354635,0.782471906,383,0.04175093,0.124991846,0.833257225,0,0.475243003,0.494030922,0.799281781,20.56864142,0.13142643,0.093084043,0.871807807,0.381077664,0.228099689,6,0.281956037,0.348436862,33,3,0,0,1,0.352756892,0.193609023,0.333333333,0,0.333333333,0.333333333,2.175283849,0.874796038
Vip interneuron,Vip Rspo1 Itga4,CGE interneuron,658447323,0.001525686,0.222335977,0.784245522,29.55135265,0.239579874,0.494967523,-48.07488164,61.63957944,-56.04601878,-225.3535587,-496.9914397,16,0.358681291,0.506109903,87,0,0.572130572,0.427869428,0,0.40961741,0.642330642,0.658903266,4.204032978,0.02658531,0.143712955,0.764730788,0.227472463,0.169106584,8,0.175674518,0.31309623,65,3,0.03177458,0,0.96822542,0.371702638,0.008393285,0,0.333333333,0.333333333,0.333333333,2.287693036,0.203278582
Lamp5 interneuron,Lamp5 Lsp1,CGE interneuron,637846989,0.001216869,0.183666871,0.780099446,5.0756822,0.267511441,0.331093334,89.64575233,212.4500503,149.2896397,-303.8203535,-486.0138105,16,0.258941477,0.645239586,127,0,0.157894737,0.842105263,0,0.478221416,0.615245009,0.568412083,4.936559973,0.005417117,0.030835441,0.874537137,0.18402292,0.225020054,8,0.180434745,0.209699433,105,5,0.028595817,0,0.971404183,0.354673496,0.473751601,0.4,0,0.2,0.4,4.155062049,0.142611697
Lamp5 interneuron,Lamp5 Lsp1,CGE interneuron,716832846,0.000951169,0.058672438,0.852410647,9.057835767,0.489409044,0.465979579,-1043.483582,-154.6967277,540.7434077,174.5364754,306.7982467,14,0.318380918,0.643631518,225,0.022798578,0.172453462,0.804747961,0,0.498849613,0.748901903,0.421470399,15.19423169,0.007276424,0.029470711,0.91183699,0.194342581,0.208506614,6,0.236441864,0.252601198,71,5,0,0,1,0.44259171,0.646498333,0.4,0,0.2,0.4,3.608960244,0.691519749
Sst interneuron,Sst Rxfp1 Eya1,MGE interneuron,710743304,0.000871601,0.400371489,0.874586242,48.65754438,0.389467253,0.591047868,331.1491438,-954.7042449,-1462.795036,1175.344012,453.0096407,24,0.497403016,0.655595871,605,0.833368454,0,0.166631546,0,0.320777579,0.041354968,0.252283542,25.77419414,0.024389202,0.003873717,0.869498654,0.289867295,0.280135678,6,0.186307316,0.239433055,74,6,0,0.06122449,0.93877551,0.448650428,0.387425938,0.166666667,0.166666667,0.333333333,0.333333333,3.95489506,0.720448729
Pvalb interneuron,Pvalb Reln Itm2a,MGE interneuron,823830483,0.000853307,0.153962856,0.872489364,11.35858129,0.256683044,0.462882683,346.8228298,-638.7895958,-856.9348083,610.5751428,-112.7225677,17,0.321297173,0.556711099,441,0,0.081924802,0.918075198,0.014591981,0.366074508,0.639530873,0.049400365,16.88737602,0.029185265,0.054011888,0.828900968,0.228580124,0.264983793,8,0.193592654,0.327569402,60,6,0.003337505,0,0.996662495,0.38589904,0.353358365,0.333333333,0,0,0.666666667,3.288101877,0.359413857
Sst interneuron,Sst Nts,MGE interneuron,743041228,0.000706831,0.224602658,0.83043837,23.40352807,1.010649084,0.563019685,-894.63217,-112.740444,357.8958327,32.74939545,164.8715819,14,0.551117583,0.946082473,123,0.241718987,0.017644512,0.740636501,0.011342413,0.377462654,0.227646677,0.253891249,13.23232638,0.020221716,0.01086958,0.853641487,0.530199851,0.262718562,5,0.319051961,0.386665172,37,5,0,0,1,0.398273071,0.763086886,0.2,0.2,0.4,0.2,2.699487745,0.8530504
Vip interneuron,Vip Crispld2 Htr2c,CGE interneuron,829195312,0.000555529,0.287664884,0.848206767,22.41264293,0.290393617,0.662710248,134.9938043,-111.3608846,-370.2251425,17.63033962,-157.8739846,22,0.481301189,0.575744919,273,0.010206653,0.43813004,0.551663306,0.031356039,0.440020161,0.792590726,0.76025693,9.88294111,0.007897765,0.030616185,0.861570943,0.144072576,0.285540366,9,0.172395616,0.221367471,55,3,0,0,1,0.364029666,0.619901112,0.333333333,0,0.333333333,0.333333333,2.055931459,0.240780729
Pvalb interneuron,Pvalb Akr1c18 Ntf3,MGE interneuron,821563005,0.000214509,0.102159051,0.863410784,10.59125433,0.561425151,0.498366222,-1129.144884,-146.0354286,750.5972072,391.6624649,104.8594361,22,0.362590183,0.725405405,319,0,0.1601541,0.8398459,0.020312527,0.449917446,0.508989176,0.379024322,16.67067597,0.0293515,0.25469967,0.849743584,0.277237972,0.392624161,5,0.365237648,0.484185657,31,7,0.051865908,0,0.948134092,0.456672992,0.263124605,0.142857143,0.142857143,0.142857143,0.571428571,2.372600789,0.802370163
Sst interneuron,Sst Calb2 Pdlim5,MGE interneuron,718618263,0.000155713,0.099796089,0.793128272,33.76493054,0.464783042,0.629698004,689.7052673,353.8926861,193.7970756,7.54120182,-107.5299379,23,0.41924111,0.773583605,319,0.436560008,0.011809831,0.55163016,0.014638541,0.439790047,0.073079641,0.299630743,16.07615714,0.062221947,0.049704378,0.826620025,0.2101221,0.33549323,6,0.221659456,0.272273032,33,3,0,0,1,0.480161943,0.44048583,0.333333333,0,0.333333333,0.333333333,1.824031226,0.420136148
